index,collectionCode,packageId,granuleId,title,line1,line2,detailsLink,pdfLink,htmlLink,xmlLink,otherLink1,otherLink2,teaser,historical
1,GPO,GPO-CRECB-1972-pt28,,"Volume 118, Part 28 (October 16, 1972 to October 18, 1972)","118 Cong. Rec. (Bound) - Volume 118, Part 28 (October 16, 1972 to October 18, 1972)","Congressional Record (Bound Edition). Wednesday, October 18, 1972.",https://www.govinfo.gov/app/details/GPO-CRECB-1972-pt28,https://www.govinfo.gov/content/pkg/GPO-CRECB-1972-pt28/pdf/GPO-CRECB-1972-pt28.pdf,,,,,"18, 1972 (PAGES 36625 TO 37760) UNITED STATES GOVERNMENT PRINTING OFFICE, WASHINGTON, 1972 ' ' United States of America <iongr(ssional Record PROCEEDINGS AND DEBATES OF THE 92d CONGRESS, SECOND SESSION SE,NATE-Monday, October 16, 1972 The Senate met at 10 a.m. and was legislative calendar, under rule vm, be called to order by Hon. FRANK E. ...",
2,GPO,GPO-CRECB-1972-pt29,,"Volume 118, Part 29 (January 18, 1972 to October 18, 1972)","118 Cong. Rec. (Bound) - Volume 118, Part 29 (January 18, 1972 to October 18, 1972)","Congressional Record (Bound Edition). Wednesday, October 18, 1972.",https://www.govinfo.gov/app/details/GPO-CRECB-1972-pt29,https://www.govinfo.gov/content/pkg/GPO-CRECB-1972-pt29/pdf/GPO-CRECB-1972-pt29.pdf,,,,,"TO OCTOBER 18, 1972 UNITED STATES GOVERNMENT PRINTING OFFICE, WASHINGTON, 1972 'I NAMES AND POST-OFFICE ADDRESSES OJ!' MEMBERS OJ!' THE UNITED STATES SENATE IN TBlD SECOND SESSION OF THE NINETY -SECOND CONGRES SPIRO T. AGNEW, Vice President, Washington, D.C.; ALLEN J. ELLENDER/ President pro tempore, Houma, La. Name Home post offi.ce Name Home ...",
3,GPO,GPO-CRECB-1972-pt30,,"Volume 118, Part 30 (January 18, 1972 to October 18, 1972)","118 Cong. Rec. (Bound) - Volume 118, Part 30 (January 18, 1972 to October 18, 1972)","Congressional Record (Bound Edition). Wednesday, October 18, 1972.",https://www.govinfo.gov/app/details/GPO-CRECB-1972-pt30,https://www.govinfo.gov/content/pkg/GPO-CRECB-1972-pt30/pdf/GPO-CRECB-1972-pt30.pdf,,,,,"OFFICE, WASHINGTON, 1972 Daily Digest Tuesday, January 18, 1972 Senate Chamber Action Routine Proceedings, pages 3-4 Resolutions Submitted: Three resolutions were sub- mitted, as follows: S. Res. 222-224. Page 4 Procedural Resolutions Agreed To: The following three procedural resolutions were agreed to: Notification of President: S. Res. 222, ...",
4,GPO,GPO-CRECB-1972-pt27,,"Volume 118, Part 27 (October 12, 1972 to October 14, 1972)","118 Cong. Rec. (Bound) - Volume 118, Part 27 (October 12, 1972 to October 14, 1972)","Congressional Record (Bound Edition). Saturday, October 14, 1972.",https://www.govinfo.gov/app/details/GPO-CRECB-1972-pt27,https://www.govinfo.gov/content/pkg/GPO-CRECB-1972-pt27/pdf/GPO-CRECB-1972-pt27.pdf,,,,,"14, 1972 (PAGES 35219 TO 36624) UNITED STATES GOVERNMENT PRINTING OFFICE, WASHINGTON, 1972 United States of America ttongrcssional Record PROCEEDINGS AND DEBATES OF THE 92d CONGRESS, SECOND SESSION SENATE-Thursday, October 12, 1972 The Senate met at 8: 30 a.m. and was The ACTING PRESIDENT pro tem- called to order by Hon. PHILIP A. HART, a ...",
5,GPO,GPO-CRECB-1972-pt26,,"Volume 118, Part 26 (October 5, 1972 to October 11, 1972)","118 Cong. Rec. (Bound) - Volume 118, Part 26 (October 5, 1972 to October 11, 1972)","Congressional Record (Bound Edition). Wednesday, October 11, 1972.",https://www.govinfo.gov/app/details/GPO-CRECB-1972-pt26,https://www.govinfo.gov/content/pkg/GPO-CRECB-1972-pt26/pdf/GPO-CRECB-1972-pt26.pdf,,,,,"11,1972 (PAGES 33847 TO 35218) UNITED STATES GOVERNMENT PRINTING OFFICE, WASHINGTON, 1972 -- United States of America Q:ongrcssional Record PROCEEDINGS AND DEBATES OF THE 92d CONGRESS, SECOND SESSION SENATE-Thursday, October 5, 1972 <Legislative day of Wednesday, October 4, 1972) The Senate met at 8: 30 a.m., upon the expiration of the recess...",
6,GPO,GPO-CRECB-1972-pt25,,"Volume 118, Part 25 (September 27, 1972 to October 4, 1972)","118 Cong. Rec. (Bound) - Volume 118, Part 25 (September 27, 1972 to October 4, 1972)","Congressional Record (Bound Edition). Wednesday, October 4, 1972.",https://www.govinfo.gov/app/details/GPO-CRECB-1972-pt25,https://www.govinfo.gov/content/pkg/GPO-CRECB-1972-pt25/pdf/GPO-CRECB-1972-pt25.pdf,,,,,"32405 TO 33846) UNITED STATES GOVERNMENT PRINTING OFFICE, WASHINGTON, 1972 United States of America Q:ongrrssionat (Record PROCEEDINGS AND DEBATES OF THE 92d CONGRESS, SECOND SESSION SENATE-Wednesday, September 27, 1972 The Senate met at 9 a.m. and was called to order by Hon. JOHN SPARKMAN, a Senator from the State of Alabama. PRAYER The Reverend...",
7,GPO,GPO-CRECB-1972-pt24,,"Volume 118, Part 24 (September 18, 1972 to September 26, 1972)","118 Cong. Rec. (Bound) - Volume 118, Part 24 (September 18, 1972 to September 26, 1972)","Congressional Record (Bound Edition). Tuesday, September 26, 1972.",https://www.govinfo.gov/app/details/GPO-CRECB-1972-pt24,https://www.govinfo.gov/content/pkg/GPO-CRECB-1972-pt24/pdf/GPO-CRECB-1972-pt24.pdf,,,,,"18, 1972 The House met at 12 o'clock noon. The Chaplain, Rev. Edward G. Latch, D.D., offered the following prayer: I turn my face to the Lord God, seek- ing Him by prayer and supplications with fasting.-Daniel 9: 3. Eternal God, our rock of refuge in every age and our strength for the pres- ent hour, we come before Thee realizing that we have ...",
8,GPO,GPO-CRECB-1972-pt23,,"Volume 118, Part 23 (September 7, 1972 to September 15, 1972)","118 Cong. Rec. (Bound) - Volume 118, Part 23 (September 7, 1972 to September 15, 1972)","Congressional Record (Bound Edition). Friday, September 15, 1972.",https://www.govinfo.gov/app/details/GPO-CRECB-1972-pt23,https://www.govinfo.gov/content/pkg/GPO-CRECB-1972-pt23/pdf/GPO-CRECB-1972-pt23.pdf,,,,,"SEPTEMBER 15, 1972 (PAGES 29651 TO 30948) UNITED STATES GOVERNMENT PRINTING OFFICE, WASHINGTON, 1972 United States of America Q:ongrtssional Rtcord PROCEEDINGS AND DEBATES OF THE 92d CONGRESS, SECOND SESSION HOUSE OF REPRESENTATIVES-Thursday, September 7, 1972 The House met at 12 o'clock noon. Msgr. Thomas Cawley, V .F., LL.D., Vis- itation Parish,...",
9,GPO,GPO-CRECB-1972-pt22,,"Volume 118, Part 22 (August 15, 1972 to September 6, 1972)","118 Cong. Rec. (Bound) - Volume 118, Part 22 (August 15, 1972 to September 6, 1972)","Congressional Record (Bound Edition). Wednesday, September 6, 1972.",https://www.govinfo.gov/app/details/GPO-CRECB-1972-pt22,https://www.govinfo.gov/content/pkg/GPO-CRECB-1972-pt22/pdf/GPO-CRECB-1972-pt22.pdf,,,,,"6, 1972 (PAGES 28161 TO 29650) UNITED STATES GOVERNMENT PRINTING OFFICE, WASHINGTON. 1972 United States of America «!ongrcssional Rccor PROCEEDINGS AND DEBATES OF THE 92d CONGRESS, SECOND SESSION SENATE.-Tuesday, August 15, 1972 The Senate met at 9: 15 a.m. and was called to order by the President pro tempore (Mr. EASTLAND). PRAYER The ...",
10,GPO,GPO-CRECB-1972-pt21,,"Volume 118, Part 21 (August 4, 1972 to August 14, 1972)","118 Cong. Rec. (Bound) - Volume 118, Part 21 (August 4, 1972 to August 14, 1972)","Congressional Record (Bound Edition). Monday, August 14, 1972.",https://www.govinfo.gov/app/details/GPO-CRECB-1972-pt21,https://www.govinfo.gov/content/pkg/GPO-CRECB-1972-pt21/pdf/GPO-CRECB-1972-pt21.pdf,,,,,"TO AUGUST 14, 1972 ~~- (PAGES 26795 TO 28160) ~'c'- LA ,v ~~ Cd 0\ . . L I B RA R Y ~·. J '/ ~ UNITED STATES GOVERNMENT PRINTING OFFICE, WASHINGTON, 1972 1 United States of America <Longr£ssional Rcc·ord PROCEEDINGS AND DEBATES OF THE 92d CONGRESS, SEGOND SESSION SENATE-Friday, August 4, 1972 The Senate met at 8:45 a.m. and was called to order by ...",
11,GPO,GPO-CRECB-1972-pt20,,"Volume 118, Part 20 (July 26, 1972 to August 3, 1972)","118 Cong. Rec. (Bound) - Volume 118, Part 20 (July 26, 1972 to August 3, 1972)","Congressional Record (Bound Edition). Thursday, August 3, 1972.",https://www.govinfo.gov/app/details/GPO-CRECB-1972-pt20,https://www.govinfo.gov/content/pkg/GPO-CRECB-1972-pt20/pdf/GPO-CRECB-1972-pt20.pdf,,,,,"3, 1972 (PAGES 25347 TO 26794) UNITED STATES GOVERNMENT PRINTING OFFICE, WASHINGTON, 1972 United States of America Q:ongrcssional1Rccord PROCEEDINGS AND DEBATES OF THE 92d CONGRESS, 'SECOND SESSION SENATE-Wednesday, July 26, 1972 The Senate met at 10 a.m. and was called to order by Hon. LOWELL P. WEICK- ER, Jr., a Senator from the State of ...",
12,GPO,GPO-CRECB-1972-pt19,,"Volume 118, Part 19 (July 17, 1972 to July 25, 1972)","118 Cong. Rec. (Bound) - Volume 118, Part 19 (July 17, 1972 to July 25, 1972)","Congressional Record (Bound Edition). Tuesday, July 25, 1972.",https://www.govinfo.gov/app/details/GPO-CRECB-1972-pt19,https://www.govinfo.gov/content/pkg/GPO-CRECB-1972-pt19/pdf/GPO-CRECB-1972-pt19.pdf,,,,,"25, 1972 (PAGES 23915 TO 25346) UNITED STATES GOVERNMENT PRINTING OFFICE, WASHINGTON,_ 1972 United States of America (Longrcssional Record PROCEEDINGS AND DEBATES OF THE 92d CONGRESS, SECOND SESSION SENATE-Monday, July 17, 1972 The Senate met at 12 noon and was called to order by Hon. JAMES B. ALLEN, a Senator from the State of Alabama. PRAYER The...",
13,GPO,GPO-CRECB-1972-pt18,,"Volume 118, Part 18 (June 27, 1972 to June 30, 1972)","118 Cong. Rec. (Bound) - Volume 118, Part 18 (June 27, 1972 to June 30, 1972)","Congressional Record (Bound Edition). Friday, June 30, 1972.",https://www.govinfo.gov/app/details/GPO-CRECB-1972-pt18,https://www.govinfo.gov/content/pkg/GPO-CRECB-1972-pt18/pdf/GPO-CRECB-1972-pt18.pdf,,,,,", 1972 (PAGES 22507 TO 23914) UNITED STATES GOVERNMENT PRINTING OFFICE, WASHINGTON, 1972 United States of America <rongrrssional Record PROCEE~INGS AND DEBATES OF THE 92d CONGRESS, SECOND SESSION HOUSE OF REPRESENTATIVES-Tuesday, June 27, 1972 The House met at 11 o'clock a.m. Rev. Lowell S. Garland, the United Methodist Church, La Vale, Md., ...",
14,GPO,GPO-CRECB-1972-pt17,,"Volume 118, Part 17 (June 16, 1972 to June 26, 1972)","118 Cong. Rec. (Bound) - Volume 118, Part 17 (June 16, 1972 to June 26, 1972)","Congressional Record (Bound Edition). Monday, June 26, 1972.",https://www.govinfo.gov/app/details/GPO-CRECB-1972-pt17,https://www.govinfo.gov/content/pkg/GPO-CRECB-1972-pt17/pdf/GPO-CRECB-1972-pt17.pdf,,,,,", 1972 (PAGES 21231 TO 22506) UNITED STATES GOVERNMENT PRINTING OFFICE, WASHINGTON, 1972 . :r· a United States of America <rongrcssional Record PROCEEDINGS AND DEBATES OF THE 92,d GONGRESS, SEGOND SESSION SENATE-Friday, June 16, 1972 The Senate met at 10 a.m. and was called to order by Hon. JAMES B. ALLEN, a Senator from the State of Alabama. ...",
15,GPO,GPO-CRECB-1972-pt16,,"Volume 118, Part 16 (June 7, 1972 to June 15, 1972)","118 Cong. Rec. (Bound) - Volume 118, Part 16 (June 7, 1972 to June 15, 1972)","Congressional Record (Bound Edition). Thursday, June 15, 1972.",https://www.govinfo.gov/app/details/GPO-CRECB-1972-pt16,https://www.govinfo.gov/content/pkg/GPO-CRECB-1972-pt16/pdf/GPO-CRECB-1972-pt16.pdf,,,,,", 1972 (PAGES 19899 TO 21230) ~ . ... - • ~ I UNITED STATES GOVERNMENT PRINTING OFFICE, WASHINGTON, 1972 United States of America Q:ongr(ssional R(rord PROCEEDINGS AND DEBATES OF THE 92d CONGRESS, SECOND SESSION HOUSE OF REPRESENTATIVES-Wednesday, June 7, 1972 The House met at 12 o'clock noon. Rev. Floyd H. Gayles, pastor, St. James Baptist Church,...",
16,GPO,GPO-CRECB-1972-pt15,,"Volume 118, Part 15 (May 24, 1972 to June 6, 1972)","118 Cong. Rec. (Bound) - Volume 118, Part 15 (May 24, 1972 to June 6, 1972)","Congressional Record (Bound Edition). Tuesday, June 6, 1972.",https://www.govinfo.gov/app/details/GPO-CRECB-1972-pt15,https://www.govinfo.gov/content/pkg/GPO-CRECB-1972-pt15/pdf/GPO-CRECB-1972-pt15.pdf,,,,,"6, 1972 (PAGES 18653 TO 19898) UNITED STATES GOVERNMENT PRINTING OFFICE, WASHINGTON, 1972 United States of America <iongrcssional Record PROCEEDINGS AND DEBATES OF THE 92d CONGRESS, SECOND SESSION HOUSE OF REPRESENTATIVES-Wednesday, May 24, 1972 .I. NOTICE On May 16, 1972, you were advised by the Joint Committee on Print- ing that the law requires...",
17,GPO,GPO-CRECB-1972-pt14,,"Volume 118, Part 14 (May 15, 1972 to May 23, 1972)","118 Cong. Rec. (Bound) - Volume 118, Part 14 (May 15, 1972 to May 23, 1972)","Congressional Record (Bound Edition). Tuesday, May 23, 1972.",https://www.govinfo.gov/app/details/GPO-CRECB-1972-pt14,https://www.govinfo.gov/content/pkg/GPO-CRECB-1972-pt14/pdf/GPO-CRECB-1972-pt14.pdf,,,,,"23, 1972 (PAGES 17205 TO 18652) UNITED STATES GOVERNMENT PRINTING OFFICE, WASHINGTON, 1972 - J ' I United States of America <!ongrcssional Record PROCEEDINGS AND DEBATES OF THE 92d CONGRESS, SECOND SESSION SENATE-Monday, May 15, 1972 The Senate met at 12 noon and was called to order by Hon. ADLAI E. STEVEN- SON ill, a Senator from the State of ...",
18,GPO,GPO-CRECB-1972-pt13,,"Volume 118, Part 13 (May 4, 1972 to May 11, 1972)","118 Cong. Rec. (Bound) - Volume 118, Part 13 (May 4, 1972 to May 11, 1972)","Congressional Record (Bound Edition). Thursday, May 11, 1972.",https://www.govinfo.gov/app/details/GPO-CRECB-1972-pt13,https://www.govinfo.gov/content/pkg/GPO-CRECB-1972-pt13/pdf/GPO-CRECB-1972-pt13.pdf,,,,,", 1972 (PAGES 15777 TO 17204) UNITED STATES GOVERNMENT PRINTING OFFICE, WASHINGTON, 1972 United States of America <tongrcssional Record PROCEEDINGS AND DEBATES OF THE 92d CON.GRESS, SECOND SESSION HOUSE OF REPRESE,N·TATIVE.S-Thursday, May 4, 1972 The House met at 12 o'clock noon. Bishop George B. White, Apostolic Faith Holiness Church, Washington,...",
19,GPO,GPO-CRECB-1972-pt12,,"Volume 118, Part 12 (April 27, 1972 to May 3, 1972)","118 Cong. Rec. (Bound) - Volume 118, Part 12 (April 27, 1972 to May 3, 1972)","Congressional Record (Bound Edition). Wednesday, May 3, 1972.",https://www.govinfo.gov/app/details/GPO-CRECB-1972-pt12,https://www.govinfo.gov/content/pkg/GPO-CRECB-1972-pt12/pdf/GPO-CRECB-1972-pt12.pdf,,,,,"3, 1972 (PAGES 14557 TO 15776) UNITED STATES GOVERNMENT PRINTING OFFICE, WASHINGTON, 1972 • United States of America <iongrcssional .Record PROCEEDINGS AND DEBATES OF THE 92d CONGRESS, SECOND SESSION HOUSE OF REPR.ESE,N·TA.TIVES-Thursday, April 27, 1972 The House met at 11 o'clock a.m. The Rev. Grace Free, Unity Church, Hammond, Ind., offered the...",
20,GPO,GPO-CRECB-1972-pt11,,"Volume 118, Part 11 (April 19, 1972 to April 26, 1972)","118 Cong. Rec. (Bound) - Volume 118, Part 11 (April 19, 1972 to April 26, 1972)","Congressional Record (Bound Edition). Wednesday, April 26, 1972.",https://www.govinfo.gov/app/details/GPO-CRECB-1972-pt11,https://www.govinfo.gov/content/pkg/GPO-CRECB-1972-pt11/pdf/GPO-CRECB-1972-pt11.pdf,,,,,"26, 1972 (PAGES 13301 TO 14556) UNITED STATES GOVERNMENT PRINTING OFFICE, WASHINGTON, 1972 United States of America <iongrcssional Record PROCEEDINGS .AND DEBATES OF THE 92d CONGRESS, SECOND SESSION SENATE- Wednesday, April19, 1972 The Senate met at 9 a.m. and was called to order by Hon. ERNEST F. HOL- LINGS, a Senator from the State of South ...",
21,GPO,GPO-CRECB-1972-pt10,,"Volume 118, Part 10 (April 11, 1972 to April 18, 1972)","118 Cong. Rec. (Bound) - Volume 118, Part 10 (April 11, 1972 to April 18, 1972)","Congressional Record (Bound Edition). Tuesday, April 18, 1972.",https://www.govinfo.gov/app/details/GPO-CRECB-1972-pt10,https://www.govinfo.gov/content/pkg/GPO-CRECB-1972-pt10/pdf/GPO-CRECB-1972-pt10.pdf,,,,,"APRIL 18, 1972 (PAGES 12011 TO 13300) UNITED STATES GOVERNMENT PRINTING OFFICE, WASHINGTON, 1972 United States of America <iongrrssional Rrcord PROCEEDINGS AND DEBATES OF THE 92d CONGRESS, SECOND SESSION SENATE-Tuesday, April 11, 1972 The Senate met at 12 o'clock meridian and was called to order by Hon. ADLAI E. STEVENSON ID, a Senator from the ...",
22,GPO,GPO-CRECB-1972-pt9,,"Volume 118, Part 9 (March 29, 1972 to April 10, 1972)","118 Cong. Rec. (Bound) - Volume 118, Part 9 (March 29, 1972 to April 10, 1972)","Congressional Record (Bound Edition). Monday, April 10, 1972.",https://www.govinfo.gov/app/details/GPO-CRECB-1972-pt9,https://www.govinfo.gov/content/pkg/GPO-CRECB-1972-pt9/pdf/GPO-CRECB-1972-pt9.pdf,,,,,"10, 1972 (PAGES 10747 TO 12010) UNITED STATES GOVERNMENT PRINTING OFFICE, WASHINGTON, 1972 United States of America <iongrrssional Rrcord PROCEEDINGS AND DEBATES OF THE 92d GONGRESS, SECOND SESSION HOUSE OF REPRE~SENTATIVE.S-Wednesday, March29, 1972 The House met at 10 o'clock a.m. Jack P. Lowndes, president, Home Mis- sion Board, Southern Baptist ...",
23,GPO,GPO-CRECB-1972-pt8,,"Volume 118, Part 8 (March 22, 1972 to March 28, 1972)","118 Cong. Rec. (Bound) - Volume 118, Part 8 (March 22, 1972 to March 28, 1972)","Congressional Record (Bound Edition). Tuesday, March 28, 1972.",https://www.govinfo.gov/app/details/GPO-CRECB-1972-pt8,https://www.govinfo.gov/content/pkg/GPO-CRECB-1972-pt8/pdf/GPO-CRECB-1972-pt8.pdf,,,,,"met at 9:30a.m., and was called to order by Hon. JAliiES B. ALLEN, a Senator from the State of Alabama. PRAYER The Reverend Andrew L. Johnson, Tuskegee Institute, Tuskegee, Ala., of- fered the following prayer: 0 Thou Master of space, time, and eternity, we pray Thy blessings upon this session of our Nation's highest legislative body. We thank ...",
24,GPO,GPO-CRECB-1972-pt7,,"Volume 118, Part 7 (March 13, 1972 to March 21, 1972)","118 Cong. Rec. (Bound) - Volume 118, Part 7 (March 13, 1972 to March 21, 1972)","Congressional Record (Bound Edition). Tuesday, March 21, 1972.",https://www.govinfo.gov/app/details/GPO-CRECB-1972-pt7,https://www.govinfo.gov/content/pkg/GPO-CRECB-1972-pt7/pdf/GPO-CRECB-1972-pt7.pdf,,,,,"21, 1972 (PAGES 7961 TO 9418) UNITED STATES GOVERNMENT PRINTING OFFICE, WASHINGTON, 1972 United States of America <iongrcssional (JRccord PROCEEDINGS AND DEBATES OF THE 92d CONGRESS, SECOND SESSION SENATE-Monday, March 13, 1972 The Senate met at 12 o'clock meridian and was called to order by Hon. DAVID H. GAMBRELL, a Senator from the State of ...",
25,GPO,GPO-CRECB-1972-pt6,,"Volume 118, Part 6 (March 2, 1972 to March 9, 1972)","118 Cong. Rec. (Bound) - Volume 118, Part 6 (March 2, 1972 to March 9, 1972)","Congressional Record (Bound Edition). Thursday, March 9, 1972.",https://www.govinfo.gov/app/details/GPO-CRECB-1972-pt6,https://www.govinfo.gov/content/pkg/GPO-CRECB-1972-pt6/pdf/GPO-CRECB-1972-pt6.pdf,,,,,"9, 1972 (PAGES 6497 TO 7960) UNITED STATES GOVERNMENT PRINTING OFFICE, WASHINGTON, 1972 United States of America <rongrcssional Record PROCEEDINGS AND DEBATES OF THE 92d CONGRESS, SECOND SESSION SENATE-Thursday, March 2, 1972 The Senate met at 9 :45 a.m. and was called to order by Hon. DAVID H. OAK· BRELL, a Senator from the State of Georgia. ...",
26,GPO,GPO-CRECB-1972-pt5,,"Volume 118, Part 5 (February 23, 1972 to March 1, 1972)","118 Cong. Rec. (Bound) - Volume 118, Part 5 (February 23, 1972 to March 1, 1972)","Congressional Record (Bound Edition). Wednesday, March 1, 1972.",https://www.govinfo.gov/app/details/GPO-CRECB-1972-pt5,https://www.govinfo.gov/content/pkg/GPO-CRECB-1972-pt5/pdf/GPO-CRECB-1972-pt5.pdf,,,,,"MARCH 1, 1972 (PAGES 5111 TO 6496) UNITED STATES GOVERNMENT PRINTING OFFICE, WASHINGTON, 1972 United States of America <tongrcssional Record PROCEEDINGS AND DEBATES OF THE 92d CONGRESS, SECOND SESSION SENATE-Wednesday, February 23, 1972 The Senate met at 10 a.m. and was called to order by Hon. ROBERT C. BYRD, a Senator from the State of West Vir- ...",
27,GPO,GPO-CRECB-1972-pt4,,"Volume 118, Part 4 (February 15, 1972 to February 22, 1972)","118 Cong. Rec. (Bound) - Volume 118, Part 4 (February 15, 1972 to February 22, 1972)","Congressional Record (Bound Edition). Tuesday, February 22, 1972.",https://www.govinfo.gov/app/details/GPO-CRECB-1972-pt4,https://www.govinfo.gov/content/pkg/GPO-CRECB-1972-pt4/pdf/GPO-CRECB-1972-pt4.pdf,,,,,"22, 1972 (PAGES 3839 TO 5t110) UNITED STATES GOVERNMENT PRINTING OFFICE, WASHINGTON, 1972 United States of America <rongrcssional1Rccord PROCEEDINGS AND DEBATES OF THE 92d CONGRESS, SECOND SESSION SENATE-Tuesday, February 15, 1972 The Senate met at 11 a.m. and was called. to order by Hon. JAMES B. ALLEN, a Senator from the State of Alabama. ...",
28,GPO,GPO-CRECB-1972-pt3,,"Volume 118, Part 3 (February 3, 1972 to February 14, 1972)","118 Cong. Rec. (Bound) - Volume 118, Part 3 (February 3, 1972 to February 14, 1972)","Congressional Record (Bound Edition). Monday, February 14, 1972.",https://www.govinfo.gov/app/details/GPO-CRECB-1972-pt3,https://www.govinfo.gov/content/pkg/GPO-CRECB-1972-pt3/pdf/GPO-CRECB-1972-pt3.pdf,,,,,"FEBRUARY 14, 1972 (PAGES 2447 TO 3838) UNITED STATES GOVERNMENT PRINTING OFFICE, WASHINGTON, 1972 United States of America tongrcssional 1Rccord PROCEEDINGS AND DEBATES OF THE 92d CONGRESS, SECOND SESSION SENATE-Thursday, February 3, 1972 The Senate met at 10:30 a.m. and was called to order by Hon. DAVID H. GAM- BRELL, a Senator from the State of ...",
29,GPO,GPO-CRECB-1972-pt2,,"Volume 118, Part 2 (January 26, 1972 to February 2, 1972)","118 Cong. Rec. (Bound) - Volume 118, Part 2 (January 26, 1972 to February 2, 1972)","Congressional Record (Bound Edition). Wednesday, February 2, 1972.",https://www.govinfo.gov/app/details/GPO-CRECB-1972-pt2,https://www.govinfo.gov/content/pkg/GPO-CRECB-1972-pt2/pdf/GPO-CRECB-1972-pt2.pdf,,,,,"PRINTING OFFICE, WASHINGTON, 1972 United States of America Q:ongrrssional 1Rrrord PROCEEDINGS AND DEBATES OF THE 92d CONGRESS, SECOND SESSION HOUSE OF REPRESENTATIVES-Wednesday, January 26, 1972 The House met at 12 o'clock noon. Bishop Basil H. Losten, Immaculate Conception Ukrainian Catholic Cathe- dral, Philadelphia, Pa., offered the fol- ...",
30,GPO,GPO-CRECB-1972-pt1,,"Volume 118, Part 1 (January 18, 1972 to January 25, 1972)","118 Cong. Rec. (Bound) - Volume 118, Part 1 (January 18, 1972 to January 25, 1972)","Congressional Record (Bound Edition). Tuesday, January 25, 1972.",https://www.govinfo.gov/app/details/GPO-CRECB-1972-pt1,https://www.govinfo.gov/content/pkg/GPO-CRECB-1972-pt1/pdf/GPO-CRECB-1972-pt1.pdf,,,,,"25, 1972 (PAGES 3 TO 1240) UNITED STATES GOVERNMENT PRINTING OFFICE, WASHINGTON, 1972 United States of America Q:ongrrssional Rrrord PROCEEDINGS AND DEBATES OF THE 92d CONGRESS, SECOND SESSION SENATE-Tuesday, January 18, 1972 The 18th day of January being the day prescribed by Public Law 92-217, 92d Congress, first session, for the meeting ...",
31,GPO,GPO-CRECB-1971-pt36,,"Volume 117, Part 36 (December 13, 1971 to December 17, 1971)","117 Cong. Rec. (Bound) - Volume 117, Part 36 (December 13, 1971 to December 17, 1971)","Congressional Record (Bound Edition). Friday, December 17, 1971.",https://www.govinfo.gov/app/details/GPO-CRECB-1971-pt36,https://www.govinfo.gov/content/pkg/GPO-CRECB-1971-pt36/pdf/GPO-CRECB-1971-pt36.pdf,,,,,"DECEMBER 17, 1971 (PAGES 46529 TO 47957) UNITED STATES GOVERNMENT PRINTING OFFICE, WASHIN.GTON, 1971 United States of America <rongrrssional Rrcord PROCEEDINGS AND DEBATES OF THE 92d CONGRESS, FIRST SESSION HOUSE OF REPRESENTATIVES-1lfonday, December 13, 1971 The House met at 12 o'clock noon. The Chaplain, the Reverend Edward G. Latch, D.D., ...",
32,GPO,GPO-CRECB-1971-pt37,,"Volume 117, Part 37 (January 21, 1971 to December 17, 1971)","117 Cong. Rec. (Bound) - Volume 117, Part 37 (January 21, 1971 to December 17, 1971)","Congressional Record (Bound Edition). Friday, December 17, 1971.",https://www.govinfo.gov/app/details/GPO-CRECB-1971-pt37,https://www.govinfo.gov/content/pkg/GPO-CRECB-1971-pt37/pdf/GPO-CRECB-1971-pt37.pdf,,,,,"21, 1971, TO DECEMBER 17, 1971 UNITED STATES GOVERNMENT PRINTING OFFICE, WASHINGTON, 1971 NA~IES AND POST-OFFICE ADDRESSES OF MEMBERS OF THE - r UNITED STATES SENATE. · IN THE FIRST SESSION OF THE NINETY -SECOND CONGRESS .., . . ~ SPIRO T. AGNEW, Vice President, Washington, D.C.; ALLEN J. ELLENDER, President pro tempore, Houma, La. Name Home post ...",
33,GPO,GPO-CRECB-1971-pt38,,"Volume 117, Part 38 (January 21, 1971 to December 17, 1971)","117 Cong. Rec. (Bound) - Volume 117, Part 38 (January 21, 1971 to December 17, 1971)","Congressional Record (Bound Edition). Friday, December 17, 1971.",https://www.govinfo.gov/app/details/GPO-CRECB-1971-pt38,https://www.govinfo.gov/content/pkg/GPO-CRECB-1971-pt38/pdf/GPO-CRECB-1971-pt38.pdf,,,,,"OFFICE, WASHINGTON, 1971 Daily Digest Thursday, January 21, 1971 Senate Chamber Action Routine Proceedings, pages 3-9 Resolutions Introduced: Three resolutions were intro- duced as follows: S. Res. 1-3. 1Page 7 Procedural Resolutions Adopted: Senate adopted the following three procedural resolutions: Notification of President of quorum ...",
34,GPO,GPO-CRECB-1971-pt35,,"Volume 117, Part 35 (December 8, 1971 to December 11, 1971)","117 Cong. Rec. (Bound) - Volume 117, Part 35 (December 8, 1971 to December 11, 1971)","Congressional Record (Bound Edition). Saturday, December 11, 1971.",https://www.govinfo.gov/app/details/GPO-CRECB-1971-pt35,https://www.govinfo.gov/content/pkg/GPO-CRECB-1971-pt35/pdf/GPO-CRECB-1971-pt35.pdf,,,,,"11, 1971 (PAGES 45313 TO 46528) UNITED STATES GOVERNMENT PRINTING OFFICE, WASHINGTON, 1971 United States of America <iongrcssional Record PROCEEDINGS AND DEBATES OF THE 9 2 d CONGRESS, FIRST SESSION SENATE~Wednesday, December 8, 1971 The Senate met at 9 a.m. and was called to order by the President pro tem- pore (Mr. ELLENDER). PRAYER The ...",
35,GPO,GPO-CRECB-1971-pt34,,"Volume 117, Part 34 (December 2, 1971 to December 7, 1971)","117 Cong. Rec. (Bound) - Volume 117, Part 34 (December 2, 1971 to December 7, 1971)","Congressional Record (Bound Edition). Tuesday, December 7, 1971.",https://www.govinfo.gov/app/details/GPO-CRECB-1971-pt34,https://www.govinfo.gov/content/pkg/GPO-CRECB-1971-pt34/pdf/GPO-CRECB-1971-pt34.pdf,,,,,"7, 1971 (PAGES 43951 TO 45312) UNITED STATES GOVERNMENT PRINTING OFFICE, WASHINGTON, 1971 '· ' United States of America Q:ongrcssional Record PROCEEDINGS AND DEBATES OF THE 9 2d CONGRESS, FIRST SESSION SENATE-Thursday, December 2, 1971 (Legislative day of Monday, November 29, 1971) The Senate met at 8:45 a.m., on the expiration of the recess...",
36,GPO,GPO-CRECB-1971-pt33,,"Volume 117, Part 33 (November 22, 1971 to December 1, 1971)","117 Cong. Rec. (Bound) - Volume 117, Part 33 (November 22, 1971 to December 1, 1971)","Congressional Record (Bound Edition). Wednesday, December 1, 1971.",https://www.govinfo.gov/app/details/GPO-CRECB-1971-pt33,https://www.govinfo.gov/content/pkg/GPO-CRECB-1971-pt33/pdf/GPO-CRECB-1971-pt33.pdf,,,,,"DECEMBER 1, 1971 (PAGES 42575 TO 43950) UNITED STATES GOVERNMENT PRINTING OFFICE, WASHINGTON, 1971 United States of America <iongr(ssional R(cord PROCEEDINGS AND DEBATES OF THE 9 2d CONGRESS, FIRST SESSION SENAT'E-Monday, November 22, 1971 The Senate met at 9 a.m. and was called to order by the President pro tern- pore (Mr. ELLENDER). PRAYER The ...",
37,GPO,GPO-CRECB-1971-pt32,,"Volume 117, Part 32 (November 16, 1971 to November 20, 1971)","117 Cong. Rec. (Bound) - Volume 117, Part 32 (November 16, 1971 to November 20, 1971)","Congressional Record (Bound Edition). Saturday, November 20, 1971.",https://www.govinfo.gov/app/details/GPO-CRECB-1971-pt32,https://www.govinfo.gov/content/pkg/GPO-CRECB-1971-pt32/pdf/GPO-CRECB-1971-pt32.pdf,,,,,"20, 1971 (PAGES 41377 TO 42574) UNITED STATES GOVERNMENT PRINTING OFFICE, WASHINGTON, 1971 United States of America <tongrcssional Record PROCEEDINGS AND DEBATES OF THE 92d CONGRESS, FIRST SESSION SENATE-Tuesday, November 16, 1971 The Senate met at 9 a.m. and was called to order by the President protem- pore (Mr. ELLENDER). PRAYER The ...",
38,GPO,GPO-CRECB-1971-pt31,,"Volume 117, Part 31 (November 9, 1971 to November 15, 1971)","117 Cong. Rec. (Bound) - Volume 117, Part 31 (November 9, 1971 to November 15, 1971)","Congressional Record (Bound Edition). Monday, November 15, 1971.",https://www.govinfo.gov/app/details/GPO-CRECB-1971-pt31,https://www.govinfo.gov/content/pkg/GPO-CRECB-1971-pt31/pdf/GPO-CRECB-1971-pt31.pdf,,,,,"NOVEMBER 15, 19~1 (PAGES 40015 TO 41376) UNITED STATES GOVERNMENT PRINTING OFFICE, WASHINGTON, 1971 : .. ' \ ; , , ' ., . I United States of America <rongrrssional Record PROCEEDINGS AND DEBATES OF THE 9 2 d CONGRESS, FIRST SESSION HOUSE OF REPRESENTATIVES-Tuesday, November 9, 1971 The House met at 12 o'clock noon. Rev. Sears F. Riepma, retired, ...",
39,GPO,GPO-CRECB-1971-pt30,,"Volume 117, Part 30 (November 2, 1971 to November 8, 1971)","117 Cong. Rec. (Bound) - Volume 117, Part 30 (November 2, 1971 to November 8, 1971)","Congressional Record (Bound Edition). Monday, November 8, 1971.",https://www.govinfo.gov/app/details/GPO-CRECB-1971-pt30,https://www.govinfo.gov/content/pkg/GPO-CRECB-1971-pt30/pdf/GPO-CRECB-1971-pt30.pdf,,,,,"8, 1971 (PAGES 38679 TO 401114) UNITED STATES GOVERNMENT PRINTING OFFICE, WASHINGTON, 1971 United States of America (tongrcssional Record PROCEEDINGS AND DEBATES OF THE 92d CONGRESS, FIRST SESSION HOUSE OF REPRESENTATIVES-Tuesday, November 2, 1971 The House met at 12 o'clock noon. Rev. William E. Smith, Th. D., D.D., senior minister, North ...",
40,GPO,GPO-CRECB-1971-pt29,,"Volume 117, Part 29 (October 26, 1971 to November 1, 1971)","117 Cong. Rec. (Bound) - Volume 117, Part 29 (October 26, 1971 to November 1, 1971)","Congressional Record (Bound Edition). Monday, November 1, 1971.",https://www.govinfo.gov/app/details/GPO-CRECB-1971-pt29,https://www.govinfo.gov/content/pkg/GPO-CRECB-1971-pt29/pdf/GPO-CRECB-1971-pt29.pdf,,,,,"1, 1971 (PAGES 37451 TO 38678) UNITED STATES GOVERNMENT PRINTING OFFICE, WASHINGTON, 1971 United States of America <rongrcssionat1Rccord PROCEEDINGS AND DEBATES OF THE 9 2d CONGRESS, FIRST SESSION HOUSE OF REPRESENTATIVES-Tuesday, October 26, J!J71 The House met at 12 o'clock noon. Dr. John Milton Sayre, First United Methodist Church, ...",
41,GPO,GPO-CRECB-1971-pt28,,"Volume 117, Part 28 (October 14, 1971 to October 21, 1971)","117 Cong. Rec. (Bound) - Volume 117, Part 28 (October 14, 1971 to October 21, 1971)","Congressional Record (Bound Edition). Thursday, October 21, 1971.",https://www.govinfo.gov/app/details/GPO-CRECB-1971-pt28,https://www.govinfo.gov/content/pkg/GPO-CRECB-1971-pt28/pdf/GPO-CRECB-1971-pt28.pdf,,,,,"21, 1971 (PAGES 36193 TO 37450) UNITED STATES GOVERNMENT PRINTING OFFICE, WASHINGTON, 1971 United States of America Q:ongrrssional. Record PROCEEDINGS AND DEBATES OF THE 9 2d CONGRESS, FIRST SESSION HOUSE OF REPRESENTATIVES-Thur~day, October 14, 1971 The House met at 12 o'clock noon. Rev. Sebastian John Chiego, Church of the Assumption, Roselle...",
42,GPO,GPO-CRECB-1971-pt27,,"Volume 117, Part 27 (October 5, 1971 to October 13, 1971)","117 Cong. Rec. (Bound) - Volume 117, Part 27 (October 5, 1971 to October 13, 1971)","Congressional Record (Bound Edition). Wednesday, October 13, 1971.",https://www.govinfo.gov/app/details/GPO-CRECB-1971-pt27,https://www.govinfo.gov/content/pkg/GPO-CRECB-1971-pt27/pdf/GPO-CRECB-1971-pt27.pdf,,,,,"13, 1971 (PAGES 34879 TO 36192) UNITED STATES GOVERNMENT PRINTING OFFICE, WASHINGTON, 1971 United States of America Q:ongrrssionat Rrc r PROCEEDINGS AND DEBATES OF THE 9 2 d CONGRESS, FIRST SESSION HOUSE OF REPRESENTATIVES-Tuesday, October 5, 1971 The House met at 12 o'clock noon. The Reverend Arthur J. Centrella, pastor, Our Lady of Consolation...",
43,GPO,GPO-CRECB-1971-pt26,,"Volume 117, Part 26 (September 28, 1971 to October 4, 1971)","117 Cong. Rec. (Bound) - Volume 117, Part 26 (September 28, 1971 to October 4, 1971)","Congressional Record (Bound Edition). Monday, October 4, 1971.",https://www.govinfo.gov/app/details/GPO-CRECB-1971-pt26,https://www.govinfo.gov/content/pkg/GPO-CRECB-1971-pt26/pdf/GPO-CRECB-1971-pt26.pdf,,,,,"4, 1971 (PAGES 33575 TO 34878) UNITED STATES GOVERNMENT PRINTING OFFICE, WASHINGTON, 1971 United States of America <iongrcssional Record PROCEEDINGS AND DEBATES OF THE 92d CONGRESS, FIRST SESSION SENATE-Tuesday, September 28, 1971 The Senate met at 10 a.m. and was called to order by the President protem- pore (Mr. ELLENDER) . PRAYER The ...",
44,GPO,GPO-CRECB-1971-pt25,,"Volume 117, Part 25 (September 20, 1971 to September 27, 1971)","117 Cong. Rec. (Bound) - Volume 117, Part 25 (September 20, 1971 to September 27, 1971)","Congressional Record (Bound Edition). Monday, September 27, 1971.",https://www.govinfo.gov/app/details/GPO-CRECB-1971-pt25,https://www.govinfo.gov/content/pkg/GPO-CRECB-1971-pt25/pdf/GPO-CRECB-1971-pt25.pdf,,,,,"27, 1971 (PAGES 32413 TO 33574) UNITED STATES GOVERNMENT PRINTING ·OFFICE, WASHINGTON, 1971 United States of America <iongrcssional Rcror PROCEEDINGS AND DEBATES OF THE 9 2 d CONGRESS, FIRST SESSION HO,US·E OF REPRESENTATIVES-Monday, September 20, 1971 The House met at 12 o'clock noon. The Chaplain, the Reverend Edward G. Latch, D.D., ...",
45,GPO,GPO-CRECB-1971-pt24,,"Volume 117, Part 24 (September 9, 1971 to September 17, 1971)","117 Cong. Rec. (Bound) - Volume 117, Part 24 (September 9, 1971 to September 17, 1971)","Congressional Record (Bound Edition). Friday, September 17, 1971.",https://www.govinfo.gov/app/details/GPO-CRECB-1971-pt24,https://www.govinfo.gov/content/pkg/GPO-CRECB-1971-pt24/pdf/GPO-CRECB-1971-pt24.pdf,,,,,"17, 1971 (PAGES 31125 TO 32412) UNITED STATES GOVERNMENT PRINTING OFFICE, WASHINGTON, 1971 United States of America ~ongrcssional1Rcrord PROCEEDINGS AND DEBATES OF THE 9 2 d CONGRESS, FIRST SESSION HO,US·E OF REPRESENTATIVES-Thursday, September 9, 1971 The House met at 12 o'clock noon. The Chaplain, Rev. Edward G. Latch, D.D., offered the ...",
46,GPO,GPO-CRECB-1971-pt23,,"Volume 117, Part 23 (August 5, 1971 to September 8, 1971)","117 Cong. Rec. (Bound) - Volume 117, Part 23 (August 5, 1971 to September 8, 1971)","Congressional Record (Bound Edition). Wednesday, September 8, 1971.",https://www.govinfo.gov/app/details/GPO-CRECB-1971-pt23,https://www.govinfo.gov/content/pkg/GPO-CRECB-1971-pt23/pdf/GPO-CRECB-1971-pt23.pdf,,,,,"8, 1971 (PAGES 29779 TO 31124) UNITED STATES GOVERNMENT PRINTING OFFICE, WASHINGTON, 1971 United States of America <tongrcssional llccord PROCEEDINGS AND DEBATES OF THE 92d CONGRESS, FIRST SESSION HOUSE OF REPRE.SENTATIVE.S-Thursday, August 5, 1971 The Hou...c::e met at 12 o'clock noon. The Chaplain, Rev. Edward G. Latch, D.D., offered the...",
47,GPO,GPO-CRECB-1971-pt22,,"Volume 117, Part 22 (July 31, 1971 to August 4, 1971)","117 Cong. Rec. (Bound) - Volume 117, Part 22 (July 31, 1971 to August 4, 1971)","Congressional Record (Bound Edition). Wednesday, August 4, 1971.",https://www.govinfo.gov/app/details/GPO-CRECB-1971-pt22,https://www.govinfo.gov/content/pkg/GPO-CRECB-1971-pt22/pdf/GPO-CRECB-1971-pt22.pdf,,,,,"4, 1971 (PAGES 28453 TO 29778) UNITED STATES GOVERNMENT PRINTING OFFICE, WASHINGTON, 1971 United States of America <iongrcssional Record PROCEEDINGS AND DEBATES OF THE 9 2 d CONGRESS, FIRST SESSION SENATE-Saturday, July 31, 1971 The Senate met at 10 a.m. and was called to order by the President protem- pore (Mr. ELLENDER) . PRAYER The Reverend Dr....",
48,GPO,GPO-CRECB-1971-pt21,,"Volume 117, Part 21 (July 26, 1971 to July 30, 1971)","117 Cong. Rec. (Bound) - Volume 117, Part 21 (July 26, 1971 to July 30, 1971)","Congressional Record (Bound Edition). Friday, July 30, 1971.",https://www.govinfo.gov/app/details/GPO-CRECB-1971-pt21,https://www.govinfo.gov/content/pkg/GPO-CRECB-1971-pt21/pdf/GPO-CRECB-1971-pt21.pdf,,,,,", 1971 (PAGES 27063 TO . 28452) UNITED STATES GOVERNMENT PRINTING OFFICE, WASHINGTON, 1971 United States of America <rongr£ssional REcord PROCEEDINGS AND. DEBATES OF THE 9 2 d CONGRESS, FIRST SESSION SENATE~Monday, July 26, 1971 The Senate met at 12 o'clock noon and was called to order by Hon. ABRAHAM RrBr .::oFF, a Senator from the State of ...",
49,GPO,GPO-CRECB-1971-pt20,,"Volume 117, Part 20 (July 19, 1971 to July 24, 1971)","117 Cong. Rec. (Bound) - Volume 117, Part 20 (July 19, 1971 to July 24, 1971)","Congressional Record (Bound Edition). Saturday, July 24, 1971.",https://www.govinfo.gov/app/details/GPO-CRECB-1971-pt20,https://www.govinfo.gov/content/pkg/GPO-CRECB-1971-pt20/pdf/GPO-CRECB-1971-pt20.pdf,,,,,", 1971 (PAGES 25731 TO 27062) UNITED STATES GOVERNMENT PRINTING OFFICE, WASHINGTON, 1971 United States of America Q:ongrrssional1Rtcord PROCEEDINGS AND DEBATES OF THE 9 2d CONGRESS, FIRST SESSION HOUSE OF REPRESENTATIVES-Monday, July 19, 1971 The House met at 12 o'clock noon. The Chaplain, Rev. Edward G. Latch, D.D., offered the following prayer: ...",
50,GPO,GPO-CRECB-1971-pt19,,"Volume 117, Part 19 (July 12, 1971 to July 16, 1971)","117 Cong. Rec. (Bound) - Volume 117, Part 19 (July 12, 1971 to July 16, 1971)","Congressional Record (Bound Edition). Friday, July 16, 1971.",https://www.govinfo.gov/app/details/GPO-CRECB-1971-pt19,https://www.govinfo.gov/content/pkg/GPO-CRECB-1971-pt19/pdf/GPO-CRECB-1971-pt19.pdf,,,,,"16, 1971 (PAGES 24435 TO 25730) UNITED STATES GOVERNMENT PRINTING OFFICE, WASHINGTON, 1971 United States of America Q:ongrrssional Rrrord PROCEEDINGS AND DEBATES OF THE 9 2d CONGRESS, FIRST SESSION SENATE-Monday, July 12, 1971 The senate met at 12 o'clock noon and was called to order by the President pro tempore <Mr. ELLENDER). The Chaplain, the ...",
51,GPO,GPO-CRECB-1971-pt18,,"Volume 117, Part 18 (July 1, 1971 to July 8, 1971)","117 Cong. Rec. (Bound) - Volume 117, Part 18 (July 1, 1971 to July 8, 1971)","Congressional Record (Bound Edition). Thursday, July 8, 1971.",https://www.govinfo.gov/app/details/GPO-CRECB-1971-pt18,https://www.govinfo.gov/content/pkg/GPO-CRECB-1971-pt18/pdf/GPO-CRECB-1971-pt18.pdf,,,,,"TO 24434) UNITED STATES GOVERNMENT PRINTING OFFICE, WASHINGTON, 1971 · United States of America ~ongrrssional Rrrord PROCEEDINGS AND DEBATES OF THE 9 2d CONGRESS, FIRST SESSION HOUSE OF REPRESE.NTATIVE.S-Thursday, July 1, 1971 The House met at 12 o'clock noon. The Chaplain, Rev. Ed.ward G. Latch, DD., ot!ered the following prayer: Blessed is the ...",
52,GPO,GPO-CRECB-1971-pt17,,"Volume 117, Part 17 (June 24, 1971 to June 30, 1971)","117 Cong. Rec. (Bound) - Volume 117, Part 17 (June 24, 1971 to June 30, 1971)","Congressional Record (Bound Edition). Wednesday, June 30, 1971.",https://www.govinfo.gov/app/details/GPO-CRECB-1971-pt17,https://www.govinfo.gov/content/pkg/GPO-CRECB-1971-pt17/pdf/GPO-CRECB-1971-pt17.pdf,,,,,"30, 1971 (PAGES 21867 TO 23210) UNITED STATES GOVERNMENT PRINTING OFFICE, WASHINGTON, 1971 United States of America <.tongrcssional Record PROCEEDINGS AND DEBATES OF THE 9 2d CONGRESS, FIRST SESSION HOUSE OF REPRESENTATIVES-Thursday, June 24, 1971 The House met at 12 o'clock noon. Reverend Charles B. Nunn, Jr., First Baptist Church, Bluefield, W. ...",
53,GPO,GPO-CRECB-1971-pt16,,"Volume 117, Part 16 (June 17, 1971 to June 23, 1971)","117 Cong. Rec. (Bound) - Volume 117, Part 16 (June 17, 1971 to June 23, 1971)","Congressional Record (Bound Edition). Wednesday, June 23, 1971.",https://www.govinfo.gov/app/details/GPO-CRECB-1971-pt16,https://www.govinfo.gov/content/pkg/GPO-CRECB-1971-pt16/pdf/GPO-CRECB-1971-pt16.pdf,,,,,"23, 1971 (PAGES 20409 TO 21866) UNITED STATES GOVERNMENT PRINTING OFFICE, WASHINGTON, 1971 United States of America Q:ongrrssional 1Rrcord PROCEEDINGS AND DEBATES OF THE 9 2d CONGRESS, FIRST SESSION SENATE-Thursday, June 17, 1971 The Senate met at 9: 45 a.m. and was called rto order by Hon. MIKE GRAVEL, a Senaitor from the State of Alaska. The ...",
54,GPO,GPO-CRECB-1971-pt15,,"Volume 117, Part 15 (June 10, 1971 to June 16, 1971)","117 Cong. Rec. (Bound) - Volume 117, Part 15 (June 10, 1971 to June 16, 1971)","Congressional Record (Bound Edition). Wednesday, June 16, 1971.",https://www.govinfo.gov/app/details/GPO-CRECB-1971-pt15,https://www.govinfo.gov/content/pkg/GPO-CRECB-1971-pt15/pdf/GPO-CRECB-1971-pt15.pdf,,,,,"16, 1971 (PAGES 19109 TO 20408) UNITED STATES GOVERNMENT PRINTING OFFICE, WASHINGTON, 1971 ~·o:nyf cssional Record PROCEEDINGS AND DEBATES OF THE 9 2d CONGRESS, FIRST SESSION HOUSE OF REPRESENTATIVES-Thursday, June 10, 1971 I The House met at 12 o'clock noon. The Chaplain, Rev. Edward G. Latch, D.D., offered the following prayer: He that dwelleth...",
55,GPO,GPO-CRECB-1971-pt14,,"Volume 117, Part 14 (June 3, 1971 to June 9, 1971)","117 Cong. Rec. (Bound) - Volume 117, Part 14 (June 3, 1971 to June 9, 1971)","Congressional Record (Bound Edition). Wednesday, June 9, 1971.",https://www.govinfo.gov/app/details/GPO-CRECB-1971-pt14,https://www.govinfo.gov/content/pkg/GPO-CRECB-1971-pt14/pdf/GPO-CRECB-1971-pt14.pdf,,,,,"1971 (PAGES 17735 TO 19108) UNITED STATES GOVERNMENT PRINTING OFFICE, WASHINGTON, 1971 United States of America Q:ongr£ssional REcord PROCEEDINGS AND DEBATES OF THE 92d CONGRESS, FIRST SESSION SENATE.-Thursday, June 3, 1971 The Senate met at 10:30 a.m. and was called to order by the President pro tern- pore (Mr. ELLENDER). The Chaplain, the ...",
56,GPO,GPO-CRECB-1971-pt13,,"Volume 117, Part 13 (May 24, 1971 to June 2, 1971)","117 Cong. Rec. (Bound) - Volume 117, Part 13 (May 24, 1971 to June 2, 1971)","Congressional Record (Bound Edition). Wednesday, June 2, 1971.",https://www.govinfo.gov/app/details/GPO-CRECB-1971-pt13,https://www.govinfo.gov/content/pkg/GPO-CRECB-1971-pt13/pdf/GPO-CRECB-1971-pt13.pdf,,,,,"JUNE 2, 1971 (PAGES 16523 TO 17734) UNITED STATES GOVERNMENT PRINTING OFFICE, WASHINGTON, 1971 United States of America <iongrcssional Record PROCEEDINGS AND DEBATES OF THE 92d CONGRESS, FIRST SESSION HOUSE OF REPRESENTATIVES-Monday, May 24, 1971 The House met at 12 o'clock noon. The Chaplain, Rev. Edward G. Latch, D.D., offered the following ...",
57,GPO,GPO-CRECB-1971-pt12,,"Volume 117, Part 12 (May 17, 1971 to May 21, 1971)","117 Cong. Rec. (Bound) - Volume 117, Part 12 (May 17, 1971 to May 21, 1971)","Congressional Record (Bound Edition). Friday, May 21, 1971.",https://www.govinfo.gov/app/details/GPO-CRECB-1971-pt12,https://www.govinfo.gov/content/pkg/GPO-CRECB-1971-pt12/pdf/GPO-CRECB-1971-pt12.pdf,,,,,", 1971 (PAGES 15165 TO 16522) UNITED STATES GOVERNMENT PRINTING OFFICE, WASHINGTON, 1971 United States of America <rongr(ssional ]{(cord PROCEEDINGS AND DEBATES OF THE 9 2d CONGRESS, FIRST SESSION HO·U.SE OF REPRESENTATIVES-Monday, May 17, 1971 The House met at 12 o'clock noon. The Chaplain, Rev. Edward G. Latch, D.D., offered the following prayer:...",
58,GPO,GPO-CRECB-1971-pt11,,"Volume 117, Part 11 (May 6, 1971 to May 14, 1971)","117 Cong. Rec. (Bound) - Volume 117, Part 11 (May 6, 1971 to May 14, 1971)","Congressional Record (Bound Edition). Friday, May 14, 1971.",https://www.govinfo.gov/app/details/GPO-CRECB-1971-pt11,https://www.govinfo.gov/content/pkg/GPO-CRECB-1971-pt11/pdf/GPO-CRECB-1971-pt11.pdf,,,,,", 1971 (PAGES 13723 TO 15164) UNITED STATES GOVERNMENT PRINTING OFFICE, WASHINGTON, 1971 United States of America <tongrrssional llrcord PROCE1'DINGS AND DEBATES OF THE 9 2 d CONGRESS, FIRST SESSION HOUSE OF REPRESENTATIVES-Thursday, May 6, 1971 The House met at 12 o'clock noon. Rabbi Abraham B. Shoulson, Franklin Square Jewish Center, Franklin ...",
59,GPO,GPO-CRECB-1971-pt10,,"Volume 117, Part 10 (April 28, 1971 to May 5, 1971)","117 Cong. Rec. (Bound) - Volume 117, Part 10 (April 28, 1971 to May 5, 1971)","Congressional Record (Bound Edition). Wednesday, May 5, 1971.",https://www.govinfo.gov/app/details/GPO-CRECB-1971-pt10,https://www.govinfo.gov/content/pkg/GPO-CRECB-1971-pt10/pdf/GPO-CRECB-1971-pt10.pdf,,,,,", 1971 (PAGES 12303 TO 13722) UNITED STATES GOVERNMENT PRINTING OFFICE, WASHINGTON, 1971 United States of America <iongrcssional1Rccord PROCEEDINGS AND DEBATES OF THE 9 2 d CONGRESS, FIRST SESSION HOUSE OF REPRESENT'ATIVES-Wednesday, April 28, 1971 The House met at 12 o'clock noon. The Chaplain, Rev. Edward G. Latch, D.D., otrered the following ...",
60,GPO,GPO-CRECB-1971-pt9,,"Volume 117, Part 9 (April 20, 1971 to April 27, 1971)","117 Cong. Rec. (Bound) - Volume 117, Part 9 (April 20, 1971 to April 27, 1971)","Congressional Record (Bound Edition). Tuesday, April 27, 1971.",https://www.govinfo.gov/app/details/GPO-CRECB-1971-pt9,https://www.govinfo.gov/content/pkg/GPO-CRECB-1971-pt9/pdf/GPO-CRECB-1971-pt9.pdf,,,,,"27, 1971 (PAGES 10871 TO 12302) UNITED STATES GOVERNMENT PRINTING OFFICE, WASHINGTON, 1971 United States of America <tongr£ssional REcord PROCEEDINGS AND DEBATES OF THE 92d CONGRESS, FIRST SESSION SENATE-Tuesday, April 20, 1971 The Senate met at 9:45 a.m. and wa.s Cailled. to order by Hon. RoBERT C. BYRD, a Senator from the State of West Vir- ginia...",
61,GPO,GPO-CRECB-1971-pt8,,"Volume 117, Part 8 (April 5, 1971 to April 19, 1971)","117 Cong. Rec. (Bound) - Volume 117, Part 8 (April 5, 1971 to April 19, 1971)","Congressional Record (Bound Edition). Monday, April 19, 1971.",https://www.govinfo.gov/app/details/GPO-CRECB-1971-pt8,https://www.govinfo.gov/content/pkg/GPO-CRECB-1971-pt8/pdf/GPO-CRECB-1971-pt8.pdf,,,,,"19, 1971 (PAGES 9469 TO 10870) UNITED STATES GOVERNMENT PRINTING OFFICE, WASHINGTON, 1971 United States of America crongrcssional Record .PROCEEDINGS AND DEBATES OF THE 9 2d CONGRESS, FIRST SESSION HOUSE OF REPRESE,NTATIVE.S-Monday, April 5, 1971 The House met at 12 o'clock noon. Rev. Floyd H. Gayles, St. James Baptist Church, Washington, D.C., ...",
62,GPO,GPO-CRECB-1971-pt7,,"Volume 117, Part 7 (March 29, 1971 to April 1, 1971)","117 Cong. Rec. (Bound) - Volume 117, Part 7 (March 29, 1971 to April 1, 1971)","Congressional Record (Bound Edition). Thursday, April 1, 1971.",https://www.govinfo.gov/app/details/GPO-CRECB-1971-pt7,https://www.govinfo.gov/content/pkg/GPO-CRECB-1971-pt7/pdf/GPO-CRECB-1971-pt7.pdf,,,,,", TO APRIL 1, 1971 (PAGES 8259 TO 9468) UNITED STATES GOVERNMENT PRINTING OFFICE, WASHINGTON, 1971 United States of America ~ongrcssional1Rccord PROCEEDINGS AND DEBATES OF THE 9 2d CONGRESS, FIRST SESSION HO·USE OF REPRESENTATIVES--Monday, March 29, 1971 The House met at 12 o'clock noon. The Chaplain, Rev. Edward G. Latch, D.D., offered the ...",
63,GPO,GPO-CRECB-1971-pt6,,"Volume 117, Part 6 (March 17, 1971 to March 25, 1971)","117 Cong. Rec. (Bound) - Volume 117, Part 6 (March 17, 1971 to March 25, 1971)","Congressional Record (Bound Edition). Thursday, March 25, 1971.",https://www.govinfo.gov/app/details/GPO-CRECB-1971-pt6,https://www.govinfo.gov/content/pkg/GPO-CRECB-1971-pt6/pdf/GPO-CRECB-1971-pt6.pdf,,,,,", :1971, TO MARCH 25, 1971 (PAGES 6807 TO 8258) UNITED STATES GOVERNMENT PRINTING OFFICE, WASHINGTON, 1971 United States of America <Longr(ssional R(cord PROCEEDINGS AND DEBATES OF THE 92d CONGRESS, FIRST SESSION HOUSE OF' REPRESENTATIVES-Wednesday, March 17, 1971 The House met at 12 o'clock noon. The Chaplain, Rev. Edward G. Latch, D.D., offered ...",
64,GPO,GPO-CRECB-1971-pt5,,"Volume 117, Part 5 (March 9, 1971 to March 16, 1971)","117 Cong. Rec. (Bound) - Volume 117, Part 5 (March 9, 1971 to March 16, 1971)","Congressional Record (Bound Edition). Tuesday, March 16, 1971.",https://www.govinfo.gov/app/details/GPO-CRECB-1971-pt5,https://www.govinfo.gov/content/pkg/GPO-CRECB-1971-pt5/pdf/GPO-CRECB-1971-pt5.pdf,,,,,", TO MARCH 16, 1971 (PAGES 5461 TO 6806) UNITED STATES GOVERNMENT PRINTING OFFICE, WASHINGTON, 1971 United States of America tiongrrssional Record PROCEEDINGS AND DEBATES OF THE 92d CONGRESS, FIRST SESSION SENATE-Tuesday, March 9, 1971 <Legislative day of Wednesday, February 17, 1971) The Senate met at 11:30 a.m., on the expiration of the recess...",
65,GPO,GPO-CRECB-1971-pt4,,"Volume 117, Part 4 (February 26, 1971 to March 8, 1971)","117 Cong. Rec. (Bound) - Volume 117, Part 4 (February 26, 1971 to March 8, 1971)","Congressional Record (Bound Edition). Monday, March 8, 1971.",https://www.govinfo.gov/app/details/GPO-CRECB-1971-pt4,https://www.govinfo.gov/content/pkg/GPO-CRECB-1971-pt4/pdf/GPO-CRECB-1971-pt4.pdf,,,,,"8, 1971 (PAGES 4083 TO 5460) UNITED STATES GOVERNMENT PRINTING OFFICE, WASHINGTON, 1971 Congressional Rcrord PR OC EEDINGS AND DEBATES OF THE 9 A. d C ONGR ESS , FIR ST SESSION United States of America SENATE Friday, February 26, 1971 (Legislative day of Wednesday, February 17, 1971) The Senate met at 12 o'clock meridian, on the expiration of ...",
66,GPO,GPO-CRECB-1971-pt3,,"Volume 117, Part 3 (February 17, 1971 to February 25, 1971)","117 Cong. Rec. (Bound) - Volume 117, Part 3 (February 17, 1971 to February 25, 1971)","Congressional Record (Bound Edition). Thursday, February 25, 1971.",https://www.govinfo.gov/app/details/GPO-CRECB-1971-pt3,https://www.govinfo.gov/content/pkg/GPO-CRECB-1971-pt3/pdf/GPO-CRECB-1971-pt3.pdf,,,,,"25, 1971 (PAGES 2741 TO 4082) UNITED STATES GOVERNMENT PRINTING OFFICE, WASHINGTON, 1971 United States of America Q:ongressional Record PROCEEDINGS AND DEBATES OF THE 92d CONGRESS, FIRST SESSION HO·USE OF REPRESENTATIVES-Wednesday, February 17, 1971 The House met at 12 o'clock noon. Rev. Milton B. Faust, national chap- lain of the American ...",
67,GPO,GPO-CRECB-1971-pt2,,"Volume 117, Part 2 (February 2, 1971 to February 11, 1971)","117 Cong. Rec. (Bound) - Volume 117, Part 2 (February 2, 1971 to February 11, 1971)","Congressional Record (Bound Edition). Thursday, February 11, 1971.",https://www.govinfo.gov/app/details/GPO-CRECB-1971-pt2,https://www.govinfo.gov/content/pkg/GPO-CRECB-1971-pt2/pdf/GPO-CRECB-1971-pt2.pdf,,,,,"11, 1971 (PAGES 1339 TO 2740) UNITED STATES GOVERNMENT PRINTING OFFICE, WASHINGTON, 1971 United States of America ctongrrssional Rrcord PROCEEDINGS AND DEBATES OF THE 9 2 d CONGRESS, FIRST SESSION SENATE-Tuesday, February 2, 1971 (Legislative day of Tuesday, January 26, 1971) The Senate met at 11: 15 o'clock a.m., on the expiration of the r~...",
68,GPO,GPO-CRECB-1971-pt1,,"Volume 117, Part 1 (January 21, 1971 to February 1, 1971)","117 Cong. Rec. (Bound) - Volume 117, Part 1 (January 21, 1971 to February 1, 1971)","Congressional Record (Bound Edition). Monday, February 1, 1971.",https://www.govinfo.gov/app/details/GPO-CRECB-1971-pt1,https://www.govinfo.gov/content/pkg/GPO-CRECB-1971-pt1/pdf/GPO-CRECB-1971-pt1.pdf,,,,,"1, 1971 (PAGES 3 TO 1338) UNITED STATES GOVERNMENT PRINTING OFFICE, WASHINGTON, 1971 United States of America tiongrcssional Record PROCEEDINGS AND DEBATES OF THE 9 2 d CONGRESS, FIRST SESSION SENATE;_Thursday, January 21, 1971 The 21st day of January being the day prescribed by Public Law No. 643, 91st Congress, second session, for the ...",