index,collectionCode,packageId,granuleId,title,line1,line2,detailsLink,pdfLink,htmlLink,xmlLink,otherLink1,otherLink2,teaser,historical
1,GPO,GPO-CRECB-1986-pt25,,"Volume 132, Part 25 (January 21, 1986 to October 18, 1986)","132 Cong. Rec. (Bound) - Volume 132, Part 25 (January 21, 1986 to October 18, 1986)","Congressional Record (Bound Edition). Saturday, October 18, 1986.",https://www.govinfo.gov/app/details/GPO-CRECB-1986-pt25,https://www.govinfo.gov/content/pkg/GPO-CRECB-1986-pt25/pdf/GPO-CRECB-1986-pt25.pdf,,,,,"OFFICE, WASHINGTON, 1986 For sale by the Superintendent of Documents, U.S. Government Printing Office, Washington, D.C. 20402 Daily Tuesday, January 21, 1986 Senate Chamber Action Routine Proceedings, pages 96-185 Measures Introduced: Three bills and two resolu- tions were introduced, as follows: S. 2001-2003, and S. Res. 295-296. Page 161 ...",
2,GPO,GPO-CRECB-1986-pt24A,,"Volume 132, Part 24A (January 21, 1986 to October 18, 1986)","132 Cong. Rec. (Bound) - Volume 132, Part 24A (January 21, 1986 to October 18, 1986)","Congressional Record (Bound Edition). Saturday, October 18, 1986.",https://www.govinfo.gov/app/details/GPO-CRECB-1986-pt24A,https://www.govinfo.gov/content/pkg/GPO-CRECB-1986-pt24A/pdf/GPO-CRECB-1986-pt24A.pdf,,,,,", TO OCTOBER 18, 1986 A-K UNITED STATES GOVERNMENT PRINTING OFFICE, WASHINGTON, 1986 For sale by the Superintendent of Documents, U.S. Government Printing Office, Washington, D.C. 20402 COMPILED UNDER THE DIRECTION OF THE JOINT COMMITTEE ON PRINTING CHARLES Mee. MATHIAS, JR., Senator from Maryland, Chairman FRANK .ANNUNZIO, Representative from ...",
3,GPO,GPO-CRECB-1986-pt23,,"Volume 132, Part 23 (October 17, 1986 to October 18, 1986)","132 Cong. Rec. (Bound) - Volume 132, Part 23 (October 17, 1986 to October 18, 1986)","Congressional Record (Bound Edition). Saturday, October 18, 1986.",https://www.govinfo.gov/app/details/GPO-CRECB-1986-pt23,https://www.govinfo.gov/content/pkg/GPO-CRECB-1986-pt23/pdf/GPO-CRECB-1986-pt23.pdf,,,,,"18, 1986 (PAGES 32707 TO 33952) UNITED STATES GOVERNMENT PRINTING OFFICE, WASHING TON, 1986 For sale by the Superintendent of Documents, U .S. Government Printing Office, Washington, D.C. 20402 Q:ongrrssional Record United States of America PROCEEDINGS AND DEBATES OF THE 99th CONGRESS, SECOND SESSION HOUSE OF REPRESENTATIVES-Friday, October 17...",
4,GPO,GPO-CRECB-1986-pt24B,,"Volume 132, Part 24B (January 21, 1986 to October 18, 1986)","132 Cong. Rec. (Bound) - Volume 132, Part 24B (January 21, 1986 to October 18, 1986)","Congressional Record (Bound Edition). Saturday, October 18, 1986.",https://www.govinfo.gov/app/details/GPO-CRECB-1986-pt24B,https://www.govinfo.gov/content/pkg/GPO-CRECB-1986-pt24B/pdf/GPO-CRECB-1986-pt24B.pdf,,,,,", TO OCTOBER 18, 1986 L-Z and I-Iist<>ry <>f 13ills UNITED STATES GOVERNMENT PRINTING OFFICE, WASHINGTON, 1986 For sale by the Superin_tendent of Documents, U.S. Government Printing Office, Washington, D.C. 20402 COMPILED UNDER THE DIRECTION OF THE JOINT COMMITTEE ON PRINTING CHARLES McC. MATHIAS, JR., Senator from Maryland, Chainnan FRANK ....",
5,GPO,GPO-CRECB-1986-pt22,,"Volume 132, Part 22 (October 15, 1986 to October 16, 1986)","132 Cong. Rec. (Bound) - Volume 132, Part 22 (October 15, 1986 to October 16, 1986)","Congressional Record (Bound Edition). Thursday, October 16, 1986.",https://www.govinfo.gov/app/details/GPO-CRECB-1986-pt22,https://www.govinfo.gov/content/pkg/GPO-CRECB-1986-pt22/pdf/GPO-CRECB-1986-pt22.pdf,,,,,"16, 1986 (PAGES 31239 TO 32705) UNITED STATES GOVERNMENT PRINTING OFFICE, WASHINGTON, 1986 For sale by the Superintendent of Documents, U.S. Government Printing Office, Washington, D.C. 20402 «tongrrssional Record United States of America PROCEEDINGS AND DEBATES OF THE 99th CONGRESS, SECOND SESSION SENATE-Wednesday, October 15, 1986 The ...",
6,GPO,GPO-CRECB-1986-pt21,,"Volume 132, Part 21 (October 9, 1986 to October 14, 1986)","132 Cong. Rec. (Bound) - Volume 132, Part 21 (October 9, 1986 to October 14, 1986)","Congressional Record (Bound Edition). Tuesday, October 14, 1986.",https://www.govinfo.gov/app/details/GPO-CRECB-1986-pt21,https://www.govinfo.gov/content/pkg/GPO-CRECB-1986-pt21/pdf/GPO-CRECB-1986-pt21.pdf,,,,,"14, 1986 (PAGES 29851 TO 31238) UNITED STATES GOVERNMENT PRINTING OFFICE, WASHINGTON, 1986 For sale by the Superintendent of Documents, U.S. Government Printing Office, Washington, D.C. 20402 Q:ongrtssional tltcord United States of America PROCEEDINGS AND DEBATES OF THE 99th CONGRESS, SECOND SESSION SENATE-Thursday, October 9, 1986 The ...",
7,GPO,GPO-CRECB-1986-pt20,,"Volume 132, Part 20 (October 3, 1986 to October 8, 1986)","132 Cong. Rec. (Bound) - Volume 132, Part 20 (October 3, 1986 to October 8, 1986)","Congressional Record (Bound Edition). Wednesday, October 8, 1986.",https://www.govinfo.gov/app/details/GPO-CRECB-1986-pt20,https://www.govinfo.gov/content/pkg/GPO-CRECB-1986-pt20/pdf/GPO-CRECB-1986-pt20.pdf,,,,,"8, 1986 (PAGES 28211 TO 29849) UNITED STATES GOVERNMENT PRINTING OFFICE, WASHINGTON, 1986 · 0 For sale by the Superintendent of Documents, U.S. Government Printing Office, Washington. D.C. 20402 <rongrrssional Record United States of America PROCEEDINGS AND DEBATES OF THE 99th CONGRESS, SECOND SESSION HOUSE OF REPRESENTATIVES-Friday, October 3,...",
8,GPO,GPO-CRECB-1986-pt19,,"Volume 132, Part 19 (September 27, 1986 to October 2, 1986)","132 Cong. Rec. (Bound) - Volume 132, Part 19 (September 27, 1986 to October 2, 1986)","Congressional Record (Bound Edition). Thursday, October 2, 1986.",https://www.govinfo.gov/app/details/GPO-CRECB-1986-pt19,https://www.govinfo.gov/content/pkg/GPO-CRECB-1986-pt19/pdf/GPO-CRECB-1986-pt19.pdf,,,,,"OCTOBER 2, 1986 (PAGES 26587 TO 28209) UNITED STATES GOVERNMENT PRINTING OFFICE, WASHINGTON, 1986 For sale by the Superintendent of Documents, U.S. Government Printing Office, Washington, D.C. 20402 ·~ongrtssional Rtrord United States of America PROCEEDINGS AND DEBATES OF THE 99th CONGRESS, SECOND SESSION SENATE-Saturday, September 27, 1986 (...",
9,GPO,GPO-CRECB-1986-pt18,,"Volume 132, Part 18 (September 22, 1986 to September 26, 1986)","132 Cong. Rec. (Bound) - Volume 132, Part 18 (September 22, 1986 to September 26, 1986)","Congressional Record (Bound Edition). Friday, September 26, 1986.",https://www.govinfo.gov/app/details/GPO-CRECB-1986-pt18,https://www.govinfo.gov/content/pkg/GPO-CRECB-1986-pt18/pdf/GPO-CRECB-1986-pt18.pdf,,,,,"26, 1986 (PAGES 25095 TO 26586) UNITED STATES GOVERNMENT PRINTING OFFICE, WASHINGTON, 1986 For sale by the Superintendent of Documents, U.S. Government Printing Office, Washington, D.C. 20402 «rongrtssional Rtcord U oited States of America PROCEEDINGS AND DEBATES OF THE 99th CONGRESS, SECOND SESSION. SENATE-Monday, September 22, 1986 (...",
10,GPO,GPO-CRECB-1986-pt17,,"Volume 132, Part 17 (September 17, 1986 to September 19, 1986)","132 Cong. Rec. (Bound) - Volume 132, Part 17 (September 17, 1986 to September 19, 1986)","Congressional Record (Bound Edition). Friday, September 19, 1986.",https://www.govinfo.gov/app/details/GPO-CRECB-1986-pt17,https://www.govinfo.gov/content/pkg/GPO-CRECB-1986-pt17/pdf/GPO-CRECB-1986-pt17.pdf,,,,,"19, 1986 (PAGES 23601 TO 25093) UNITED STATES GOVERNMENT PRINTING OFFICE, WASHINGTON, 1986 For sale by the Superintendent of Documents, U.S. Government Printing Office, Washington, D.C. 20402 «tongrtssional Rtcord United States of America PROCEEDINGS AND DEBATES OF THE 99th CONGRESS, SECOND SESSION HOUSE OF REPRESENTATIVES-Wednesday, ...",
11,GPO,GPO-CRECB-1986-pt16,,"Volume 132, Part 16 (September 8, 1986 to September 16, 1986)","132 Cong. Rec. (Bound) - Volume 132, Part 16 (September 8, 1986 to September 16, 1986)","Congressional Record (Bound Edition). Tuesday, September 16, 1986.",https://www.govinfo.gov/app/details/GPO-CRECB-1986-pt16,https://www.govinfo.gov/content/pkg/GPO-CRECB-1986-pt16/pdf/GPO-CRECB-1986-pt16.pdf,,,,,"SEPTEMBER 16, 1986 (PAGES 22235 TO 23600) UNITED STATES GOVERNMENT PRINTING OFFICE, WASHINGTON, 1986 For sale by the Superintendent of Documents, U.S. Government Printing Office, Washington, D.C. 20402 Q:ongrtssional Rtcord United States of America PROCEEDINGS AND DEBATES OF THE 99th CONGRESS, SECOND SESSION HOUSE OF REPRESENTATIVES-Monday, ...",
12,GPO,GPO-CRECB-1986-pt15,,"Volume 132, Part 15 (August 12, 1986 to August 15, 1986)","132 Cong. Rec. (Bound) - Volume 132, Part 15 (August 12, 1986 to August 15, 1986)","Congressional Record (Bound Edition). Friday, August 15, 1986.",https://www.govinfo.gov/app/details/GPO-CRECB-1986-pt15,https://www.govinfo.gov/content/pkg/GPO-CRECB-1986-pt15/pdf/GPO-CRECB-1986-pt15.pdf,,,,,"15, 1986 (PAGES 20763 TO 22234) UNITED STATES GOVERNMENT PRINTING OFFICE, WASHINGTON, 1986 For sale by the Superintendent of Documents, U.S. Government Printing Office, Washin~on n r. 20402 «tongrtssional Rtcord United States of America PROCEEDINGS AND DEBATES OF THE 99th CONGRESS, SECOND SESSION SENATE-Tuesday, August 12, 1986 The Senate met ...",
13,GPO,GPO-CRECB-1986-pt14,,"Volume 132, Part 14 (August 6, 1986 to August 11, 1986)","132 Cong. Rec. (Bound) - Volume 132, Part 14 (August 6, 1986 to August 11, 1986)","Congressional Record (Bound Edition). Monday, August 11, 1986.",https://www.govinfo.gov/app/details/GPO-CRECB-1986-pt14,https://www.govinfo.gov/content/pkg/GPO-CRECB-1986-pt14/pdf/GPO-CRECB-1986-pt14.pdf,,,,,"11, 1986 (PAGES 19335 TO 20761) UNITED STATES GOVERNMENT PRINTING OFFICE, WASHINGTON, 1986 For sale by the Sup.~rintendent of Documents, U.S. Government Printing Office, Washington, D.C. 20402 <tongrtssional Rtcord United States of America PROCEEDINGS AND DEBATES OF THE 99th CONGRESS, SECOND SESSION HOUSE OF REPRESENTATIVES-Wednesday, August 6...",
14,GPO,GPO-CRECB-1986-pt13,,"Volume 132, Part 13 (July 29, 1986 to August 5, 1986)","132 Cong. Rec. (Bound) - Volume 132, Part 13 (July 29, 1986 to August 5, 1986)","Congressional Record (Bound Edition). Tuesday, August 5, 1986.",https://www.govinfo.gov/app/details/GPO-CRECB-1986-pt13,https://www.govinfo.gov/content/pkg/GPO-CRECB-1986-pt13/pdf/GPO-CRECB-1986-pt13.pdf,,,,,"5, 1986 (PAGES 17869 TO 19334) UNITED STATES GOVERNMENT PRINTING OFFICE, WASHINGTON, 1986 For sale by the Superintendent of Documents, U .S . Government Printing Office, Washington, D.C. 20402 «tongrtssional Rtcord United States of America PROCEEDINGS AND DEBATES OF THE 98th CONGRESS, FIRST SESSION SENATE-Tuesday, July 29, 1986 The Senate met at...",
15,GPO,GPO-CRECB-1986-pt12,,"Volume 132, Part 12 (July 15, 1986 to July 28, 1986)","132 Cong. Rec. (Bound) - Volume 132, Part 12 (July 15, 1986 to July 28, 1986)","Congressional Record (Bound Edition). Monday, July 28, 1986.",https://www.govinfo.gov/app/details/GPO-CRECB-1986-pt12,https://www.govinfo.gov/content/pkg/GPO-CRECB-1986-pt12/pdf/GPO-CRECB-1986-pt12.pdf,,,,,"28, 1986 (PAGES 16405 TO 17867) UNITED STATES GOVERNMENT PRINTING OFFICE, WASHINGTON, 1986 For sale by the Superintendent of Documents, U .S. Government Printing Office, Washington, D.C. 20402 «tongrtssional Rtcord United States of America PROCEEDINGS AND DEBATES OF THE 99th CONGRESS, SECOND SESSION SENATE-Tuesday, July 15, 1986 The Senate met at...",
16,GPO,GPO-CRECB-1986-pt11,,"Volume 132, Part 11 (June 20, 1986 to July 14, 1986)","132 Cong. Rec. (Bound) - Volume 132, Part 11 (June 20, 1986 to July 14, 1986)","Congressional Record (Bound Edition). Monday, July 14, 1986.",https://www.govinfo.gov/app/details/GPO-CRECB-1986-pt11,https://www.govinfo.gov/content/pkg/GPO-CRECB-1986-pt11/pdf/GPO-CRECB-1986-pt11.pdf,,,,,"14, 1986 (PAGES 14757 TO 16404) UNITED STATES GOVERNMENT PRINTING OFFICE, WASHINGTON, 1986 For sale by the Superintendent of Documents, U.S. Government Printing Office, Washington, D.C. 20402 Q:ongrtssional Rtcord United States of America PROCEEDINGS AND DEBATES OF THE 99th CONGRESS, SECOND SESSION SENATE-Friday, June 20, 1986 The Senate met at...",
17,GPO,GPO-CRECB-1986-pt10,,"Volume 132, Part 10 (June 11, 1986 to June 19, 1986)","132 Cong. Rec. (Bound) - Volume 132, Part 10 (June 11, 1986 to June 19, 1986)","Congressional Record (Bound Edition). Thursday, June 19, 1986.",https://www.govinfo.gov/app/details/GPO-CRECB-1986-pt10,https://www.govinfo.gov/content/pkg/GPO-CRECB-1986-pt10/pdf/GPO-CRECB-1986-pt10.pdf,,,,,"19, 1986 (PAGES 13187 TO 14756) UNITED STATES GOVERNMENT PRINTING OFFICE, WASHINGTON, 1986 For sale by the Superintendent of Documents, U .S. Government Printing Office, Washington , D.C. 20402 <tongrtssional Rtcord United States of America PROCEEDINGS AND DEBATES OF THE 99th CONGRESS, SECOND SESSION HOUSE OF REPRESENTATIVES-June 11, 1986 The ...",
18,GPO,GPO-CRECB-1986-pt9,,"Volume 132, Part 9 (May 22, 1986 to June 10, 1986)","132 Cong. Rec. (Bound) - Volume 132, Part 9 (May 22, 1986 to June 10, 1986)","Congressional Record (Bound Edition). Tuesday, June 10, 1986.",https://www.govinfo.gov/app/details/GPO-CRECB-1986-pt9,https://www.govinfo.gov/content/pkg/GPO-CRECB-1986-pt9/pdf/GPO-CRECB-1986-pt9.pdf,,,,,"13185) UNITED STATES -GOVERNMENT PRiNTING OFFICE, WASH·lNGTON, 1986 For sale by the Superintendent of Documents, U.S. Government Printing Office, Washington, D.C. 20402 United States of America PROCEEDINGS AND DEBATES OF THE 99th CONGRESS, SECOND SESSION HOUSE OF REPRESENTATIVES-Thursday, May 22, 1986 The House met at 10 a.m. and was called to ...",
19,GPO,GPO-CRECB-1986-pt8,,"Volume 132, Part 8 (May 12, 1986 to May 21, 1986)","132 Cong. Rec. (Bound) - Volume 132, Part 8 (May 12, 1986 to May 21, 1986)","Congressional Record (Bound Edition). Wednesday, May 21, 1986.",https://www.govinfo.gov/app/details/GPO-CRECB-1986-pt8,https://www.govinfo.gov/content/pkg/GPO-CRECB-1986-pt8/pdf/GPO-CRECB-1986-pt8.pdf,,,,,"1986 (PAGES 10267 TO 11836) UNITED STATES GOVERNMENT PRINTING OFFICE, WASHINGTON, 1986 For sale by the Superintendent of Document.<~, U.S. QQvernment Printing Office, Washington, D.C. 20402 <ron_grtssional Rtcord United States of America PROCEEDINGS AND UEBATES OF THE 99th CONGRESS, SECOND SESSION HOUSE OF REPRESENTATIVES-.iJfonday, May 12, 1986 ...",
20,GPO,GPO-CRECB-1986-pt7,,"Volume 132, Part 7 (April 29, 1986 to May 9, 1986)","132 Cong. Rec. (Bound) - Volume 132, Part 7 (April 29, 1986 to May 9, 1986)","Congressional Record (Bound Edition). Friday, May 9, 1986.",https://www.govinfo.gov/app/details/GPO-CRECB-1986-pt7,https://www.govinfo.gov/content/pkg/GPO-CRECB-1986-pt7/pdf/GPO-CRECB-1986-pt7.pdf,,,,,"1986 (PAGES 8849 TO 10266) UNITED STATES GOVERNMENT PRINTING OFFICE, WASHINGTON, 1986 For sale by the Superintendent of Documents,; U.S. Government Printing Office, Washington, D.C. 20402 <rongrtssional Rtcord United States of America PROCEEDINGS AND DEBATES OF THE 99th CONGRESS, SECOND SESSION HOUSE OF REPRESENTATIVES-April 29, 1986 The House met...",
21,GPO,GPO-CRECB-1986-pt6,,"Volume 132, Part 6 (April 14, 1986 to April 28, 1986)","132 Cong. Rec. (Bound) - Volume 132, Part 6 (April 14, 1986 to April 28, 1986)","Congressional Record (Bound Edition). Monday, April 28, 1986.",https://www.govinfo.gov/app/details/GPO-CRECB-1986-pt6,https://www.govinfo.gov/content/pkg/GPO-CRECB-1986-pt6/pdf/GPO-CRECB-1986-pt6.pdf,,,,,"28, 1986 (PAGES 7353 TO 8847) UNITED STATES GOVERNMENT PRINTING OFFICE, WASHINGTON, 1986 For sale by the Superintendent of Documents, U.S. Government Printing Office, Washington, D.C. 20402 United States of America Q:ongrtssional Rtcord PROCEEDINGS AND DEBATES OF THE 99th CONGRESS, SECOND SESSION HOUSE OF REPRESENTATIVES-Monday, April14, 1986 The ...",
22,GPO,GPO-CRECB-1986-pt5,,"Volume 132, Part 5 (March 21, 1986 to April 11, 1986)","132 Cong. Rec. (Bound) - Volume 132, Part 5 (March 21, 1986 to April 11, 1986)","Congressional Record (Bound Edition). Friday, April 11, 1986.",https://www.govinfo.gov/app/details/GPO-CRECB-1986-pt5,https://www.govinfo.gov/content/pkg/GPO-CRECB-1986-pt5/pdf/GPO-CRECB-1986-pt5.pdf,,,,,"11, 1986 (PAGES 5875 TO 7352) UNITED STATES GOVERNMENT PRINTING OFFICE, WASHINGTON, 1986 71-059 Q-87-1 (Pt. 5) For sale by the Superintendent of Documents, U.S. Government Printing Office, Washington, D.C. 20402 <rongrrssional Rrcord United States of America PROCEEDINGS AND DEBATES OF THE 99th CONGRESS, SECOND SESSION HOUSE OF ...",
23,GPO,GPO-CRECB-1986-pt4,,"Volume 132, Part 4 (March 12, 1986 to March 20, 1986)","132 Cong. Rec. (Bound) - Volume 132, Part 4 (March 12, 1986 to March 20, 1986)","Congressional Record (Bound Edition). Thursday, March 20, 1986.",https://www.govinfo.gov/app/details/GPO-CRECB-1986-pt4,https://www.govinfo.gov/content/pkg/GPO-CRECB-1986-pt4/pdf/GPO-CRECB-1986-pt4.pdf,,,,,"20, 1986 (PAGES 4385 TO 5873) UNITED STATES GOVERNMENT PRINTING OFFICE, WASHINGTON, 1986 For sale by the Superintendent of Documents, U.S. Government Printing Office, Washington, D.C. 20402 <tongrtssional Record United States of America PROCEEDINGS AND DEBATES OF THE 99th CONGRESS, SECOND SESSION SENATE-Wednesday, March 12, 1986 The Senate met at...",
24,GPO,GPO-CRECB-1986-pt3,,"Volume 132, Part 3 (February 27, 1986 to March 11, 1986)","132 Cong. Rec. (Bound) - Volume 132, Part 3 (February 27, 1986 to March 11, 1986)","Congressional Record (Bound Edition). Tuesday, March 11, 1986.",https://www.govinfo.gov/app/details/GPO-CRECB-1986-pt3,https://www.govinfo.gov/content/pkg/GPO-CRECB-1986-pt3/pdf/GPO-CRECB-1986-pt3.pdf,,,,,"11, 1986 (PAGES 3019 TO 4384) UNITED STATES GOVERNMENT PRINTING OFFICE, WASHINGTON, 1986 For sale by the Superintendent of Documents, U.S. Government Printmg Office, Washington, D.C. 20402 <rongrtssional Rtcord of America PROCEEDINGS AND DEBATES OF THE 99th CONGRESS, SECOND SESSION HOUSE OF REPRESENTATIVES-Thursday, February 27, 1986 The House...",
25,GPO,GPO-CRECB-1986-pt2,,"Volume 132, Part 2 (February 4, 1986 to February 26, 1986)","132 Cong. Rec. (Bound) - Volume 132, Part 2 (February 4, 1986 to February 26, 1986)","Congressional Record (Bound Edition). Wednesday, February 26, 1986.",https://www.govinfo.gov/app/details/GPO-CRECB-1986-pt2,https://www.govinfo.gov/content/pkg/GPO-CRECB-1986-pt2/pdf/GPO-CRECB-1986-pt2.pdf,,,,,"26, 1986 (PAGES 1445 TO 3017) UNITED STATES GOVERNMENT PRINTING OFFICE, WASHlNGTON, 1986 For sale by the Superintendent of Documents, U.S. Government Printing Office, Washington, D.C. 20402 ~; .. ~ <rongrcssional Rccor United States of America PROCEEDINGS AND DEBATES OF THE 99th CONGRESS, SECOND SESSION HOUSE OF REPRESENTATIVES-Tuesday, ...",
26,GPO,GPO-CRECB-1986-pt1,,"Volume 132, Part 1 (January 21, 1986 to February 3, 1986)","132 Cong. Rec. (Bound) - Volume 132, Part 1 (January 21, 1986 to February 3, 1986)","Congressional Record (Bound Edition). Monday, February 3, 1986.",https://www.govinfo.gov/app/details/GPO-CRECB-1986-pt1,https://www.govinfo.gov/content/pkg/GPO-CRECB-1986-pt1/pdf/GPO-CRECB-1986-pt1.pdf,,,,,"3, 1986 (PAGES 1 TO 1444) UNITED STATES GOVERNMENT PRINTING OFFICE, WASHINGTON, 1986 For sale by the Superintendent of Documents, U.S. Government Printing Office, Washington, D.C. 20402 <iongrtssional Rtcord United States of America PROCEEDINGS AND DEBATES OF THE 99th CONGRESS, SECOND SESSION HOUSE OF REPRESENTATIVES-Tuesdaq, January 21, ...",
27,GPO,GPO-CRECB-1985-pt27,,"Volume 131, Part 27 (December 18, 1985 to December 20, 1985)","131 Cong. Rec. (Bound) - Volume 131, Part 27 (December 18, 1985 to December 20, 1985)","Congressional Record (Bound Edition). Friday, December 20, 1985.",https://www.govinfo.gov/app/details/GPO-CRECB-1985-pt27,https://www.govinfo.gov/content/pkg/GPO-CRECB-1985-pt27/pdf/GPO-CRECB-1985-pt27.pdf,,,,,"20, 1985 (PAGES 37519 TO 38848) UNITED STATES GOVERNMENT PRINTING OFFICE, WASHINGTON, 1985 51-059 0-87-1 (Pt. 271 For sale by the Superintendent of Documents, U.S. Government Printing Office, Washington, D.C. 20402 «tongrtssional Rtcord United States of America PROCEEDINGS AND DEBATES OF THE 99th CONGRESS, FIRST SESSION SENATE-Wednesday, ...",
28,GPO,GPO-CRECB-1985-pt28A,,"Volume 131, Part 28A (January 3, 1985 to December 20, 1985)","131 Cong. Rec. (Bound) - Volume 131, Part 28A (January 3, 1985 to December 20, 1985)","Congressional Record (Bound Edition). Friday, December 20, 1985.",https://www.govinfo.gov/app/details/GPO-CRECB-1985-pt28A,https://www.govinfo.gov/content/pkg/GPO-CRECB-1985-pt28A/pdf/GPO-CRECB-1985-pt28A.pdf,,,,,"TO DECEMBER 20, 1985 A-K UNITED STATES GOVERNMENT PRINTING OFFICE, WASHINGTON, 1985 For sale by the Superintendent of Documents, U.S. Government Printing Office, Washington, D.C. 20402 COMPILED UNDER THE DIRECTION OF THE JOINT COMMITTEE ON PRINTING CHARLES Mee. MATHIAS, JR., Senator from Maryland, Chairman FRANK ANNUNZIO, Representative from ...",
29,GPO,GPO-CRECB-1985-pt29,,"Volume 131, Part 29 (January 3, 1985 to December 20, 1985)","131 Cong. Rec. (Bound) - Volume 131, Part 29 (January 3, 1985 to December 20, 1985)","Congressional Record (Bound Edition). Friday, December 20, 1985.",https://www.govinfo.gov/app/details/GPO-CRECB-1985-pt29,https://www.govinfo.gov/content/pkg/GPO-CRECB-1985-pt29/pdf/GPO-CRECB-1985-pt29.pdf,,,,,", WASHINGTON, 1983 For sale by the Superintendent of Documents, U.S. Government Printing Office, Washington, D.C. 20402 Daily Thursday, january 3, 1985 Senate Chamber Action Routine Proceedings, pages 37-344 Measures Introduced: 194 bills and 59 resolutions were introduced, as follows: S. 1-194, SJ. Res. 1-16, S. Con. Res. 1-5, and S. Res. 1-...",
30,GPO,GPO-CRECB-1985-pt28B,,"Volume 131, Part 28B (January 3, 1985 to December 20, 1985)","131 Cong. Rec. (Bound) - Volume 131, Part 28B (January 3, 1985 to December 20, 1985)","Congressional Record (Bound Edition). Friday, December 20, 1985.",https://www.govinfo.gov/app/details/GPO-CRECB-1985-pt28B,https://www.govinfo.gov/content/pkg/GPO-CRECB-1985-pt28B/pdf/GPO-CRECB-1985-pt28B.pdf,,,,,"TO DECEMBER 20, 1985 L-Z and History of Bills UNITED STATES GOVERNMENT PRINTING OFFICE, WASHINGTON, 1985 For sale by the Superintendent of Documents, U.S. Government Printing Office, Washington, D.C. 20402 . COMPILED UNDER THE DIRECTION JOINT COMMITTEE ON PRINTING CHARLES McC. MATHIAS, JR., Senator from Maryland, Chairman FRANK ANNUNZIO, ...",
31,GPO,GPO-CRECB-1985-pt26,,"Volume 131, Part 26 (December 11, 1985 to December 17, 1985)","131 Cong. Rec. (Bound) - Volume 131, Part 26 (December 11, 1985 to December 17, 1985)","Congressional Record (Bound Edition). Tuesday, December 17, 1985.",https://www.govinfo.gov/app/details/GPO-CRECB-1985-pt26,https://www.govinfo.gov/content/pkg/GPO-CRECB-1985-pt26/pdf/GPO-CRECB-1985-pt26.pdf,,,,,"DECEMBER 17, 1985 (PAGES 35843 TO 37518) UNITED STATES GOVERNMENT PRINTING OFFICE, WASHINGTON. l<>R"" For sale by the Superintendent of Documents, U.S. Government Printing Office, Washington, D.C. 20402 <tongrtssional Rtcord United States of America PROCEEDINGS AND DEBATES OF THE 99th CONGRESS, FIRST SESSION SENATE-Wednesday, December 11, 1985 The ...",
32,GPO,GPO-CRECB-1985-pt25,,"Volume 131, Part 25 (December 5, 1985 to December 10, 1985)","131 Cong. Rec. (Bound) - Volume 131, Part 25 (December 5, 1985 to December 10, 1985)","Congressional Record (Bound Edition). Tuesday, December 10, 1985.",https://www.govinfo.gov/app/details/GPO-CRECB-1985-pt25,https://www.govinfo.gov/content/pkg/GPO-CRECB-1985-pt25/pdf/GPO-CRECB-1985-pt25.pdf,,,,,"10, 1985 (PAGES 34387 TO 35842) UNITED STATES GOVERNMENT PRINTING OFFICE, WASHINGTON, 1985 For sale by the Superintendent of Documents, U .S . Government Printing Office, Washington, D.C. 20402 <rongrrssional1Rtcord United States of America PROCEEDINGS AND DEBATES OF THE 99th CONGRESS, FIRST SESSION SENATE-Thursday, December 5, 1985 (...",
33,GPO,GPO-CRECB-1985-pt24,,"Volume 131, Part 24 (November 21, 1985 to December 4, 1985)","131 Cong. Rec. (Bound) - Volume 131, Part 24 (November 21, 1985 to December 4, 1985)","Congressional Record (Bound Edition). Wednesday, December 4, 1985.",https://www.govinfo.gov/app/details/GPO-CRECB-1985-pt24,https://www.govinfo.gov/content/pkg/GPO-CRECB-1985-pt24/pdf/GPO-CRECB-1985-pt24.pdf,,,,,"4, 1985 (PAGES 3290CJ TO 34386) UNITED STATES GOVERNMENT PRINTING OFFICE, WASHINGTON, 1985 For sale by the Superintendent of Document.a, U.S. Government Printing Office, Washington, D.C. 20402 <tongrtssional Rtcord United States of America PROCEEDINGS AND DEBATES OF THE 99th CONGRESS, FIRST SESSION HOUSE OF REPRESENTATIVES-Thursday November...",
34,GPO,GPO-CRECB-1985-pt23,,"Volume 131, Part 23 (November 13, 1985 to November 20, 1985)","131 Cong. Rec. (Bound) - Volume 131, Part 23 (November 13, 1985 to November 20, 1985)","Congressional Record (Bound Edition). Wednesday, November 20, 1985.",https://www.govinfo.gov/app/details/GPO-CRECB-1985-pt23,https://www.govinfo.gov/content/pkg/GPO-CRECB-1985-pt23/pdf/GPO-CRECB-1985-pt23.pdf,,,,,"20, 1985 (PAGES 31557 TO 32907) UNITED STATES GOVERNMENT PRINTING OFFICE, WASHINGTON, 1985 For sale by the Superintendent of Documents. U.S. Government Printin~ Offir.P.. WMhin~rt.nn n ,.. ?o.to? <rongressional Record United States of America PROCEEDINGS AND DEBATES OF THE 99th CONGRESS, FIRST SESSION HOUSE OF REPRESENTATIVES-Wednesday, ...",
35,GPO,GPO-CRECB-1985-pt22,,"Volume 131, Part 22 (November 1, 1985 to November 12, 1985)","131 Cong. Rec. (Bound) - Volume 131, Part 22 (November 1, 1985 to November 12, 1985)","Congressional Record (Bound Edition). Tuesday, November 12, 1985.",https://www.govinfo.gov/app/details/GPO-CRECB-1985-pt22,https://www.govinfo.gov/content/pkg/GPO-CRECB-1985-pt22/pdf/GPO-CRECB-1985-pt22.pdf,,,,,"1, 1985 The House met at 11 a.m. The Chaplain, Rev. James David Ford, D.D., offered the following prayer: We remember with appreciation, 0 God, those women and men whose dedication to their tasks and long hours of effort make a vital contribu- tion to this institution. We are grate- ful that in complex and difficult issues there are people of ...",
36,GPO,GPO-CRECB-1985-pt21,,"Volume 131, Part 21 (October 23, 1985 to October 31, 1985)","131 Cong. Rec. (Bound) - Volume 131, Part 21 (October 23, 1985 to October 31, 1985)","Congressional Record (Bound Edition). Thursday, October 31, 1985.",https://www.govinfo.gov/app/details/GPO-CRECB-1985-pt21,https://www.govinfo.gov/content/pkg/GPO-CRECB-1985-pt21/pdf/GPO-CRECB-1985-pt21.pdf,,,,,"31, 1985 (PAGES 28491 TO 30116) UNITED STATES GOVERNMENT PRINTING OFFICE, WASHINGTON, 1985 For sale by the Superintendent of Documents, U.S. Government Printing Office, Washington, D.C. 20402 «tongrtssional Rtcord United States of America PROCEEDINGS AND DEBATES OF THE 99th CONGRESS, FIRST SESSION SENATE-Wednesday, October 23, 1985 The Senate ...",
37,GPO,GPO-CRECB-1985-pt20,,"Volume 131, Part 20 (October 10, 1985 to October 22, 1985)","131 Cong. Rec. (Bound) - Volume 131, Part 20 (October 10, 1985 to October 22, 1985)","Congressional Record (Bound Edition). Tuesday, October 22, 1985.",https://www.govinfo.gov/app/details/GPO-CRECB-1985-pt20,https://www.govinfo.gov/content/pkg/GPO-CRECB-1985-pt20/pdf/GPO-CRECB-1985-pt20.pdf,,,,,"22, 1985 (PAGES 27053 TO 28489) UNITED STATES GOVERNMENT PRINTING OFFICE, WASHINGTON, 1985 For sale by the Superintendent of Documents, U.S. Government Printing Office, Washington, D.C. 20402 Q:ongrtssional 1Rtcord United States of America PROCEEDINGS AND DEBATES OF THE 99th CONGRESS, FIRST SESSION HOUSE OF REPRESENTATIVES-Thursday, October ...",
38,GPO,GPO-CRECB-1985-pt19,,"Volume 131, Part 19 (October 2, 1985 to October 9, 1985)","131 Cong. Rec. (Bound) - Volume 131, Part 19 (October 2, 1985 to October 9, 1985)","Congressional Record (Bound Edition). Wednesday, October 9, 1985.",https://www.govinfo.gov/app/details/GPO-CRECB-1985-pt19,https://www.govinfo.gov/content/pkg/GPO-CRECB-1985-pt19/pdf/GPO-CRECB-1985-pt19.pdf,,,,,"9, 1985 (PAGES 25539 TO 27052) UNITED STATES GOVERNMENT PRINTING OFFICE, WASHINGTON, 1985 For sale by the Superintendent of Documents, U.S. Government Printing Office, Washington, D .C. 20402 <rongrtssional Record United States of America PROCEEDINGS AND DEBATES OF THE 99th CONGRESS, FIRST SESSION SENATE-Wednesday, October 2, 1985 The Senate met...",
39,GPO,GPO-CRECB-1985-pt18,,"Volume 131, Part 18 (September 19, 1985 to October 1, 1985)","131 Cong. Rec. (Bound) - Volume 131, Part 18 (September 19, 1985 to October 1, 1985)","Congressional Record (Bound Edition). Tuesday, October 1, 1985.",https://www.govinfo.gov/app/details/GPO-CRECB-1985-pt18,https://www.govinfo.gov/content/pkg/GPO-CRECB-1985-pt18/pdf/GPO-CRECB-1985-pt18.pdf,,,,,"1, 1985 (PAGES 24227 TO 25538) UNITED STATES GOVERNMENT PRINTING OFFICE, WASHINGTON, 1985 For sale by the Superintendent of Documents. U .S. Government Printing Office. Washington , D.C . 20402 <tongrtssional Rtrord United States of America PROCEEDINGS AND DEBATES OF THE 99th CONGRESS, FIRST SESSION HOUSE OF REPRESENTATIVES-Thursday, ...",
40,GPO,GPO-CRECB-1985-pt17,,"Volume 131, Part 17 (September 4, 1985 to September 18, 1985)","131 Cong. Rec. (Bound) - Volume 131, Part 17 (September 4, 1985 to September 18, 1985)","Congressional Record (Bound Edition). Wednesday, September 18, 1985.",https://www.govinfo.gov/app/details/GPO-CRECB-1985-pt17,https://www.govinfo.gov/content/pkg/GPO-CRECB-1985-pt17/pdf/GPO-CRECB-1985-pt17.pdf,,,,,"18, 1985 (PAGES 22835 TO 24226) UNITED STATES GOVERNMENT PRINTING OFFICE, WASHINGTON, 1985 For sale by the Superintendent of Documents, U.S. Government Printing Office, Washington . D.C. 20402 «tongrtssional Rtrord United States of America PROCEEDINGS AND DEBATES OF THE 99th CONGRESS, FIRST SESSION HOUSE OF REPRESENTATIVES-Wednesday, ...",
41,GPO,GPO-CRECB-1985-pt16,,"Volume 131, Part 16 (July 30, 1985 to August 14, 1985)","131 Cong. Rec. (Bound) - Volume 131, Part 16 (July 30, 1985 to August 14, 1985)","Congressional Record (Bound Edition). Wednesday, August 14, 1985.",https://www.govinfo.gov/app/details/GPO-CRECB-1985-pt16,https://www.govinfo.gov/content/pkg/GPO-CRECB-1985-pt16/pdf/GPO-CRECB-1985-pt16.pdf,,,,,"14, 1985 (PAGES 21287 TO 22834) UNITED STATES GOVERNMENT PRINTING OFFICE, WASHINGTON, 1985 51-059 0-86-1 (Pt. 16) For sale by the Superintendent of Documents, U.S. Government Printing Office, Washington, D.C. 20402 <Longrtssional Rtc·ord United States of America PROCEEDINGS AND DEBATES OF THE 99th CONGRESS, FIRST SESSION SENATE-Tuesday July 30, ...",
42,GPO,GPO-CRECB-1985-pt15,,"Volume 131, Part 15 (July 23, 1985 to July 29, 1985)","131 Cong. Rec. (Bound) - Volume 131, Part 15 (July 23, 1985 to July 29, 1985)","Congressional Record (Bound Edition). Monday, July 29, 1985.",https://www.govinfo.gov/app/details/GPO-CRECB-1985-pt15,https://www.govinfo.gov/content/pkg/GPO-CRECB-1985-pt15/pdf/GPO-CRECB-1985-pt15.pdf,,,,,"29, 1985 (PAGES 19939 TO 21286) UNITED STATES GOVERNMENT PRINTING OFFICE, WASHINGTON, 1985 For sale by the Superintendent of Documents, U.S. Government Printing Office, Washington, D.C. 20402 <rongrtssional 1Rtcord United States of America PROCEEDINGS AND DEBATES OF THE 99th CONGRESS, FIRST SESSION SENATE-Tuesday, July 23, 1985 The Senate met at 2...",
43,GPO,GPO-CRECB-1985-pt14,,"Volume 131, Part 14 (July 11, 1985 to July 22, 1985)","131 Cong. Rec. (Bound) - Volume 131, Part 14 (July 11, 1985 to July 22, 1985)","Congressional Record (Bound Edition). Monday, July 22, 1985.",https://www.govinfo.gov/app/details/GPO-CRECB-1985-pt14,https://www.govinfo.gov/content/pkg/GPO-CRECB-1985-pt14/pdf/GPO-CRECB-1985-pt14.pdf,,,,,"22, 1985 (PAGES 18545 TO 19938) UNITED STATES GOVERNMENT PRINTING OFFICE, WASHINGTON, 1985 For sale by the Superintendent of Documents, U.S. Government Printing Office, Washington, D .C . 20402 <rongrrssional Rtrord United States of America PROCEEDINGS AND DEBATES OF THE 99th CONGRESS, FIRST SESSION HOUSE OF REPRESENTATIVES-Thursday, July 11, 1985 ...",
44,GPO,GPO-CRECB-1985-pt13,,"Volume 131, Part 13 (June 26, 1985 to July 10, 1985)","131 Cong. Rec. (Bound) - Volume 131, Part 13 (June 26, 1985 to July 10, 1985)","Congressional Record (Bound Edition). Wednesday, July 10, 1985.",https://www.govinfo.gov/app/details/GPO-CRECB-1985-pt13,https://www.govinfo.gov/content/pkg/GPO-CRECB-1985-pt13/pdf/GPO-CRECB-1985-pt13.pdf,,,,,"10, 1985 (PAGES 17275 TO 18543) UNITED STATES GOVERNMENT PRINTING OFFICE, WASHINGTON, 1985 For sale by the Superintendent of Documents, U.S. Government Printing Office, Washington, D .C. 20402 {~-~' <rongrtssional Rtcord United States of America PROCEEDINGS AND DEBATES OF THE 99th CONGRESS, FIRST SESSION SENATE-Wednesday, June 26, 1985 The Senate ...",
45,GPO,GPO-CRECB-1985-pt12,,"Volume 131, Part 12 (June 17, 1985 to June 25, 1985)","131 Cong. Rec. (Bound) - Volume 131, Part 12 (June 17, 1985 to June 25, 1985)","Congressional Record (Bound Edition). Tuesday, June 25, 1985.",https://www.govinfo.gov/app/details/GPO-CRECB-1985-pt12,https://www.govinfo.gov/content/pkg/GPO-CRECB-1985-pt12/pdf/GPO-CRECB-1985-pt12.pdf,,,,,"25, 1985 (PAGES 15815 TO 17273) UNITED STATES GOVERNMENT PRINTING OFFICE, WASHINGTON, 1985 For sale by the Superintendent of Documents, U.S. Government Printing Office, Washington , D .C. 20402 v{;ffe (!ongrrssional Record United States of America PROCEEDINGS AND DEBATES OF THE 99th CONGRESS, FIRST SESSION HOUSE OF REPRESENTATIVES-Monday, June 17, ...",
46,GPO,GPO-CRECB-1985-pt11,,"Volume 131, Part 11 (June 5, 1985 to June 13, 1985)","131 Cong. Rec. (Bound) - Volume 131, Part 11 (June 5, 1985 to June 13, 1985)","Congressional Record (Bound Edition). Thursday, June 13, 1985.",https://www.govinfo.gov/app/details/GPO-CRECB-1985-pt11,https://www.govinfo.gov/content/pkg/GPO-CRECB-1985-pt11/pdf/GPO-CRECB-1985-pt11.pdf,,,,,"13, 1985 (PAGES 14267 TO 15814) UNITED STATES GOVERNMENT PRINTING OFFICE, WASHINGTON, 1985 For sale by the Superintendent of Documents, U.S. Government Printing Office, Washington, D.C. 20402 Q:ongrtssional 1Rtcord United States of America PROCEEDINGS AND DEBATES OF THE 99th CONGRESS, FIRST SESSION HOUSE OF REPRESENTATIVES-Wednesday, June 5, 1985 ...",
47,GPO,GPO-CRECB-1985-pt10,,"Volume 131, Part 10 (May 21, 1985 to June 4, 1985)","131 Cong. Rec. (Bound) - Volume 131, Part 10 (May 21, 1985 to June 4, 1985)","Congressional Record (Bound Edition). Tuesday, June 4, 1985.",https://www.govinfo.gov/app/details/GPO-CRECB-1985-pt10,https://www.govinfo.gov/content/pkg/GPO-CRECB-1985-pt10/pdf/GPO-CRECB-1985-pt10.pdf,,,,,"1985 (PAGES 12703 TO 14265) UNITED STATES GOVERNMENT PRINTING OFFICE, WASHINGTON, 1985 For sale by the Superintendent of Documents, U.S. Government Printing Office, Washington, D.C. 20402 «Longrtssional Rtcord United States of America PROCEEDINGS AND DEBATES OF THE 99th CONGRESS, FIRST SESSION HOUSE OF REPRESENTATIVES-Tuesday, May 21, 1985 The ...",
48,GPO,GPO-CRECB-1985-pt9,,"Volume 131, Part 9 (May 9, 1985 to May 20, 1985)","131 Cong. Rec. (Bound) - Volume 131, Part 9 (May 9, 1985 to May 20, 1985)","Congressional Record (Bound Edition). Monday, May 20, 1985.",https://www.govinfo.gov/app/details/GPO-CRECB-1985-pt9,https://www.govinfo.gov/content/pkg/GPO-CRECB-1985-pt9/pdf/GPO-CRECB-1985-pt9.pdf,,,,,"(PAGES 11237 TO 12701) UNITED STATES GOVERNMENT PRINTING OFFICE, WASHINGTON, 1985 For sale by the Superintendent of Documents, U.S. Government Printing Office, Washington, D.C. 20402 «rongrtssional1Rtcord United States of America PROCEEDINGS AND DEBATES OF THE 99th CONGRESS, FIRST SESSION HOUSE OF REPRESENTATIVES-Thursday, Mag 9, 1985 The House ...",
49,GPO,GPO-CRECB-1985-pt8,,"Volume 131, Part 8 (May 1, 1985 to May 8, 1985)","131 Cong. Rec. (Bound) - Volume 131, Part 8 (May 1, 1985 to May 8, 1985)","Congressional Record (Bound Edition). Wednesday, May 8, 1985.",https://www.govinfo.gov/app/details/GPO-CRECB-1985-pt8,https://www.govinfo.gov/content/pkg/GPO-CRECB-1985-pt8/pdf/GPO-CRECB-1985-pt8.pdf,,,,,"(PAGES 9981 TO 11236) UNITED STATES GOVERNMENT PRINTING OFFICE, WASHINGTON, 1985 51-059 0-86-1 (pt. 8) For sale by the Superintendent of Documents, U.S. Government Printing Office, Washington, D.C. 20402 «tongrtssional Rtcord United States of America PROCEEDINGS AND DEBATES OF THE 99th CONGRESS, FIRST SESSION HOUSE OF REPRESENTATIVES-Wednesday, ...",
50,GPO,GPO-CRECB-1985-pt7,,"Volume 131, Part 7 (April 22, 1985 to April 30, 1985)","131 Cong. Rec. (Bound) - Volume 131, Part 7 (April 22, 1985 to April 30, 1985)","Congressional Record (Bound Edition). Tuesday, April 30, 1985.",https://www.govinfo.gov/app/details/GPO-CRECB-1985-pt7,https://www.govinfo.gov/content/pkg/GPO-CRECB-1985-pt7/pdf/GPO-CRECB-1985-pt7.pdf,,,,,"30, 1985 (PAGES 8541 TO 9980) UNITED STATES GOVERNMENT PRINTING OFFICE, WASHINGTON, 1985 51-059 0-86-1 (pt. 7) For sale by the Superintendent of Documents, U.S . Government Printing Office, Washington, D.C. 20402 <tongrrssional 1Rtcord United States of America PROCEEDINGS AND DEBATES OF THE 99th CONGRESS, FIRST SESSION SENATE-Monday, April 22, 1985...",
51,GPO,GPO-CRECB-1985-pt6,,"Volume 131, Part 6 (April 2, 1985 to April 18, 1985)","131 Cong. Rec. (Bound) - Volume 131, Part 6 (April 2, 1985 to April 18, 1985)","Congressional Record (Bound Edition). Thursday, April 18, 1985.",https://www.govinfo.gov/app/details/GPO-CRECB-1985-pt6,https://www.govinfo.gov/content/pkg/GPO-CRECB-1985-pt6/pdf/GPO-CRECB-1985-pt6.pdf,,,,,", 1985 (PAGES 7009 TO 8539) UNITED STATES GOVERNMENT PRINTING OFFICE, WASHINGTON, 1985 For sale by the Superintendent of Documents, U.S. Government Printing Office, Washington, D.C. 20402 <tQngrtssional Recorll United States of America PROCEEDINGS AND DEBATES OF THE 99th CONGRESS, FIRST SESSION SENATE-Tuesday, April2, 1985 The Senate met at 2 p.m....",
52,GPO,GPO-CRECB-1985-pt5,,"Volume 131, Part 5 (March 20, 1985 to April 1, 1985)","131 Cong. Rec. (Bound) - Volume 131, Part 5 (March 20, 1985 to April 1, 1985)","Congressional Record (Bound Edition). Monday, April 1, 1985.",https://www.govinfo.gov/app/details/GPO-CRECB-1985-pt5,https://www.govinfo.gov/content/pkg/GPO-CRECB-1985-pt5/pdf/GPO-CRECB-1985-pt5.pdf,,,,,", 1985 (PAGES 5673 TO 7007) UNITED STATES GOVERNMENT PRINTING OFFICE, WASHINGTON, 1985 For sale by the Superintendent of Documents, U .S. Government Printing Office, Washington, D.C. 20402 \ I I Q:ongrtssional Rtcord United States of America PROCEEDINGS AND DEBATES OF THE 99th CONGRESS, FIRST SESSION HOUSE OF REPRESENTATIVES-Wednesday, March 20, ...",
53,GPO,GPO-CRECB-1985-pt4,,"Volume 131, Part 4 (March 4, 1985 to March 19, 1985)","131 Cong. Rec. (Bound) - Volume 131, Part 4 (March 4, 1985 to March 19, 1985)","Congressional Record (Bound Edition). Tuesday, March 19, 1985.",https://www.govinfo.gov/app/details/GPO-CRECB-1985-pt4,https://www.govinfo.gov/content/pkg/GPO-CRECB-1985-pt4/pdf/GPO-CRECB-1985-pt4.pdf,,,,,", 1985 (PAGES 4275 TO 5671) UNITED STATES GOVERNMENT PRINTING OFFICE, WASHINGTON, 1985 51-059 0-86-1 <Pt. 4) For sale by the Superintendent of Documents, U.S. Government Printing Office, Washington, D.C. 20402 United States of America . <tongrtssional1Rtrord PROCEEDINGS AND DEBATES OF THE 99th CONGRESS, FIRST SESSION SENATE-Monday, March 4, 1985 (...",
54,GPO,GPO-CRECB-1985-pt3,,"Volume 131, Part 3 (February 21, 1985 to February 28, 1985)","131 Cong. Rec. (Bound) - Volume 131, Part 3 (February 21, 1985 to February 28, 1985)","Congressional Record (Bound Edition). Thursday, February 28, 1985.",https://www.govinfo.gov/app/details/GPO-CRECB-1985-pt3,https://www.govinfo.gov/content/pkg/GPO-CRECB-1985-pt3/pdf/GPO-CRECB-1985-pt3.pdf,,,,,"28, 1985 (PAGES 2877 TO 4274) UNITED STATES GOVERNMENT PRINTING OFFICE, WASHINGTON, 1985 For sale by the Superintendent of Documents, U.S. Government Printing Office, Washington, D.C. 20402 ....__ Q:ongrcssional Record United States of America PROCEEDINGS AND DEBATES OF THE 99th CONGRESS, FIRST SESSION HOUSE OF REPRESENTATIVES-Thursday, ...",
55,GPO,GPO-CRECB-1985-pt2,,"Volume 131, Part 2 (January 31, 1985 to February 20, 1985)","131 Cong. Rec. (Bound) - Volume 131, Part 2 (January 31, 1985 to February 20, 1985)","Congressional Record (Bound Edition). Wednesday, February 20, 1985.",https://www.govinfo.gov/app/details/GPO-CRECB-1985-pt2,https://www.govinfo.gov/content/pkg/GPO-CRECB-1985-pt2/pdf/GPO-CRECB-1985-pt2.pdf,,,,,"20, 1985 (PAGES 1361 TO 2875) MAR -4 19&1 UNITED STATES GOVERNMENT PRINTING OFFICE, WASHINGTON, 1985 51-059 0-86-1 (pt. 2) For sale by the Superintendent of Documents, U.S. Government Printing Office, Washington, D.C. 20402 <iongrrssional Record United States of America PROCEEDINGS AND DEBATES OF THE 99th CONGRESS, FIRST SESSION HOUSE OF ...",
56,GPO,GPO-CRECB-1985-pt1,,"Volume 131, Part 1 (January 3, 1985 to January 30, 1985)","131 Cong. Rec. (Bound) - Volume 131, Part 1 (January 3, 1985 to January 30, 1985)","Congressional Record (Bound Edition). Wednesday, January 30, 1985.",https://www.govinfo.gov/app/details/GPO-CRECB-1985-pt1,https://www.govinfo.gov/content/pkg/GPO-CRECB-1985-pt1/pdf/GPO-CRECB-1985-pt1.pdf,,,,,"30, 1985 (PAGES 1 TO 1359) UNITED STATES GOVERNMENT PRINTING OFFICE, WASHING TON, 1985 51-()59 0-86- 1 (pt. 1) For sale by the Superintendent of Documents, U.S. Government Printing Office, Washington, D.C. 20402 <rongrrssionaiRrcord United States of America PROCEEDINGS AND DEBATES OF THE 99th CONGRESS, FIRST SESSION SENATE-Thursday, January 3, ...",