index,collectionCode,packageId,granuleId,title,line1,line2,detailsLink,pdfLink,htmlLink,xmlLink,otherLink1,otherLink2,teaser,historical
1,GPO,GPO-CRECB-1984-pt24B,,"Volume 130, Part 24B (January 23, 1984 to October 12, 1984)","130 Cong. Rec. (Bound) - Volume 130, Part 24B (January 23, 1984 to October 12, 1984)","Congressional Record (Bound Edition). Friday, October 12, 1984.",https://www.govinfo.gov/app/details/GPO-CRECB-1984-pt24B,https://www.govinfo.gov/content/pkg/GPO-CRECB-1984-pt24B/pdf/GPO-CRECB-1984-pt24B.pdf,,,,,", TO OCTOBER 12, 1984 L-Z and History of Bills UNITED STATES GOVERNMENT PRINTING OFFICE, WASHINGTON, 1984 31-059 0 - 92 Vol. 2 (Pt. 24) 1 For sale by the U.S. Government Printing Office Superintendent of Documents, Mail Stop: SSOP, Washington, DC 20402-9328 NAMES AND POST OFFICE ADDRESSES OF MEMBERS OF THE UNITED STATES SENATE TN THE SECOND ...",
2,GPO,GPO-CRECB-1984-pt25,,"Volume 130, Part 25 (January 23, 1984 to October 12, 1984)","130 Cong. Rec. (Bound) - Volume 130, Part 25 (January 23, 1984 to October 12, 1984)","Congressional Record (Bound Edition). Friday, October 12, 1984.",https://www.govinfo.gov/app/details/GPO-CRECB-1984-pt25,https://www.govinfo.gov/content/pkg/GPO-CRECB-1984-pt25/pdf/GPO-CRECB-1984-pt25.pdf,,,,,"OFFICE, WASHINGTON, 1984 For sale by the Superintendent of Documents, U.S. Government Printing Office, Washington, D.C. 20402 Daily Monday, January 23, 1984 Senate Chamber Action Routine Proceedings, pages 1-73 Measures Introduced: Six bills and six resolutions were introduced, as follows: S. 2199-2204, SJ. Res. 210, and S. Res. 303-307. Page 46 ...",
3,GPO,GPO-CRECB-1984-pt23,,"Volume 130, Part 23 (October 11, 1984 to October 12, 1984)","130 Cong. Rec. (Bound) - Volume 130, Part 23 (October 11, 1984 to October 12, 1984)","Congressional Record (Bound Edition). Friday, October 12, 1984.",https://www.govinfo.gov/app/details/GPO-CRECB-1984-pt23,https://www.govinfo.gov/content/pkg/GPO-CRECB-1984-pt23/pdf/GPO-CRECB-1984-pt23.pdf,,,,,"OCTOBER 12, 1984 (PAGES 31775 TO 32616) ' UNITED STATES GOVERNMENT PRINTING OFFICE, WASHINGTON, 1984 i .. ' . •,I~ .. For sale by the Superintendent of Documents, U.S. Government Printing Office, Washington, D.C. 20402 Q:ongrtssional Rtcord United States of America PROCEEDINGS AND DEBATES OF THE 98th CONGRESS, SECOND SESSION SENATE-Thursday, ...",
4,GPO,GPO-CRECB-1984-pt24A,,"Volume 130, Part 24A (January 23, 1984 to October 12, 1984)","130 Cong. Rec. (Bound) - Volume 130, Part 24A (January 23, 1984 to October 12, 1984)","Congressional Record (Bound Edition). Friday, October 12, 1984.",https://www.govinfo.gov/app/details/GPO-CRECB-1984-pt24A,https://www.govinfo.gov/content/pkg/GPO-CRECB-1984-pt24A/pdf/GPO-CRECB-1984-pt24A.pdf,,,,,"JR., Senator from Maryland, Vice Chainnan JOSEPH M. GAYDOS, Representative from Pennsylvania ED JONES, Representative from Tennessee BARBARA F. VucANOVICH, Representative from Nevada PAT ROBERTS, Representative from Kansas MARK 0. HATFIELD, Senator from Oregon HOWARD H. BAKER, JR., Senator from Tennessee WENDELL H. FoRD, Senator from Kentucky ...",
5,GPO,GPO-CRECB-1984-pt22,,"Volume 130, Part 22 (October 5, 1984 to October 10, 1984)","130 Cong. Rec. (Bound) - Volume 130, Part 22 (October 5, 1984 to October 10, 1984)","Congressional Record (Bound Edition). Wednesday, October 10, 1984.",https://www.govinfo.gov/app/details/GPO-CRECB-1984-pt22,https://www.govinfo.gov/content/pkg/GPO-CRECB-1984-pt22/pdf/GPO-CRECB-1984-pt22.pdf,,,,,"10, 1984 (PAGES 30291 TO 31773) UNITED STATES GOVERNMENT PRINTING OFFICE, WASHINGTON, 1984 For sale by the Superintendent of Documents, U.S. Government Printing Office, Washington, D.C. 20402 Q:ongrtssional Rtcord United States of America PROCEEDINGS AND DEBATES OF THE 98th CONGRESS, SECOND SESSION HOUSE OF REPRESENTATIVES-Friday, October 5, ...",
6,GPO,GPO-CRECB-1984-pt21,,"Volume 130, Part 21 (October 3, 1984 to October 4, 1984)","130 Cong. Rec. (Bound) - Volume 130, Part 21 (October 3, 1984 to October 4, 1984)","Congressional Record (Bound Edition). Thursday, October 4, 1984.",https://www.govinfo.gov/app/details/GPO-CRECB-1984-pt21,https://www.govinfo.gov/content/pkg/GPO-CRECB-1984-pt21/pdf/GPO-CRECB-1984-pt21.pdf,,,,,"4, 1984 (PAGES 28831 TO 30289) UNITED STATES GOVERNMENT PRINTING OFFICE, WASHINGTON, 1984 For sale by the Superintendent of Documents, U.S. Government Printing Office, Washington, D.C. 20402 «tongrtssional Rtcord United States of America PROCEEDINGS AND DEBATES OF THE 98tb CONGRESS, SECOND SESSION SENATE-Wednesday, October 3, 1984 (...",
7,GPO,GPO-CRECB-1984-pt20,,"Volume 130, Part 20 (September 27, 1984 to October 2, 1984)","130 Cong. Rec. (Bound) - Volume 130, Part 20 (September 27, 1984 to October 2, 1984)","Congressional Record (Bound Edition). Tuesday, October 2, 1984.",https://www.govinfo.gov/app/details/GPO-CRECB-1984-pt20,https://www.govinfo.gov/content/pkg/GPO-CRECB-1984-pt20/pdf/GPO-CRECB-1984-pt20.pdf,,,,,"OCTOBER 2, 1984 (PAGES 27393 TO 28830) UNITED STATES GOVERNMENT PRINTING OFFICE, WASHINGTON, 1984 31-059 0-87-1 (Pt. 20) For sale by the Superintendent of Documents, U.S. Government Printing Office, Washington, D.C. 20402 «tongrtssional Rtcord United States of America PROCEEDINGS AND DEBATES OF THE 98th CONGRESS, SECOND SESSION SENATE-Thursday, ...",
8,GPO,GPO-CRECB-1984-pt19,,"Volume 130, Part 19 (September 19, 1984 to September 26, 1984)","130 Cong. Rec. (Bound) - Volume 130, Part 19 (September 19, 1984 to September 26, 1984)","Congressional Record (Bound Edition). Wednesday, September 26, 1984.",https://www.govinfo.gov/app/details/GPO-CRECB-1984-pt19,https://www.govinfo.gov/content/pkg/GPO-CRECB-1984-pt19/pdf/GPO-CRECB-1984-pt19.pdf,,,,,"26, 1984 (PAGES 25963 TO 27392) UNITED STATES GOVERNMENT PRINTING OFFICE, WASHINGTON, 1984 For sale by the Superintendent of Documents, U .S. Government Printing Office, Washington, D.C. 20402 <tongrtssional Rtcord United States of America PROCEEDINGS AND DEBATES OF THE 98th CONGRESS, SECOND SESSION SENATE-Wednesday, September 19, 1984 (...",
9,GPO,GPO-CRECB-1984-pt18,,"Volume 130, Part 18 (September 10, 1984 to September 18, 1984)","130 Cong. Rec. (Bound) - Volume 130, Part 18 (September 10, 1984 to September 18, 1984)","Congressional Record (Bound Edition). Tuesday, September 18, 1984.",https://www.govinfo.gov/app/details/GPO-CRECB-1984-pt18,https://www.govinfo.gov/content/pkg/GPO-CRECB-1984-pt18/pdf/GPO-CRECB-1984-pt18.pdf,,,,,"SEPTEMBER 18, 1984 (PAGES 24619 TO 25961) UNITED STATES GOVERNMENT PRINTING OFFICE, WASHINGTON, 1984 For sale by the Superintendent of Documents, U.S. Government Printing Office, Washington, D.C. 20402 <tongrtssional1Rtco~d United State:; of America PROCEEDINGS AND DEBATES OF THE 98th CONGRESS, SECOND SESSION HOUSE OF REPRESENTATIVES-Monday, ...",
10,GPO,GPO-CRECB-1984-pt17,,"Volume 130, Part 17 (August 9, 1984 to September 7, 1984)","130 Cong. Rec. (Bound) - Volume 130, Part 17 (August 9, 1984 to September 7, 1984)","Congressional Record (Bound Edition). Friday, September 7, 1984.",https://www.govinfo.gov/app/details/GPO-CRECB-1984-pt17,https://www.govinfo.gov/content/pkg/GPO-CRECB-1984-pt17/pdf/GPO-CRECB-1984-pt17.pdf,,,,,"7, 1984 (PAGES 23215 TO 24618) UNITED STATES GOVERNMENT PRINTING OFFICE, WASHINGTON, 1984 For sale by the Superintendent of Documents, U.S. Government Printing Office, Washington, D.C. 20402 «tongrtssional Rrcord United States of America PROCEEDINGS AND DEBATES OF THE 98tb CONGRESS, SECOND SESSION SENATE-Thursday, August 9, 1984 The Senate ...",
11,GPO,GPO-CRECB-1984-pt16,,"Volume 130, Part 16 (July 31, 1984 to August 8, 1984)","130 Cong. Rec. (Bound) - Volume 130, Part 16 (July 31, 1984 to August 8, 1984)","Congressional Record (Bound Edition). Wednesday, August 8, 1984.",https://www.govinfo.gov/app/details/GPO-CRECB-1984-pt16,https://www.govinfo.gov/content/pkg/GPO-CRECB-1984-pt16/pdf/GPO-CRECB-1984-pt16.pdf,,,,,"8, 1984 (PAGES 21573 TO 23213) UNITED STATES GOVERNMENT PRINTING OFFICE, WASHINGTON, 1984 For sale by the Superintendent of Documents, U.S. Government Printing Office, Washington, D.C. 20402 Q:ongrtssional Rtcord United States of America PROCEEDINGS AND DEBATES OF THE 98th CONGRESS, SECOND SESSION SENATE-Tuesday, July 31, 1984 The Senate met at ...",
12,GPO,GPO-CRECB-1984-pt15,,"Volume 130, Part 15 (June 29, 1984 to July 30, 1984)","130 Cong. Rec. (Bound) - Volume 130, Part 15 (June 29, 1984 to July 30, 1984)","Congressional Record (Bound Edition). Monday, July 30, 1984.",https://www.govinfo.gov/app/details/GPO-CRECB-1984-pt15,https://www.govinfo.gov/content/pkg/GPO-CRECB-1984-pt15/pdf/GPO-CRECB-1984-pt15.pdf,,,,,", 1984 (PAGES 20013 TO 21572) UNITED STATES GOVERNMENT PRINTING OFFICE, WASHINGTON, 1984 For sale by the Superintendent of Documents, U.S. Government Printing Office, Washington, D.C. 20402 «rongrtssional Rtcord United States of America PROCEEDINGS AND DEBATES OF THE 98th CONGRESS, SECOND SESSION SENATE-Friday, June 29, 1984 The Senate met at 10 ...",
13,GPO,GPO-CRECB-1984-pt14,,"Volume 130, Part 14 (June 26, 1984 to June 28, 1984)","130 Cong. Rec. (Bound) - Volume 130, Part 14 (June 26, 1984 to June 28, 1984)","Congressional Record (Bound Edition). Thursday, June 28, 1984.",https://www.govinfo.gov/app/details/GPO-CRECB-1984-pt14,https://www.govinfo.gov/content/pkg/GPO-CRECB-1984-pt14/pdf/GPO-CRECB-1984-pt14.pdf,,,,,", 1984 (PAGES 18625 TO 20011) UNITED STATES GOVERNMENT PRINTING OFFICE, WASHINGTON, 1984 For sale by the Superintendpnt of Docnmf!nts. U .S. Government Printing Office, Washington, D.C. 20402 ~ongrtssional Rtcord United States of America PROCEEDINGS AND DEBATES OF THE 98th CONGRESS, SECOND SESSION SENATE-Tuesday, June 26, 1984 The Senate met at 10...",
14,GPO,GPO-CRECB-1984-pt13,,"Volume 130, Part 13 (June 20, 1984 to June 25, 1984)","130 Cong. Rec. (Bound) - Volume 130, Part 13 (June 20, 1984 to June 25, 1984)","Congressional Record (Bound Edition). Monday, June 25, 1984.",https://www.govinfo.gov/app/details/GPO-CRECB-1984-pt13,https://www.govinfo.gov/content/pkg/GPO-CRECB-1984-pt13/pdf/GPO-CRECB-1984-pt13.pdf,,,,,"25, 1984 (PAGES 17225 TO 18624) UNITED STATES GOVERNMENT PRINTING OFFICE, WASHINGTON, 1984 For sale by the Superintendent of Documents, U.S. Government Printing Office, Washington, D.C. 20402 Q:ongrtssional Rtcord United States of America PROCEEDINGS AND DEBATES OF THE 98th CONGRESS, SECOND SESSION HOUSE OF REPRESENTATIVES-Wednesday, June 20, ...",
15,GPO,GPO-CRECB-1984-pt12,,"Volume 130, Part 12 (June 12, 1984 to June 19, 1984)","130 Cong. Rec. (Bound) - Volume 130, Part 12 (June 12, 1984 to June 19, 1984)","Congressional Record (Bound Edition). Tuesday, June 19, 1984.",https://www.govinfo.gov/app/details/GPO-CRECB-1984-pt12,https://www.govinfo.gov/content/pkg/GPO-CRECB-1984-pt12/pdf/GPO-CRECB-1984-pt12.pdf,,,,,"19, 1984 (PAGES 15791 TO 17224) UNITED STATES GOVERNMENT PRINTING OFFICE, WASHINGTON, 1984 For sale by the Superintendent of Documents, U.S. Government Printing Office, Washington, D.C. 20402 «rongrtssional 1Rtcord United States of America PROCEEDINGS AND DEBATES OF THE 9gth CONGRESS, SECOND SESSION · SENATE-Tuesday, June 12, 1984 The Senate met ...",
16,GPO,GPO-CRECB-1984-pt11,,"Volume 130, Part 11 (May 30, 1984 to June 11, 1984)","130 Cong. Rec. (Bound) - Volume 130, Part 11 (May 30, 1984 to June 11, 1984)","Congressional Record (Bound Edition). Monday, June 11, 1984.",https://www.govinfo.gov/app/details/GPO-CRECB-1984-pt11,https://www.govinfo.gov/content/pkg/GPO-CRECB-1984-pt11/pdf/GPO-CRECB-1984-pt11.pdf,,,,,", 1984 (PAGES 14405 TO 15790) UNITED STATES GOVERNMENT PRINTING OFFICE, WASHINGTON, 1984 31-059 0 - 87- 1 (Pt. 11 ) For sale by the Superintendent of Documents, U .S. Government Printing Office, Washington, D.C. 20402 «tongrtssional Rtcord United States of America PROCEEDINGS AND DEBATES OF THE 98th CONGRESS, SECOND SESSION HOUSE OF ...",
17,GPO,GPO-CRECB-1984-pt10,,"Volume 130, Part 10 (May 21, 1984 to May 24, 1984)","130 Cong. Rec. (Bound) - Volume 130, Part 10 (May 21, 1984 to May 24, 1984)","Congressional Record (Bound Edition). Thursday, May 24, 1984.",https://www.govinfo.gov/app/details/GPO-CRECB-1984-pt10,https://www.govinfo.gov/content/pkg/GPO-CRECB-1984-pt10/pdf/GPO-CRECB-1984-pt10.pdf,,,,,"1984 (PAGES 12981 TO 14404) UNITED STATES GOVERNMENT PRINTING OFFICE, WASHINGTON, 1984 For sale by the Superintendent of Documents, U .S. Government Printing Office, Washington, D.C. 20402 «tongrtssional Rtcord United States of America PROCEEDINGS AND DEBATES OF THE 98th CONGRESS, SECOND SESSION HOUSE OF REPRESENTATIVES-Monday, May 21, 1984 The ...",
18,GPO,GPO-CRECB-1984-pt9,,"Volume 130, Part 9 (May 9, 1984 to May 18, 1984)","130 Cong. Rec. (Bound) - Volume 130, Part 9 (May 9, 1984 to May 18, 1984)","Congressional Record (Bound Edition). Friday, May 18, 1984.",https://www.govinfo.gov/app/details/GPO-CRECB-1984-pt9,https://www.govinfo.gov/content/pkg/GPO-CRECB-1984-pt9/pdf/GPO-CRECB-1984-pt9.pdf,,,,,"(PAGES 11495 TO 12980) UNITED STATES GOVERNMENT PRINTING OFFICE, WASHINGTON, 1984 For sale by the Superintendent of Documents, U.S. Government Printing Office, Washington, D.C. 20402 <tongftssional Rtcord United States of America PROCEEDINGS AND DEBATES OF THE 98th CONGRESS, SECOND SESSION SENATE-Wednesday, May 9, 1984 The Senate met at 11 a.m....",
19,GPO,GPO-CRECB-1984-pt8,,"Volume 130, Part 8 (April 26, 1984 to May 8, 1984)","130 Cong. Rec. (Bound) - Volume 130, Part 8 (April 26, 1984 to May 8, 1984)","Congressional Record (Bound Edition). Tuesday, May 8, 1984.",https://www.govinfo.gov/app/details/GPO-CRECB-1984-pt8,https://www.govinfo.gov/content/pkg/GPO-CRECB-1984-pt8/pdf/GPO-CRECB-1984-pt8.pdf,,,,,"1984 (PAGES 10041 TO 11493) UNITED STATES GOVERNMENT PRINTING OFFICE, WASHINGTON, 1984 For sale by the Superintendent of Documents, U.S. Government Printing Office, Washington, D.C. 20402 · Q:ongrtssional Rtcord United States of America PROCEEDINGS AND DEBATES OF THE 98th CONGRESS, SECOND SESSION SENATE-Thursday, Apri/26, 1984 <Legislative day of ...",
20,GPO,GPO-CRECB-1984-pt7,,"Volume 130, Part 7 (April 11, 1984 to April 25, 1984)","130 Cong. Rec. (Bound) - Volume 130, Part 7 (April 11, 1984 to April 25, 1984)","Congressional Record (Bound Edition). Wednesday, April 25, 1984.",https://www.govinfo.gov/app/details/GPO-CRECB-1984-pt7,https://www.govinfo.gov/content/pkg/GPO-CRECB-1984-pt7/pdf/GPO-CRECB-1984-pt7.pdf,,,,,"25, 1984 (PAGES 8653 TO 10040) .,. UNITED STATES GOVERNMENT PRINTING OFFICE, WASHINGTON, 1984 For sale by the Superintendent of Documents, U.S. Government Printing Office, Washington, D.C. 20402 «tongrtssional Rtcord United States of America PROCEEDINGS AND DEBATES OF THE 98tb CONGRESS, SECOND SESSION SENATE-Wednesday, April 11, 1984 <Legislative...",
21,GPO,GPO-CRECB-1984-pt6,,"Volume 130, Part 6 (April 2, 1984 to April 10, 1984)","130 Cong. Rec. (Bound) - Volume 130, Part 6 (April 2, 1984 to April 10, 1984)","Congressional Record (Bound Edition). Tuesday, April 10, 1984.",https://www.govinfo.gov/app/details/GPO-CRECB-1984-pt6,https://www.govinfo.gov/content/pkg/GPO-CRECB-1984-pt6/pdf/GPO-CRECB-1984-pt6.pdf,,,,,"10, 1984 (PAGES 7279 TO 8651) UNITED STATES GOVERNMENT PRINTING OFFICE, WASHINGTON, 1984 31-059 0-87-1 (Pt. 6) For sale by the Superintendent of Documents, U.S. Government Printing Office, ... •- ' ··..+nn . D.C. 20402 «tongrtssional Rtcord United States of America PROCEEDINGS AND DEBATES OF THE 9sth CONGRESS, SECOND SESSION HOUSE OF ...",
22,GPO,GPO-CRECB-1984-pt5,,"Volume 130, Part 5 (March 19, 1984 to March 30, 1984)","130 Cong. Rec. (Bound) - Volume 130, Part 5 (March 19, 1984 to March 30, 1984)","Congressional Record (Bound Edition). Friday, March 30, 1984.",https://www.govinfo.gov/app/details/GPO-CRECB-1984-pt5,https://www.govinfo.gov/content/pkg/GPO-CRECB-1984-pt5/pdf/GPO-CRECB-1984-pt5.pdf,,,,," of change. We invented revolution. It was our Nation which first demonstrated to the world that people would eventually take matters into their own hands unless government was responsive to their needs. So with all the enthusiasm over the most recent elections in El Salvador, elections which we all heartily wel- come, I beg my colleagues not to ...",
23,GPO,GPO-CRECB-1984-pt4,,"Volume 130, Part 4 (March 5, 1984 to March 15, 1984)","130 Cong. Rec. (Bound) - Volume 130, Part 4 (March 5, 1984 to March 15, 1984)","Congressional Record (Bound Edition). Thursday, March 15, 1984.",https://www.govinfo.gov/app/details/GPO-CRECB-1984-pt4,https://www.govinfo.gov/content/pkg/GPO-CRECB-1984-pt4/pdf/GPO-CRECB-1984-pt4.pdf,,,,,", 1984 (PAGES 4309 TO 5826) UNITED STATES GOVERNMENT PRINTING OFFICE, WASHINGTON, 1984 31-059 0-87-1 (Pt. 4) For sale by the Superintendent of Documents, U.S. Government Printing Office, Washington, D.C. 20402 <tongrtssional Rtcord United States of America PROCEEDINGS AND DEBATES OF THE 98th CONGRESS, SECOND SESSION SENATE-Monday, March 5, 1984 ...",
24,GPO,GPO-CRECB-1984-pt3,,"Volume 130, Part 3 (February 22, 1984 to March 2, 1984)","130 Cong. Rec. (Bound) - Volume 130, Part 3 (February 22, 1984 to March 2, 1984)","Congressional Record (Bound Edition). Friday, March 2, 1984.",https://www.govinfo.gov/app/details/GPO-CRECB-1984-pt3,https://www.govinfo.gov/content/pkg/GPO-CRECB-1984-pt3/pdf/GPO-CRECB-1984-pt3.pdf,,,,,"2, 1984 (PAGES 2837 TO 4307) UNITED STATES GOVERNMENT PRINTING OFFICE, WASHINGTON, 1984 31-059 0-87-1 (Pt. 3) For sale by the Superintendent of Documents, U .S. Government Printing Office, Washington, D.C. 20402 Q:ongrtssional Rtcord United States of America PROCEEDINGS AND DEBATES OF THE 98tb CONGRESS, SECOND SESSION SENATE-Wednesday, ...",
25,GPO,GPO-CRECB-1984-pt2,,"Volume 130, Part 2 (February 2, 1984 to February 21, 1984)","130 Cong. Rec. (Bound) - Volume 130, Part 2 (February 2, 1984 to February 21, 1984)","Congressional Record (Bound Edition). Tuesday, February 21, 1984.",https://www.govinfo.gov/app/details/GPO-CRECB-1984-pt2,https://www.govinfo.gov/content/pkg/GPO-CRECB-1984-pt2/pdf/GPO-CRECB-1984-pt2.pdf,,,,,"21, 1984 (PAGES 1409 TO 2836) UNITED STATES GOVERNMENT PRINTING OFFICE, WASHINGTON, 1984 For sale by the Superintendent of Documents, U.S. Government Printing Office, Washington, D.C. 20402 <tongrtssional Rtcord United States of America PROCEEDINGS AND DEBATES OF THE 9gth CONGRESS, SECOND SESSION HOUSE OF REPRESENTATIVES-Thursday, February ...",
26,GPO,GPO-CRECB-1984-pt1,,"Volume 130, Part 1 (January 23, 1984 to February 1, 1984)","130 Cong. Rec. (Bound) - Volume 130, Part 1 (January 23, 1984 to February 1, 1984)","Congressional Record (Bound Edition). Wednesday, February 1, 1984.",https://www.govinfo.gov/app/details/GPO-CRECB-1984-pt1,https://www.govinfo.gov/content/pkg/GPO-CRECB-1984-pt1/pdf/GPO-CRECB-1984-pt1.pdf,,,,,"1984 (PAGES 1 TO 1408) UNITED STATES GOVERNMENT PRINTING OFFICE, WASHINGTON, 1984 For .ale by the Superintendent of Documents, U.S. Government Printing Office, Washington, D.C. 20402 <tongrtssional Rtcord United States of America PROCEEDINGS AND DEBATES OF THE 98th CONGRESS, SECOND SESSION SENATE-Monday, January 23, 1984 The 23d day of January ...",
27,GPO,GPO-CRECB-1983-pt25B,,"Volume 129, Part 25B (January 3, 1983 to November 18, 1983)","129 Cong. Rec. (Bound) - Volume 129, Part 25B (January 3, 1983 to November 18, 1983)","Congressional Record (Bound Edition). Friday, November 18, 1983.",https://www.govinfo.gov/app/details/GPO-CRECB-1983-pt25B,https://www.govinfo.gov/content/pkg/GPO-CRECB-1983-pt25B/pdf/GPO-CRECB-1983-pt25B.pdf,,,,,"TO NOVEMBER 18, 1983 M-Z and History of Bills UNITED STATES GOVERNMENT PRINTING OFFICE, WASHINGTON, 1983 11--059 0 - 92 Vol. 2 (Pt. 25) 1 For sale by the U.S. Government Printing Office Superintendent of Document.a, Mail Stop: SSOP, Washington, OC 20402-9328 • Resigned June 8, 1983. 2 Appointed July 20, 1983. ' Resigned July 20, 1983. • Appointed ...",
28,GPO,GPO-CRECB-1983-pt26,,"Volume 129, Part 26 (January 3, 1983 to November 18, 1983)","129 Cong. Rec. (Bound) - Volume 129, Part 26 (January 3, 1983 to November 18, 1983)","Congressional Record (Bound Edition). Friday, November 18, 1983.",https://www.govinfo.gov/app/details/GPO-CRECB-1983-pt26,https://www.govinfo.gov/content/pkg/GPO-CRECB-1983-pt26/pdf/GPO-CRECB-1983-pt26.pdf,,,,,"OFFICE, WASHINGTON, 1983 11-059 0-87-1 (Pt. 26) For sale by the Superintendent of Documents, U.S. Government Printing Office, Washington, D.C. 20402 Daily January 3, 1983 Senate Chamber Action Routine Proceedings, pages 1-28 Measures Introduced: Thirteen resolutions were introduced, as follows: S. Con. Res. 1, and S. Res. 1-12. Page 22 Resolutions...",
29,GPO,GPO-CRECB-1983-pt24,,"Volume 129, Part 24 (November 17, 1983 to November 18, 1983)","129 Cong. Rec. (Bound) - Volume 129, Part 24 (November 17, 1983 to November 18, 1983)","Congressional Record (Bound Edition). Friday, November 18, 1983.",https://www.govinfo.gov/app/details/GPO-CRECB-1983-pt24,https://www.govinfo.gov/content/pkg/GPO-CRECB-1983-pt24/pdf/GPO-CRECB-1983-pt24.pdf,,,,,"18, 1983 (PAGES 33279 TO 34995) UNITED STATES GOVERNMENT PRINTING OFFICE, WASHINGTON, 1983 11-059 0 -87-1 <P t . 24) For sale by the Superintendent of Documents, U.S. Government Printing Office, Washington, D.C. 20402 Q:ongrtssional Rtrord United States rl America PROCEEDINGS AND DEBATES OF THE 98th CONGRESS, FIRST SESSION HOUSE OF ...",
30,GPO,GPO-CRECB-1983-pt25A,,"Volume 129, Part 25A (January 3, 1983 to November 18, 1983)","129 Cong. Rec. (Bound) - Volume 129, Part 25A (January 3, 1983 to November 18, 1983)","Congressional Record (Bound Edition). Friday, November 18, 1983.",https://www.govinfo.gov/app/details/GPO-CRECB-1983-pt25A,https://www.govinfo.gov/content/pkg/GPO-CRECB-1983-pt25A/pdf/GPO-CRECB-1983-pt25A.pdf,,,,,"TO NOVEMBER 18, 1983 A-L UNITED STATES G9VERNMENT PRINTING OFFICE, WASHINGTON, 1983 For sale by the U.S. Government Printing Office Superintendent of Documents, Mail Stop: SSOP, Washington, DC 20402-9328 1 Resigned June 8 , 1983. 2 Appointed July 20, 1983. 3 Resigned July 20, 1983. • Appointed July 20, 1983. COMPILED UNDER THE DIRECTION OF THE ...",
31,GPO,GPO-CRECB-1983-pt23,,"Volume 129, Part 23 (November 10, 1983 to November 16, 1983)","129 Cong. Rec. (Bound) - Volume 129, Part 23 (November 10, 1983 to November 16, 1983)","Congressional Record (Bound Edition). Wednesday, November 16, 1983.",https://www.govinfo.gov/app/details/GPO-CRECB-1983-pt23,https://www.govinfo.gov/content/pkg/GPO-CRECB-1983-pt23/pdf/GPO-CRECB-1983-pt23.pdf,,,,,"16, 1983 (PAGES 31899 TO 33277) UNITED STATES GOVERNMENT PRINTING OFFICE, WASHINGTON, 1983 For sale by the Superintendent of Documents, U.S. Government Printing Office, Washington, D.C. 20402 Q:ongressionallttcord United States America PROCEEDINGS AND DEBATES OF THE 98th CONGRESS, FIRST SESSION SENATE-Thursday, November 10, 1983 (Legislative ...",
32,GPO,GPO-CRECB-1983-pt22,,"Volume 129, Part 22 (November 2, 1983 to November 9, 1983)","129 Cong. Rec. (Bound) - Volume 129, Part 22 (November 2, 1983 to November 9, 1983)","Congressional Record (Bound Edition). Wednesday, November 9, 1983.",https://www.govinfo.gov/app/details/GPO-CRECB-1983-pt22,https://www.govinfo.gov/content/pkg/GPO-CRECB-1983-pt22/pdf/GPO-CRECB-1983-pt22.pdf,,,,,"9, 1983 (PAGES 30375 TO 31898) UNITED STATES GOVERNMENT PRINTING OFFICE, WASHINGTON, 1983 For sale by the Superintendent of Documents, U.S. Government Printing Office, Washington, D.C. 20402 <tongrtssional Rtcord United States of America PROCEEDINGS AND DEBATES OF THE 98th CONGRESS, FIRST SESSION SENATE-Wednesday, November 2, 1983 (...",
33,GPO,GPO-CRECB-1983-pt21,,"Volume 129, Part 21 (October 21, 1983 to November 1, 1983)","129 Cong. Rec. (Bound) - Volume 129, Part 21 (October 21, 1983 to November 1, 1983)","Congressional Record (Bound Edition). Tuesday, November 1, 1983.",https://www.govinfo.gov/app/details/GPO-CRECB-1983-pt21,https://www.govinfo.gov/content/pkg/GPO-CRECB-1983-pt21/pdf/GPO-CRECB-1983-pt21.pdf,,,,,"1, 1983 (PAGES 28831 TO 30373) UNITED STATES GOVERNMENT PRINTING OFFICE, WASHINGTON, 1983 :-'-. For sale by the Superintendent of Documents, U .S. Government Printing Office, Washington, D.C. 20402 Q:ongrtssional Rtcord United States of America PROCEEDINGS AND DEBATES ~F THE 98th CONGRESS, FIRST SESSION HOUSE OF REPRESENTATIVES-Friday, October...",
34,GPO,GPO-CRECB-1983-pt20,,"Volume 129, Part 20 (October 5, 1983 to October 20, 1983)","129 Cong. Rec. (Bound) - Volume 129, Part 20 (October 5, 1983 to October 20, 1983)","Congressional Record (Bound Edition). Thursday, October 20, 1983.",https://www.govinfo.gov/app/details/GPO-CRECB-1983-pt20,https://www.govinfo.gov/content/pkg/GPO-CRECB-1983-pt20/pdf/GPO-CRECB-1983-pt20.pdf,,,,,"20, 1983 (PAGES 27197 TO 28829) UNITED STATES GOVERNMENT PRINTING OFFICE, WASHING TON, 1983 For sale by the Superintendent of Documents, U.S. Government Printing Office, Washington, D.C. 20402 <tongrrssional1Rrrord United States of America PROCEEDINGS AND DEBATES OF THE 98th CONGRESS, FIRST SESSION SENATE-Wednesday, October 5, 1983 (...",
35,GPO,GPO-CRECB-1983-pt19,,"Volume 129, Part 19 (September 26, 1983 to October 4, 1983)","129 Cong. Rec. (Bound) - Volume 129, Part 19 (September 26, 1983 to October 4, 1983)","Congressional Record (Bound Edition). Tuesday, October 4, 1983.",https://www.govinfo.gov/app/details/GPO-CRECB-1983-pt19,https://www.govinfo.gov/content/pkg/GPO-CRECB-1983-pt19/pdf/GPO-CRECB-1983-pt19.pdf,,,,,"4, 1983 (PAGES 25679 TO 27195) UNITED STATES GOVERNMENT PRINTING OFFICE, WASHINGTON, 1983 For sale by the Superintendent of DocumentB, U.S. Government Printing Office, Washington, D.C. 20402 <tongrtssional1Rtcord United States of America PROCEEDINGS AND DEBATES OF THE 98th CONGRESS, FIRST SESSION HOUSE OF REPRESENTATIVES-Monday, September 26,...",
36,GPO,GPO-CRECB-1983-pt18,,"Volume 129, Part 18 (September 15, 1983 to September 23, 1983)","129 Cong. Rec. (Bound) - Volume 129, Part 18 (September 15, 1983 to September 23, 1983)","Congressional Record (Bound Edition). Friday, September 23, 1983.",https://www.govinfo.gov/app/details/GPO-CRECB-1983-pt18,https://www.govinfo.gov/content/pkg/GPO-CRECB-1983-pt18/pdf/GPO-CRECB-1983-pt18.pdf,,,,,"SEPTEMBER 23, 1983 (PAGES 24269 TO 25677) UNITED STATES GOVERNMENT PRINTING OFFICE, WASHINGTON, 1983 For sale by the Superint.endent of Documents, U.S. Government Printing Off""sce, Washington, D.C. 20402 «rongrtssional Rtcor4 United States of America PROCEEDINGS ANO DEBATES OP THE 98'h CONGRESS, FIRST SESSION HOUSE OF REPRESENTATIVES-Thursday, ...",
37,GPO,GPO-CRECB-1983-pt17,,"Volume 129, Part 17 (August 4, 1983 to September 14, 1983)","129 Cong. Rec. (Bound) - Volume 129, Part 17 (August 4, 1983 to September 14, 1983)","Congressional Record (Bound Edition). Wednesday, September 14, 1983.",https://www.govinfo.gov/app/details/GPO-CRECB-1983-pt17,https://www.govinfo.gov/content/pkg/GPO-CRECB-1983-pt17/pdf/GPO-CRECB-1983-pt17.pdf,,,,,"14, 1983 (PAGES 22775 TO 24268) UNITED STATES GOVERNMENT PRINTING OFFICE, WASHINGTON, 1983 For sale by the Superintendent of Documents, U.S. Government Printing Office, Washington, D.C. 20402 <tongrtssional Rtcord United States of America PROCEEDINGS AND DEBATES OF THE 98th CONGRESS, FIRST SESSION SENATE-Thursday, August 4, 1983 The Senate met ...",
38,GPO,GPO-CRECB-1983-pt16,,"Volume 129, Part 16 (July 28, 1983 to August 3, 1983)","129 Cong. Rec. (Bound) - Volume 129, Part 16 (July 28, 1983 to August 3, 1983)","Congressional Record (Bound Edition). Wednesday, August 3, 1983.",https://www.govinfo.gov/app/details/GPO-CRECB-1983-pt16,https://www.govinfo.gov/content/pkg/GPO-CRECB-1983-pt16/pdf/GPO-CRECB-1983-pt16.pdf,,,,,"3, 1983 (PAGES 21301 TO 22773) UNITED STATES GOVERNMENT PRINTING OFFICl. WASHINGTON, 1983 For sale by the Superintendent of Documents, U.S. C'.ovemment Printine- Office. Washingt.c'l, D.C. 20402 Q:ongrtssional Rtcord United States of America PROCEEDINGS AND DEBATES OF THE 98th CONGRESS, FIRST SESSION SENATE-Thursday, July 28, 1983 The Senate met...",
39,GPO,GPO-CRECB-1983-pt15,,"Volume 129, Part 15 (July 20, 1983 to July 27, 1983)","129 Cong. Rec. (Bound) - Volume 129, Part 15 (July 20, 1983 to July 27, 1983)","Congressional Record (Bound Edition). Wednesday, July 27, 1983.",https://www.govinfo.gov/app/details/GPO-CRECB-1983-pt15,https://www.govinfo.gov/content/pkg/GPO-CRECB-1983-pt15/pdf/GPO-CRECB-1983-pt15.pdf,,,,,", 1983 (PAGES 19849 TO 21299) UNITED STATES GOVERNMENT PRINTING OFFICE, WASHINGTON, 1983 For sale by the Superintendent of Documents, U.S. Government Printing Office, Washington, D.C. 20402 O:ongrtssional Rtcord United States of America PROCEEDINGS AND DEBATES OF THE 98th CONGRESS, FIRST SESSION SENATE-Wednesday, July 20, 1983 The Senate met at 9:...",
40,GPO,GPO-CRECB-1983-pt14,,"Volume 129, Part 14 (July 11, 1983 to July 19, 1983)","129 Cong. Rec. (Bound) - Volume 129, Part 14 (July 11, 1983 to July 19, 1983)","Congressional Record (Bound Edition). Tuesday, July 19, 1983.",https://www.govinfo.gov/app/details/GPO-CRECB-1983-pt14,https://www.govinfo.gov/content/pkg/GPO-CRECB-1983-pt14/pdf/GPO-CRECB-1983-pt14.pdf,,,,,", 1983 (PAGES 18429 TO 19847) UNITED STATES GOVERNMENT PRINTING OFFICE, WASHINGTON, 1983 For sale by the Superintendent of Documents, U.S. Government Printing Office, Washington, D.C. 20402 United States of America «tongrtssional Rtcord PROCEEDINGS AND DEBATES OF THE 98th CONGRESS, FIRST SESSION HOUSE OF REPRESENTATIVES-Monday, July 11, 1983 The ...",
41,GPO,GPO-CRECB-1983-pt13,,"Volume 129, Part 13 (June 23, 1983 to June 30, 1983)","129 Cong. Rec. (Bound) - Volume 129, Part 13 (June 23, 1983 to June 30, 1983)","Congressional Record (Bound Edition). Thursday, June 30, 1983.",https://www.govinfo.gov/app/details/GPO-CRECB-1983-pt13,https://www.govinfo.gov/content/pkg/GPO-CRECB-1983-pt13/pdf/GPO-CRECB-1983-pt13.pdf,,,,,"1983 (PAGES 16943 TO 18428) UNITED STATES GOVERNMENT PRINTING OFFICE, WASHINGTON, 1983 11-059 0-87-1 (Pt. 13) For sale by the Superintendent of Documents, U.S. Government Printing Office, Washington, D.C. 20402 <tongrtssional Rtcord PROCEEDINGS AND DEBATES OF THE 98th CONGRESS, FIRST SESSION United States of America SENATE-Thursday, June 23, 1983 ...",
42,GPO,GPO-CRECB-1983-pt12,,"Volume 129, Part 12 (June 13, 1983 to June 22, 1983)","129 Cong. Rec. (Bound) - Volume 129, Part 12 (June 13, 1983 to June 22, 1983)","Congressional Record (Bound Edition). Wednesday, June 22, 1983.",https://www.govinfo.gov/app/details/GPO-CRECB-1983-pt12,https://www.govinfo.gov/content/pkg/GPO-CRECB-1983-pt12/pdf/GPO-CRECB-1983-pt12.pdf,,,,,"22, 1983 (PAGES 15431 TO 16941) .. UNITED ST A TES GOVERNMENT PRIN_TING OFFICE, WASHING TON, 1983 11-059 0-87-1 (Pt. 12) For sale by the Superintendent of Documents, U.S. Government Printing Office, Washington, D.C. 20402 <rongrtssional 1Rtcord United States of America PROCEEDINGS AND DEBATES OF THE 98 th CONGRESS, FIRST SESSION SENATE-Monday, ...",
43,GPO,GPO-CRECB-1983-pt11,,"Volume 129, Part 11 (May 26, 1983 to June 10, 1983)","129 Cong. Rec. (Bound) - Volume 129, Part 11 (May 26, 1983 to June 10, 1983)","Congressional Record (Bound Edition). Friday, June 10, 1983.",https://www.govinfo.gov/app/details/GPO-CRECB-1983-pt11,https://www.govinfo.gov/content/pkg/GPO-CRECB-1983-pt11/pdf/GPO-CRECB-1983-pt11.pdf,,,,,"1983 (PAGES 14017 TO 15429) UNITED STATES GOVERNMENT PRINTING OFFICE, WASHINGTON, 1983 For sale by the Superintendent of Documents, U.S. Government Printing Office, Washington, D.C. 20402 <tongrtssional Rtcord United States of Amel'ica PROCEEDINGS AND DEBATES OF THE 98 tb CONGRESS, FIRST SESSION HOUSE OF REPRESENTATIVES-Thursday, May 26, 1983 The ...",
44,GPO,GPO-CRECB-1983-pt10,,"Volume 129, Part 10 (May 17, 1983 to May 25, 1983)","129 Cong. Rec. (Bound) - Volume 129, Part 10 (May 17, 1983 to May 25, 1983)","Congressional Record (Bound Edition). Wednesday, May 25, 1983.",https://www.govinfo.gov/app/details/GPO-CRECB-1983-pt10,https://www.govinfo.gov/content/pkg/GPO-CRECB-1983-pt10/pdf/GPO-CRECB-1983-pt10.pdf,,,,,", 1983 (PAGES 12459 TO 14015) UNITED STATES GOVERNMENT PRINTING OFFICE, WASHINGTON, 1983 For sale by the Superintendent of Documents, U.S. Government Printing Office, Washington, D.C. 20402 «tongrrssional Record United States of America PROCEEDINGS AND DEBATES OF THE 98 th CONGRESS, FIRST SESSION HOUSE OF REPRESENTATIVES-Tuesday, May 17, 1983 The ...",
45,GPO,GPO-CRECB-1983-pt9,,"Volume 129, Part 9 (May 5, 1983 to May 16, 1983)","129 Cong. Rec. (Bound) - Volume 129, Part 9 (May 5, 1983 to May 16, 1983)","Congressional Record (Bound Edition). Monday, May 16, 1983.",https://www.govinfo.gov/app/details/GPO-CRECB-1983-pt9,https://www.govinfo.gov/content/pkg/GPO-CRECB-1983-pt9/pdf/GPO-CRECB-1983-pt9.pdf,,,,,"1983 (PAGES 11155 TO 12458) UNITED STATES GOVERNMENT PRINTING OFFICE, WASHINGTON, 1983 For sale by the Superintendent of Documents, U.S. Government Printing Office, Washington, D.C. 20402 «tongrtssional 1Rtcord United States of America PROCEEDINGS AND DEBATES OF THE 98th CONGRESS, FIRST SESSION HOUSE OF REPRESENTATIVES-Thursday, May 5, 1983 The ...",
46,GPO,GPO-CRECB-1983-pt8,,"Volume 129, Part 8 (April 26, 1983 to May 4, 1983)","129 Cong. Rec. (Bound) - Volume 129, Part 8 (April 26, 1983 to May 4, 1983)","Congressional Record (Bound Edition). Wednesday, May 4, 1983.",https://www.govinfo.gov/app/details/GPO-CRECB-1983-pt8,https://www.govinfo.gov/content/pkg/GPO-CRECB-1983-pt8/pdf/GPO-CRECB-1983-pt8.pdf,,,,,", 1983 (PAGES 9651 TO 11153) UNITED STATES GOVERNMENT PRINTING OFFICE, WASHINGTON, 1983 For sale by the Superintendent of Documents, U.S. Government Printing Office, Washington, D.C. 20402 <tongrtssional Rtcord United States of America PROCEEDINGS AND DEBATES OF THE 98th CONGRESS, FIRST SESSION HOUSE OF REPRESENTATIVES-Tuesday, April 26, 1983 The ...",
47,GPO,GPO-CRECB-1983-pt7,,"Volume 129, Part 7 (April 13, 1983 to April 25, 1983)","129 Cong. Rec. (Bound) - Volume 129, Part 7 (April 13, 1983 to April 25, 1983)","Congressional Record (Bound Edition). Monday, April 25, 1983.",https://www.govinfo.gov/app/details/GPO-CRECB-1983-pt7,https://www.govinfo.gov/content/pkg/GPO-CRECB-1983-pt7/pdf/GPO-CRECB-1983-pt7.pdf,,,,,", 1983 (PAGES 8243 TO 9650) UNITED STATES GOVERNMENT PRINTING OFFICE, WASHINGTON, 1983 For sale by the Superintendent of Documents, U.S. Government Printing Office, Washington, D.C. 20402 <rongrtssional Rtcord United States of America PROCEEDINGS AND DEBATES OF THE 98 tb CONGRESS, FIRST SESSION SENATE-Wednesday, April13, 1983 The Senate met at 10 ...",
48,GPO,GPO-CRECB-1983-pt6,,"Volume 129, Part 6 (March 23, 1983 to April 12, 1983)","129 Cong. Rec. (Bound) - Volume 129, Part 6 (March 23, 1983 to April 12, 1983)","Congressional Record (Bound Edition). Tuesday, April 12, 1983.",https://www.govinfo.gov/app/details/GPO-CRECB-1983-pt6,https://www.govinfo.gov/content/pkg/GPO-CRECB-1983-pt6/pdf/GPO-CRECB-1983-pt6.pdf,,,,,", 1983 (PAGES 6713 TO 8241) UNITED STATES GOVERNMENT PRINTING OFFICE, WASHINGTON, 1983 For sale by the Superintendent of Documents, U.S. Government Printing Office, Washington, D.C. 20402 Q:ongrtssional1Rtcord PROCEEDINGS AND DEBATES OF THE 98th CONGRESS, FIRST SESSION United States of America HOUSE OF REPRESENTATIVES-Wednesday, March 23, 1983 The...",
49,GPO,GPO-CRECB-1983-pt5,,"Volume 129, Part 5 (March 16, 1983 to March 22, 1983)","129 Cong. Rec. (Bound) - Volume 129, Part 5 (March 16, 1983 to March 22, 1983)","Congressional Record (Bound Edition). Tuesday, March 22, 1983.",https://www.govinfo.gov/app/details/GPO-CRECB-1983-pt5,https://www.govinfo.gov/content/pkg/GPO-CRECB-1983-pt5/pdf/GPO-CRECB-1983-pt5.pdf,,,,,", 1983 (PAGES 5415 TO 6711) UNITED STATES GOVERNMENT PRINTING OFFICE, WASHING TON, 1983 For sale by the Superintendent of Documents, U.S. Government Printing Office, Washington, D.C. 20402 <iongrcssional Record United States of America PROCEEDINGS AND DEBATES OF THE 98th CONGRESS, FIRST SESSION SENATE-Wednesday, March 16, 1983 The Senate met at 10...",
50,GPO,GPO-CRECB-1983-pt4,,"Volume 129, Part 4 (March 7, 1983 to March 15, 1983)","129 Cong. Rec. (Bound) - Volume 129, Part 4 (March 7, 1983 to March 15, 1983)","Congressional Record (Bound Edition). Tuesday, March 15, 1983.",https://www.govinfo.gov/app/details/GPO-CRECB-1983-pt4,https://www.govinfo.gov/content/pkg/GPO-CRECB-1983-pt4/pdf/GPO-CRECB-1983-pt4.pdf,,,,,"15, 1983 (PAGES 4055 TO 5413) UNITED STATES GOVERNMENT PRINTING OFFICE, WASHINGTON, 1983 0 2 CI ( For sale by the Superintendent of Documents, U.S. Government Printing Office, Washington, D.C. 20402 CONGRESS, FIRST SESSION SENATE-Monday, March 7, 1983 The Senate met at 10:30 a.m. and was called to order by the President pro tempore <Mr. THURMOND...",
51,GPO,GPO-CRECB-1983-pt3,,"Volume 129, Part 3 (February 23, 1983 to March 3, 1983)","129 Cong. Rec. (Bound) - Volume 129, Part 3 (February 23, 1983 to March 3, 1983)","Congressional Record (Bound Edition). Thursday, March 3, 1983.",https://www.govinfo.gov/app/details/GPO-CRECB-1983-pt3,https://www.govinfo.gov/content/pkg/GPO-CRECB-1983-pt3/pdf/GPO-CRECB-1983-pt3.pdf,,,,,"3, 1983 (PAGES 2727 TO 4053) UNITED STATES GOVERNMENT PRINTING OFFICE, WASHINGTON, 1983 For sale by the Superintendent of Documents, U.S. Government Printing Office, Washington, D.C. 20402 <iongrtssional 1Rtcord United States .of America PROCEEDINGS AND DEBATES OF THE 98th CONGRESS, SECOND SESSION SENATE-Wednesday, February 23, 1983 The Senate ...",
52,GPO,GPO-CRECB-1983-pt2,,"Volume 129, Part 2 (February 2, 1983 to February 22, 1983)","129 Cong. Rec. (Bound) - Volume 129, Part 2 (February 2, 1983 to February 22, 1983)","Congressional Record (Bound Edition). Tuesday, February 22, 1983.",https://www.govinfo.gov/app/details/GPO-CRECB-1983-pt2,https://www.govinfo.gov/content/pkg/GPO-CRECB-1983-pt2/pdf/GPO-CRECB-1983-pt2.pdf,,,,,", 1983 (PAGES 1367 TO 2725) UNITED STATES GOVERNMENT PRINTING OFFICE, WASHINGTON, 1983 For sale by the Superintendent of Documents, U.S. Government Printing Office, Washington, D.C. 20402 Q:ongrtssional lltrord United States of America PROCEEDINGS AND DEBATES OF THE 98 th CONGRESS, FIRST SESSION SENATE-Wednesday, February 2, 1983 (Legislative day ...",
53,GPO,GPO-CRECB-1983-pt1,,"Volume 129, Part 1 (January 3, 1983 to February 1, 1983)","129 Cong. Rec. (Bound) - Volume 129, Part 1 (January 3, 1983 to February 1, 1983)","Congressional Record (Bound Edition). Tuesday, February 1, 1983.",https://www.govinfo.gov/app/details/GPO-CRECB-1983-pt1,https://www.govinfo.gov/content/pkg/GPO-CRECB-1983-pt1/pdf/GPO-CRECB-1983-pt1.pdf,,,,,"GOVERNME T PRINTI G OFFICE, WASHINGTON, 1983 For sale by the Superintendent of Documents, U .S. Government Printing Office, Washington, D.C. 20402 «rongrtssional Rt ord U nired Srares of America PROCEEDINGS AND DEBATES OF THE 98th CONGRESS, FIRST SESSION SENATE-Monday, January 3, 1983 The third day of January being the day prescribed by the ...",