index,collectionCode,packageId,granuleId,title,line1,line2,detailsLink,pdfLink,htmlLink,xmlLink,otherLink1,otherLink2,teaser,historical
1,GPO,GPO-CRECB-1968-pt26,,"Volume 114, Part 26 (January 15, 1968 to October 14, 1968)","114 Cong. Rec. (Bound) - Volume 114, Part 26 (January 15, 1968 to October 14, 1968)","Congressional Record (Bound Edition). Monday, October 14, 1968.",https://www.govinfo.gov/app/details/GPO-CRECB-1968-pt26,https://www.govinfo.gov/content/pkg/GPO-CRECB-1968-pt26/pdf/GPO-CRECB-1968-pt26.pdf,,,,,"·' . ' ~ ., .. ,. .. . ~ . UNITED STATES GOVERNMENT PRINTING OFFICE, WASHINGTON, 1968 / ... ' i ~ $ f,ff I ""'II'• :-. ., . t l'\t ,, p"" )' I! : 1 -... . ' . \ .. '1' ' _ ... _ Daily Digest Senate 1\fonday, January15, 1968 _ Chamber Action Routine Proceedings, pages 3-6 Resolutions submitted: Three resolutions were sub- mitted, as follows: S. Res. ...",
2,GPO,GPO-CRECB-1968-pt24,,"Volume 114, Part 24 (October 11, 1968 to October 14, 1968)","114 Cong. Rec. (Bound) - Volume 114, Part 24 (October 11, 1968 to October 14, 1968)","Congressional Record (Bound Edition). Monday, October 14, 1968.",https://www.govinfo.gov/app/details/GPO-CRECB-1968-pt24,https://www.govinfo.gov/content/pkg/GPO-CRECB-1968-pt24/pdf/GPO-CRECB-1968-pt24.pdf,,,,,"TO OCTOBER 14, 1968 (PAGES 30731 TO 32164) • UNITED STATES GOVERNMENT PRINTING OFFICE, WASHINGTON, 1968 /' !.., ""1 / "" ' .,.. tl. ,1 - ... ,iJ ~ . ' t. ';. ' ~ • United States of America Q3ongrrssional Rrcord PROCEEDINGS AND DEBATES OF THE 9oth CONGRESS, SECOND SESSION HOUSE. OF REPRESENTATIVES-Friday, October 11, 1968 The House met at 12 o'clock ...",
3,GPO,GPO-CRECB-1968-pt25,,"Volume 114, Part 25 (January 15, 1968 to October 14, 1968)","114 Cong. Rec. (Bound) - Volume 114, Part 25 (January 15, 1968 to October 14, 1968)","Congressional Record (Bound Edition). Monday, October 14, 1968.",https://www.govinfo.gov/app/details/GPO-CRECB-1968-pt25,https://www.govinfo.gov/content/pkg/GPO-CRECB-1968-pt25/pdf/GPO-CRECB-1968-pt25.pdf,,,,,", TO OCTOBER 14, 1968 \ , UNITED STATES GOVERNMENT PRINTING OFFICE, WASHINGTON, 1968 . - . ... • • •• • _;> -- - NAMES AND POST-OFFICE ADDRESSES OF MEMBERS OF THE UNITED STATES SENATE IN THill SECOND SESSION OF THE NINETIETH CONGRESS HUBERT H. HUMPHREY, Vice President, Waverly, Minn.; CARL HAYDEN, President pro tempore, Phoenix, Ariz. Name Home ...",
4,GPO,GPO-CRECB-1968-pt23,,"Volume 114, Part 23 (October 4, 1968 to October 10, 1968)","114 Cong. Rec. (Bound) - Volume 114, Part 23 (October 4, 1968 to October 10, 1968)","Congressional Record (Bound Edition). Thursday, October 10, 1968.",https://www.govinfo.gov/app/details/GPO-CRECB-1968-pt23,https://www.govinfo.gov/content/pkg/GPO-CRECB-1968-pt23/pdf/GPO-CRECB-1968-pt23.pdf,,,,,"OCTOBER 10, 1968 (PAGES 29577 TO 30730) UNITED STATES GOVERNMENT PRINTING OFFICE, WASHINGTON, 1968 I c ' \. v 0 i ·~ .:. ... / l \ . r <r. 1' c· """" . : . J '-' ~- J v . ( ' .. ""'"" United States of America Q:ongrcssional Record PROCEEDINGS AND DEBATES OF THE 9oth CONGRESS, SECOND SESSION .SENAT·E-Friday, October 4, 1968 The Senate met at 10 a.m., ...",
5,GPO,GPO-CRECB-1968-pt22,,"Volume 114, Part 22 (September 26, 1968 to October 3, 1968)","114 Cong. Rec. (Bound) - Volume 114, Part 22 (September 26, 1968 to October 3, 1968)","Congressional Record (Bound Edition). Thursday, October 3, 1968.",https://www.govinfo.gov/app/details/GPO-CRECB-1968-pt22,https://www.govinfo.gov/content/pkg/GPO-CRECB-1968-pt22/pdf/GPO-CRECB-1968-pt22.pdf,,,,,"TO OCI'OBER 3, 1968 (PAGES 28251 TO 29576) UNITED STATES GOVERNMENT PRINTING OFFICE, WASHINGTON, 1968 r'' "" ~1 ·, 1 • ! ,. ! I , .. .. '\ I •· : ~· -!""_*' {. ' ' j ' . ,. J ~ .. ' '\ II . {' t~·J ~ .. Cc •• \ .· ,. ,{ I ~.i ,. J .- ... ""r-""""'· • ~ · f v · ell.• q• United States of America Q:ongrcssionai1Rcrord PROCEEDINGS AND DEBATES OF THE 90th ...",
6,GPO,GPO-CRECB-1968-pt21,,"Volume 114, Part 21 (September 17, 1968 to September 25, 1968)","114 Cong. Rec. (Bound) - Volume 114, Part 21 (September 17, 1968 to September 25, 1968)","Congressional Record (Bound Edition). Wednesday, September 25, 1968.",https://www.govinfo.gov/app/details/GPO-CRECB-1968-pt21,https://www.govinfo.gov/content/pkg/GPO-CRECB-1968-pt21/pdf/GPO-CRECB-1968-pt21.pdf,,,,,"TO SEPTEMBER 25, 1968 (PAGES 27095 TO 28250) UNITED STATES GOVERNMENT PRINTING OFFICE, WASHINGTON, 1968 United States of America <tongr(ssional R(cord PROCEEDINGS AND DEBATES OF THE 9oth CONGRESS, SECOND SESSION SENATE-Tuesday, September 17, 1968 The Senat.e met at 11 a.m., and was called to order by the President pro tempore. The Chaplain, Rev. ...",
7,GPO,GPO-CRECB-1968-pt20,,"Volume 114, Part 20 (September 5, 1968 to September 16, 1968)","114 Cong. Rec. (Bound) - Volume 114, Part 20 (September 5, 1968 to September 16, 1968)","Congressional Record (Bound Edition). Monday, September 16, 1968.",https://www.govinfo.gov/app/details/GPO-CRECB-1968-pt20,https://www.govinfo.gov/content/pkg/GPO-CRECB-1968-pt20/pdf/GPO-CRECB-1968-pt20.pdf,,,,,", TO SEPTEMBER 16, 1968 (PAGES 25747 TO 27094) UNITED STATES GOVERNMENT PRINTING OFFICE, WASHINGTON, 1968 United States of America <iongrcssional Record PROCEEDINGS AND DEBATES OF THE 9oth CONGRESS, SECOND SESSION SENATE-Thursday, September 5, 1968 The Senate met at 12 noon, and was called to order by the President pro tempore. The Chaplain, Rev. ...",
8,GPO,GPO-CRECB-1968-pt19,,"Volume 114, Part 19 (July 31, 1968 to September 4, 1968)","114 Cong. Rec. (Bound) - Volume 114, Part 19 (July 31, 1968 to September 4, 1968)","Congressional Record (Bound Edition). Wednesday, September 4, 1968.",https://www.govinfo.gov/app/details/GPO-CRECB-1968-pt19,https://www.govinfo.gov/content/pkg/GPO-CRECB-1968-pt19/pdf/GPO-CRECB-1968-pt19.pdf,,,,,"4, 1968 (PAGES 24367 TO 25746) UNITED STATES GOVERNMENT PRINTING OFFICE, WASHINGTON, 1968 ("" , > r United States of America Q:ongrtssionai1Rccord PROCEEDINGS AND DEBATES OF THE 90th CONGRESS, SECOND SESSION HOUSE. OF REPRESENTATIVE,S-Wednesday, July 31, 1968 The House met at 11 a.m. The Chaplain, Rev. Edward G. Latch, D.D., offered the ...",
9,GPO,GPO-CRECB-1968-pt18,,"Volume 114, Part 18 (July 24, 1968 to July 30, 1968)","114 Cong. Rec. (Bound) - Volume 114, Part 18 (July 24, 1968 to July 30, 1968)","Congressional Record (Bound Edition). Tuesday, July 30, 1968.",https://www.govinfo.gov/app/details/GPO-CRECB-1968-pt18,https://www.govinfo.gov/content/pkg/GPO-CRECB-1968-pt18/pdf/GPO-CRECB-1968-pt18.pdf,,,,,"114-PART 18 JULY 24, 1968, TO JULY 30, 1968 (PAGES 22979 TO 24366) UNITED STATES GOVERNMENT PRINTING OFFICE, WASHINGTON, 1968 United States of America <tongrrssionai1Rrcord PROCEEDINGS AND DEBATES OF THE 90th CONGRESS, SECOND SESSION SENATE-Wednesday, July 24, 1968 The Senate met at 12 noon, and was called to order by the President protem- pore. ...",
10,GPO,GPO-CRECB-1968-pt17,,"Volume 114, Part 17 (July 17, 1968 to July 23, 1968)","114 Cong. Rec. (Bound) - Volume 114, Part 17 (July 17, 1968 to July 23, 1968)","Congressional Record (Bound Edition). Tuesday, July 23, 1968.",https://www.govinfo.gov/app/details/GPO-CRECB-1968-pt17,https://www.govinfo.gov/content/pkg/GPO-CRECB-1968-pt17/pdf/GPO-CRECB-1968-pt17.pdf,,,,,"JULY 23, 1968 (PAGES 21657 TO 22978) UNITED STATES GOVERNMENT PRINTING OFFICE, WASHINGTON, 1968 United States of America €ongr£ssional 1l£cord PROCEEDINGS AND DEBATES OF THE 90 th CONGRESS, SECOND SESSION SENATE-Wednesday, July 17, 1968 The Senate met at 12 noon, and was called to order by the President pro temp ore. Rabbi Joel S. Goor, Temple ...",
11,GPO,GPO-CRECB-1968-pt16,,"Volume 114, Part 16 (July 10, 1968 to July 16, 1968)","114 Cong. Rec. (Bound) - Volume 114, Part 16 (July 10, 1968 to July 16, 1968)","Congressional Record (Bound Edition). Tuesday, July 16, 1968.",https://www.govinfo.gov/app/details/GPO-CRECB-1968-pt16,https://www.govinfo.gov/content/pkg/GPO-CRECB-1968-pt16/pdf/GPO-CRECB-1968-pt16.pdf,,,,,"16, 1968 (PAGES 20423 TO 21656) UNITED STATES GOVERNMENT PRINTING OFFICE, WASHINGTON 1 1968 United States of America <rongrrssional1Rrcord PROCE:EDINGS AND DEBATES OF THE 90th CONGRESS, SECOND SESSION SENATE-Wednesday, July 10, 1968 The Senate met at 12 noon, and was called to order by Hon. CARL T. CURTIS, a Senator from the State of Nebraska. Rev...",
12,GPO,GPO-CRECB-1968-pt15,,"Volume 114, Part 15 (June 27, 1968 to July 9, 1968)","114 Cong. Rec. (Bound) - Volume 114, Part 15 (June 27, 1968 to July 9, 1968)","Congressional Record (Bound Edition). Tuesday, July 9, 1968.",https://www.govinfo.gov/app/details/GPO-CRECB-1968-pt15,https://www.govinfo.gov/content/pkg/GPO-CRECB-1968-pt15/pdf/GPO-CRECB-1968-pt15.pdf,,,,,"9, 1968 (PAGES 19061 TO 20422) UNITED STATES GOVERNMENT PRINTING OFFICE, WASHINGTON, 1968 f ~ .• ';.[ j United States of America <!ongrrssional Record PROCEEDINGS AND DEBATES OF THE 90th CONGRESS, SECOND SESSION HOUSE. OF REPRESE'NTATIVE,S-Thursday, June 27, 1968 The House met at 12 o'clock noon. The Chaplain, Rev. Edward G. Latch, D.D., offered ...",
13,GPO,GPO-CRECB-1968-pt14,,"Volume 114, Part 14 (June 19, 1968 to June 26, 1968)","114 Cong. Rec. (Bound) - Volume 114, Part 14 (June 19, 1968 to June 26, 1968)","Congressional Record (Bound Edition). Wednesday, June 26, 1968.",https://www.govinfo.gov/app/details/GPO-CRECB-1968-pt14,https://www.govinfo.gov/content/pkg/GPO-CRECB-1968-pt14/pdf/GPO-CRECB-1968-pt14.pdf,,,,,"TO 19060) UNITED STATES GOVERNMENT PRINTING OFFICE, WASHINGTON, 1968 United States of America Q:ongrcssional Record PRO~EEDINGS AND DEBATES OF THE 9oth CONGRESS, SECOND SESSION SENATE-Wednesday, June 19, 1968 The Senate met at 12 noon, and was called to order by the President pro tempore. The Chaplain, Rev. Frederick Brown Harris, DD., offered...",
14,GPO,GPO-CRECB-1968-pt13,,"Volume 114, Part 13 (June 10, 1968 to June 18, 1968)","114 Cong. Rec. (Bound) - Volume 114, Part 13 (June 10, 1968 to June 18, 1968)","Congressional Record (Bound Edition). Tuesday, June 18, 1968.",https://www.govinfo.gov/app/details/GPO-CRECB-1968-pt13,https://www.govinfo.gov/content/pkg/GPO-CRECB-1968-pt13/pdf/GPO-CRECB-1968-pt13.pdf,,,,,"JUNE 18, 1968 (PAGES 16381 TO 17716) UNITED STATES GOVERNMENT PRINTING OFFICE, WASHINGTON, 1968 United States of America HOU.SE, OF REPREiSE'NTATIVES-Monday, June 10, 1968 !'he House met at 12 o'clock noon. The Chaplain, Rev. Edward G. Laitch, r:.D. offered the following prayer: Blessed be God, the God of all com- fort. who · comforts us in all our...",
15,GPO,GPO-CRECB-1968-pt12,,"Volume 114, Part 12 (May 27, 1968 to June 6, 1968)","114 Cong. Rec. (Bound) - Volume 114, Part 12 (May 27, 1968 to June 6, 1968)","Congressional Record (Bound Edition). Thursday, June 6, 1968.",https://www.govinfo.gov/app/details/GPO-CRECB-1968-pt12,https://www.govinfo.gov/content/pkg/GPO-CRECB-1968-pt12/pdf/GPO-CRECB-1968-pt12.pdf,,,,,"6, 1968 (PAGES 15011 TO 16380) UNITED STATES GOVERNMENT PRINTING OFFICE, WASHINGTON, 1968 United States of America <iongrcssional Record PROCEEDINGS AND DEBATES OF THE 9oth CONGRESS, SECOND SESSION HOU.SE OF REPRESENTATIVES-Monday, May 27, 1968 The House · met at 12 o'clock noon. His Eminence Archbishop Hrant Khat- chadourian, the prelate of ...",
16,GPO,GPO-CRECB-1968-pt11,,"Volume 114, Part 11 (May 16, 1968 to May 24, 1968)","114 Cong. Rec. (Bound) - Volume 114, Part 11 (May 16, 1968 to May 24, 1968)","Congressional Record (Bound Edition). Friday, May 24, 1968.",https://www.govinfo.gov/app/details/GPO-CRECB-1968-pt11,https://www.govinfo.gov/content/pkg/GPO-CRECB-1968-pt11/pdf/GPO-CRECB-1968-pt11.pdf,,,,,"24, 1968 (PAGES 13565 TO 15010) UNITED STATES GOVERNMENT PRINTING OFFICE, WASHINGTON, 1968 United States of America <rongrrssional Rrrord PROCEEDINGS AND DEBATES OF THE 9oth CONGRESS, SECOND SESSION HOUSE OF REPRESENTATIVES-Thursday, May 16, 1968 The House met at 12 o'clock noon. The Chaplain, Rev. Edward G. Latch, D.D., offered the following ...",
17,GPO,GPO-CRECB-1968-pt10,,"Volume 114, Part 10 (May 8, 1968 to May 15, 1968)","114 Cong. Rec. (Bound) - Volume 114, Part 10 (May 8, 1968 to May 15, 1968)","Congressional Record (Bound Edition). Wednesday, May 15, 1968.",https://www.govinfo.gov/app/details/GPO-CRECB-1968-pt10,https://www.govinfo.gov/content/pkg/GPO-CRECB-1968-pt10/pdf/GPO-CRECB-1968-pt10.pdf,,,,,", 1968 (PAGES 12219 TO 13564) UNITED STATES GOVERNMENT PRINTING OFFICE, WASHINGTON, 1968 ( l '""' t United States of America Q:ongrcssional Record PROCEEDI~GS AND DEBATES OF THE 90th CONGRESS, SECOND SESSION HO;USE. OF REPRESENTATIVES-Wednesday, May 8, 1968 The House met at 12 o'clock noon. Rabbi Gerald Green, Adath Israel Synagogue, Trenton, N.J., ...",
18,GPO,GPO-CRECB-1968-pt9,,"Volume 114, Part 9 (April 29, 1968 to May 7, 1968)","114 Cong. Rec. (Bound) - Volume 114, Part 9 (April 29, 1968 to May 7, 1968)","Congressional Record (Bound Edition). Tuesday, May 7, 1968.",https://www.govinfo.gov/app/details/GPO-CRECB-1968-pt9,https://www.govinfo.gov/content/pkg/GPO-CRECB-1968-pt9/pdf/GPO-CRECB-1968-pt9.pdf,,,,,"7, 1968 (PAGES 10823 TO 12218) UNITED STATES GOVERNMENT PRINTING OFFICE, WASHINGTON, 1968 United States of America ~ongrcssional Record PROCEEDINGS AND DEBATES OF THE 90 th CONG~ESS, SECOND SESSION HOUSE, OF REPREISENTATIVES-Monday, April 29, 1968 The House met at 12 o'clock noon. The Chaplain, Rev. Edward G. Latch, D.D., offered the fallowing ...",
19,GPO,GPO-CRECB-1968-pt8,,"Volume 114, Part 8 (April 10, 1968 to April 26, 1968)","114 Cong. Rec. (Bound) - Volume 114, Part 8 (April 10, 1968 to April 26, 1968)","Congressional Record (Bound Edition). Friday, April 26, 1968.",https://www.govinfo.gov/app/details/GPO-CRECB-1968-pt8,https://www.govinfo.gov/content/pkg/GPO-CRECB-1968-pt8/pdf/GPO-CRECB-1968-pt8.pdf,,,,,"26, 1968 (PAGES 9407 TO 10822) UNITED STATES GOVERNMENT PRINTING OFFICE, WASHINGTON, 1968 T ""· ..... -c. • .... tt:: United States of America Q:ongrrssional Record PROCEEDINGS AND DEBATES OF THE 90th CONGRESS, SE<:;:OND SESSION SENATE-Wednesday, April 10, 1968 The Senate met at 12 o'clock meridian, and was called to order by the President pro ...",
20,GPO,GPO-CRECB-1968-pt7,,"Volume 114, Part 7 (March 28, 1968 to April 9, 1968)","114 Cong. Rec. (Bound) - Volume 114, Part 7 (March 28, 1968 to April 9, 1968)","Congressional Record (Bound Edition). Tuesday, April 9, 1968.",https://www.govinfo.gov/app/details/GPO-CRECB-1968-pt7,https://www.govinfo.gov/content/pkg/GPO-CRECB-1968-pt7/pdf/GPO-CRECB-1968-pt7.pdf,,,,,"9, 1968 (PAGES 8057 TO 9406) UNITED STATES GOVERNMENT PRINTING OFFICE, WASHINGTON, 1968 II. ;; ."" United States of America Q:ongrcssional Record PROCEEDINGS AND DEBATES OF THE 90th CONGRESS, SECOND SESSION HOUSE O,F REPRE;SENTATIVE:S-Thursday, March 28, 1968 The House met at 12 o'clock noon. The Reverend Alfred J. Thomas, S.T.D., St. Paul's ...",
21,GPO,GPO-CRECB-1968-pt6,,"Volume 114, Part 6 (March 18, 1968 to March 27, 1968)","114 Cong. Rec. (Bound) - Volume 114, Part 6 (March 18, 1968 to March 27, 1968)","Congressional Record (Bound Edition). Wednesday, March 27, 1968.",https://www.govinfo.gov/app/details/GPO-CRECB-1968-pt6,https://www.govinfo.gov/content/pkg/GPO-CRECB-1968-pt6/pdf/GPO-CRECB-1968-pt6.pdf,,,,,"27, 1968 (PAGES 6737 TO 8056) UNITED STATES GOVERNMENT PRINTING OFFICE, WASHINGTON, 1968 United States of America <tongrrssional Rrcord PROCEEDINGS AND DEBATES OF THE 9oth CONGRESS, SECOND SESSION HOUSE OF REPRESENTATIVES-Monday, March 18, 1968 The House met at 12 o'clock noon. The Chaplain, Rev. Edward G. Latch, D.D., oifered the following ...",
22,GPO,GPO-CRECB-1968-pt5,,"Volume 114, Part 5 (March 6, 1968 to March 15, 1968)","114 Cong. Rec. (Bound) - Volume 114, Part 5 (March 6, 1968 to March 15, 1968)","Congressional Record (Bound Edition). Friday, March 15, 1968.",https://www.govinfo.gov/app/details/GPO-CRECB-1968-pt5,https://www.govinfo.gov/content/pkg/GPO-CRECB-1968-pt5/pdf/GPO-CRECB-1968-pt5.pdf,,,,,"15, 1968 (PAGES 5393 TO 6736) UNITED STATES GOVERNMENT PRINTING OFFICE, WASHINGTON, 1968 .. .. I ~ ... - · United States of America <ron~Frsstuna.1· Record: PROCEEDINGS AND DEBATES OF THE 90 th CONGRESS, SECOND SESSION. HOUSE OF REPRESENTATIVES-Wednesday, March 6, 1968 The House met at 12 o'clock noon. Dr. Bernie Smith, Fellowship Chapel, ...",
23,GPO,GPO-CRECB-1968-pt4,,"Volume 114, Part 4 (February 26, 1968 to March 5, 1968)","114 Cong. Rec. (Bound) - Volume 114, Part 4 (February 26, 1968 to March 5, 1968)","Congressional Record (Bound Edition). Tuesday, March 5, 1968.",https://www.govinfo.gov/app/details/GPO-CRECB-1968-pt4,https://www.govinfo.gov/content/pkg/GPO-CRECB-1968-pt4/pdf/GPO-CRECB-1968-pt4.pdf,,,,,"MARCH 5, 1968 (PAGES 3953 TO 5392) UNITED STATES GOVERNMENT PRINTING OFFICE, WASHINGTON, 1968 'I "" I f . \ ..... · ',· ... '' ·' United States of America <Eongrrs·sional Record PROCEEDINGS AND DEBATES OF THE 90th CONGRESS, SECOND SESSION HO;U.SE OF REPRESENTATIVE,S- Monday, February 26, 1968 The House met at 12 o'clock noon. The Chaplain, Rev. ...",
24,GPO,GPO-CRECB-1968-pt3,,"Volume 114, Part 3 (February 8, 1968 to February 22, 1968)","114 Cong. Rec. (Bound) - Volume 114, Part 3 (February 8, 1968 to February 22, 1968)","Congressional Record (Bound Edition). Thursday, February 22, 1968.",https://www.govinfo.gov/app/details/GPO-CRECB-1968-pt3,https://www.govinfo.gov/content/pkg/GPO-CRECB-1968-pt3/pdf/GPO-CRECB-1968-pt3.pdf,,,,,"22, 1968 (PAGES 2603 TO 3952) UNITED STATES GOVERNMENT PRINTING OFFICE, WASHINGTON, 1968 { • J. ':!., _, r -.. r\ '"": 'f""'. fl.: .. _ ... ' United States of America Q:ongrrssional Rrrord PROCEEDINGS AND DEBATES OF THE 90th CONGRESS, SECOND SESSION SENATE-Thursday, February 8, 1968 The Senate met at 12 o'clock meridian, and was called to ...",
25,GPO,GPO-CRECB-1968-pt2,,"Volume 114, Part 2 (January 30, 1968 to February 7, 1968)","114 Cong. Rec. (Bound) - Volume 114, Part 2 (January 30, 1968 to February 7, 1968)","Congressional Record (Bound Edition). Wednesday, February 7, 1968.",https://www.govinfo.gov/app/details/GPO-CRECB-1968-pt2,https://www.govinfo.gov/content/pkg/GPO-CRECB-1968-pt2/pdf/GPO-CRECB-1968-pt2.pdf,,,,,"7, 1968 (PAGES 1343 TO 2602) UNITED STATES GOVERNMENT PRINTING OFFICE, WASHINGTON, 1968 . 1• United States oj America <!ongrrssional Rrcord PROCEEDINGS AND DEBATES OF THE 90th CONGRESS, SECOND SESSION SENATE-Tuesday,. January 30, 1968 The Senate met at 12 o'clock meridian, and was called to order by the President pro tempore. · The Chaplain,...",
26,GPO,GPO-CRECB-1968-pt1,,"Volume 114, Part 1 (January 15, 1968 to January 29, 1968)","114 Cong. Rec. (Bound) - Volume 114, Part 1 (January 15, 1968 to January 29, 1968)","Congressional Record (Bound Edition). Monday, January 29, 1968.",https://www.govinfo.gov/app/details/GPO-CRECB-1968-pt1,https://www.govinfo.gov/content/pkg/GPO-CRECB-1968-pt1/pdf/GPO-CRECB-1968-pt1.pdf,,,,,"29, 1968 (PAGES 3 TO 1342) UNITED STATES GOVERNMENT PRINTING OFFICE, WASHINGTON, 1968 United States of America ~ongrcssionalltcrord PROCEEDINGS AND DEBATES OF THE 90~h CONGRESS, SECOND SESSION SE:NATE-Monday, January 15, 1968 The 15th day of January being the day prescribed by Public Law 90-230, 90th Congress, first session, for the meeting ...",
27,GPO,GPO-CRECB-1967-pt41,,"Volume 113, Part 41 (December 1, 1967 to December 27, 1967)","113 Cong. Rec. (Bound) - Volume 113, Part 41 (December 1, 1967 to December 27, 1967)","Congressional Record (Bound Edition). Wednesday, December 27, 1967.",https://www.govinfo.gov/app/details/GPO-CRECB-1967-pt41,https://www.govinfo.gov/content/pkg/GPO-CRECB-1967-pt41/pdf/GPO-CRECB-1967-pt41.pdf,,,,,"IN THE SENATE OF THE UNITED STATES Friday, December 1, 1967 Mr. DffiKSEN. Mr. President, I ask unanimous consent to have printed in the Appendix of the RECORD an article entitled ""Wounded Servicemen at Great Lakes Hospital Support L. B. J .'s Viet- nam Policy,"" published in the Charles- ton; Mo., Enterprise-Courier of Novem- ber 16, 1967. There ...",
28,GPO,GPO-CRECB-1967-pt37,,"Volume 113, Part 37 (July 31, 1967 to December 15, 1967)","113 Cong. Rec. (Bound) - Volume 113, Part 37 (July 31, 1967 to December 15, 1967)","Congressional Record (Bound Edition). Friday, December 15, 1967.",https://www.govinfo.gov/app/details/GPO-CRECB-1967-pt37,https://www.govinfo.gov/content/pkg/GPO-CRECB-1967-pt37/pdf/GPO-CRECB-1967-pt37.pdf,,,,,". Mr. Speaker, news- Papers across the country are currently devoting a good. deal of coverage to the Predicaments 1n which jobless young men find themselves. We read nearly every day of the terrible effects of the frustra- tion born of hopelessness and unemploy- ment among our youth. Were it not for t 1 he kind of hope represented by the ...",
29,GPO,GPO-CRECB-1967-pt40,,"Volume 113, Part 40 (November 1, 1967 to December 15, 1967)","113 Cong. Rec. (Bound) - Volume 113, Part 40 (November 1, 1967 to December 15, 1967)","Congressional Record (Bound Edition). Friday, December 15, 1967.",https://www.govinfo.gov/app/details/GPO-CRECB-1967-pt40,https://www.govinfo.gov/content/pkg/GPO-CRECB-1967-pt40/pdf/GPO-CRECB-1967-pt40.pdf,,,,,"of California. Mr. Speaker, th1s year marks the 30th anni- versary of successful collective bargain- ing between the Lockheed Aircraft Corp. and the International Association of Machinists. To commemorate this and the progress achieved under collective barg.aining agreements, Lockheed has published a pamphlet entitled ""Free Col- lective ...",
30,GPO,GPO-CRECB-1967-pt35,,"Volume 113, Part 35 (May 31, 1967 to December 15, 1967)","113 Cong. Rec. (Bound) - Volume 113, Part 35 (May 31, 1967 to December 15, 1967)","Congressional Record (Bound Edition). Friday, December 15, 1967.",https://www.govinfo.gov/app/details/GPO-CRECB-1967-pt35,https://www.govinfo.gov/content/pkg/GPO-CRECB-1967-pt35/pdf/GPO-CRECB-1967-pt35.pdf,,,,,", it was my privilege to attend the 25th anniver- sary observance of Zionist Day in Blr- lllingham, Ala., this past weekend, and I am taking the privilege today of in- cluding in the REcoRD my remarks to that fine organization. I should like to point out that one seldom meets so thoroughly dedicated a group as it was my pleasure to associate With ...",
31,GPO,GPO-CRECB-1967-pt30,,"Volume 113, Part 30 (January 10, 1967 to December 15, 1967)","113 Cong. Rec. (Bound) - Volume 113, Part 30 (January 10, 1967 to December 15, 1967)","Congressional Record (Bound Edition). Friday, December 15, 1967.",https://www.govinfo.gov/app/details/GPO-CRECB-1967-pt30,https://www.govinfo.gov/content/pkg/GPO-CRECB-1967-pt30/pdf/GPO-CRECB-1967-pt30.pdf,,,,,", January 10, 1967 Mr. MADDEN. Mr. Speaker, Gazy, the Calumet region, and the State of In- diana lost one of Its pioneer leaders in the passing of H. B . Snyder, former edt- tor and publl.sher of the Gary, Ind., Post- Tribune. He along with hts brother, the late J. Ralph Snyder, were one of the few rematning pioneers who helped organize, ...",
32,GPO,GPO-CRECB-1967-pt33,,"Volume 113, Part 33 (March 23, 1967 to December 15, 1967)","113 Cong. Rec. (Bound) - Volume 113, Part 33 (March 23, 1967 to December 15, 1967)","Congressional Record (Bound Edition). Friday, December 15, 1967.",https://www.govinfo.gov/app/details/GPO-CRECB-1967-pt33,https://www.govinfo.gov/content/pkg/GPO-CRECB-1967-pt33/pdf/GPO-CRECB-1967-pt33.pdf,,,,,"23, 1967 The SPEAKER. Under previous order of the House, the gentleman from Alaska [Mr. PoLLOCK] is recOgnized for 10 minutes. · Mr. POLLOCK. Mr. Speaker, we were in session quite late last evening and about a quarter to 12, that is, 15 minutes before midnight, I made an announce- ment on the floor here and I would like to repeat it to bring ...",
33,GPO,GPO-CRECB-1967-pt29,,"Volume 113, Part 29 (January 10, 1967 to December 15, 1967)","113 Cong. Rec. (Bound) - Volume 113, Part 29 (January 10, 1967 to December 15, 1967)","Congressional Record (Bound Edition). Friday, December 15, 1967.",https://www.govinfo.gov/app/details/GPO-CRECB-1967-pt29,https://www.govinfo.gov/content/pkg/GPO-CRECB-1967-pt29/pdf/GPO-CRECB-1967-pt29.pdf,,,,,", WASHINGTON, 1967 H8A. Daily Digest Tuesday, January 10, 1967 => Senate -chamber Action Routine Proceedings, pages 3-12 Five resolutions were submitted, as follows: S. Res. 1-5. Page 8 Swearing In of Newly Elected Senators: The follow~ ing 32 Senators, elected in November Is#} for the term expiring in I973, were sworn in: Senators Allott, ...",
34,GPO,GPO-CRECB-1967-pt39,,"Volume 113, Part 39 (October 2, 1967 to December 15, 1967)","113 Cong. Rec. (Bound) - Volume 113, Part 39 (October 2, 1967 to December 15, 1967)","Congressional Record (Bound Edition). Friday, December 15, 1967.",https://www.govinfo.gov/app/details/GPO-CRECB-1967-pt39,https://www.govinfo.gov/content/pkg/GPO-CRECB-1967-pt39/pdf/GPO-CRECB-1967-pt39.pdf,,,,,", October 2, 1967 Mr. JONES of Alabama. Mr. Speaker, a resident of the district I represent has received the 100,000th license in the Business Radio Service and is in Wash- ington today with his wife for appropri- ate honors. I refer to Mr. Horace W. Hooie, of Rogersville, Ala. Just a few weeks ago Mr. Hoole be- came the lOO,OOOth licensee in ...",
35,GPO,GPO-CRECB-1967-pt36,,"Volume 113, Part 36 (June 29, 1967 to December 15, 1967)","113 Cong. Rec. (Bound) - Volume 113, Part 36 (June 29, 1967 to December 15, 1967)","Congressional Record (Bound Edition). Friday, December 15, 1967.",https://www.govinfo.gov/app/details/GPO-CRECB-1967-pt36,https://www.govinfo.gov/content/pkg/GPO-CRECB-1967-pt36/pdf/GPO-CRECB-1967-pt36.pdf,,,,,"O:J' ILLINOIS IN THE HOUSE OF REPRESENTATIVES Thursday, June 29, 1967 Mr. PUCINSKI. Mr. Speaker, it is my Pleasure to announce that on July 1, 1967, by action of the nlmo1s Legislature and Gov. Otto Kerner, Northeastern llii- ~~ State College became a. legal entity. 1 .u.us college, located in the 11th Congres-t onai District of Illinois, in the ...",
36,GPO,GPO-CRECB-1967-pt34,,"Volume 113, Part 34 (May 1, 1967 to December 15, 1967)","113 Cong. Rec. (Bound) - Volume 113, Part 34 (May 1, 1967 to December 15, 1967)","Congressional Record (Bound Edition). Friday, December 15, 1967.",https://www.govinfo.gov/app/details/GPO-CRECB-1967-pt34,https://www.govinfo.gov/content/pkg/GPO-CRECB-1967-pt34/pdf/GPO-CRECB-1967-pt34.pdf,,,,,"yes- terday a group gathered at the Grant Memorial in front of the capitol to com- memorate the 145th anniversary of the birth of Gen. IDysses S. Grant. -Robert J . Havlik, president of the Lincoln Group of the District of Colum- bia, delivered the main address. I was impressed both with the content of the speech and the impressiveness of Mr. ...",
37,GPO,GPO-CRECB-1967-pt28,,"Volume 113, Part 28 (January 10, 1967 to December 15, 1967)","113 Cong. Rec. (Bound) - Volume 113, Part 28 (January 10, 1967 to December 15, 1967)","Congressional Record (Bound Edition). Friday, December 15, 1967.",https://www.govinfo.gov/app/details/GPO-CRECB-1967-pt28,https://www.govinfo.gov/content/pkg/GPO-CRECB-1967-pt28/pdf/GPO-CRECB-1967-pt28.pdf,,,,,"TO DECEMBER 15, 1967 UNITED STATES GOVERNMENT PRINTlNG OFFICE, WASHINGTON, 1967 • r NAMES AND POST-OFFICE ADDRESSES •'· OF MEMBERS OF THE UNITED STATES SENATE IN THE FIRST SESSION OF THE NINETIETH CONGRESS HUBERT H. HuMPHRE~, Vice President, Waverly, Minn.; CARL HAYDEN, President pro tempore, Phoenix,:~Ariz. Name Home post office Aiken, George D ·...",
38,GPO,GPO-CRECB-1967-pt38,,"Volume 113, Part 38 (September 11, 1967 to December 15, 1967)","113 Cong. Rec. (Bound) - Volume 113, Part 38 (September 11, 1967 to December 15, 1967)","Congressional Record (Bound Edition). Friday, December 15, 1967.",https://www.govinfo.gov/app/details/GPO-CRECB-1967-pt38,https://www.govinfo.gov/content/pkg/GPO-CRECB-1967-pt38/pdf/GPO-CRECB-1967-pt38.pdf,,,,,"OF NEW YORK IN THE HOUSE OF REPRESENTATIVES Monday, September 11, 1967 Mr. S:MITH of New York. Mr. Speaker, several weeks ago I was pleased to meet With Col. Amos L. Wright, the new Buf- falo district engineer assigned by the U.s. Army Corps of Engineers. As are- sUlt of our 2-hour meeting in Washing- ton, I was greatly impressed with Col- onel ...",
39,GPO,GPO-CRECB-1967-pt27,,"Volume 113, Part 27 (December 13, 1967 to December 15, 1967)","113 Cong. Rec. (Bound) - Volume 113, Part 27 (December 13, 1967 to December 15, 1967)","Congressional Record (Bound Edition). Friday, December 15, 1967.",https://www.govinfo.gov/app/details/GPO-CRECB-1967-pt27,https://www.govinfo.gov/content/pkg/GPO-CRECB-1967-pt27/pdf/GPO-CRECB-1967-pt27.pdf,,,,,"TO DECEMBER 15, 1967 (PAGES 36175 TO 37507) UNITED STATES GOVERNMENT PRINTING OFFICE, WASHINGTON, 1967 ' t ,. United States of America <Longrrssional Rrrord PROCEEDINGS AND DEBATES OF THE 9oth GONGRESS, FIRST SESSION SENATE WEDNESDAY, DECEMBER 13, 1967 The Senate met at 12 o'clock meridian, and was called to order by the Acting President pro ...",
40,GPO,GPO-CRECB-1967-pt31,,"Volume 113, Part 31 (February 1, 1967 to December 15, 1967)","113 Cong. Rec. (Bound) - Volume 113, Part 31 (February 1, 1967 to December 15, 1967)","Congressional Record (Bound Edition). Friday, December 15, 1967.",https://www.govinfo.gov/app/details/GPO-CRECB-1967-pt31,https://www.govinfo.gov/content/pkg/GPO-CRECB-1967-pt31/pdf/GPO-CRECB-1967-pt31.pdf,,,,,"1, 1967 , 1\Ir. MAG1-.""""USON. ~Ir. President, '\Vhen I visited the SOvtet Union last fall, I inquired about the status of their super- some transport development. Although the Russians would not allow me to in- SJ>ect their developme~t. of oourse, it was clear to all of us that they were proceed- ing With this program and would prob- a!>ly ...",
41,GPO,GPO-CRECB-1967-pt32,,"Volume 113, Part 32 (March 1, 1967 to December 15, 1967)","113 Cong. Rec. (Bound) - Volume 113, Part 32 (March 1, 1967 to December 15, 1967)","Congressional Record (Bound Edition). Friday, December 15, 1967.",https://www.govinfo.gov/app/details/GPO-CRECB-1967-pt32,https://www.govinfo.gov/content/pkg/GPO-CRECB-1967-pt32/pdf/GPO-CRECB-1967-pt32.pdf,,,,,", March 1. 1967 Mr. ROYBAL. Mr. Speaker, I have been greatly encouraged during the last few years to see develop a growing na- tional recognition of the vital impor- tance of finding solutions to the perplex- Ing and complicated problem of effective a1r pollution control-especially in America's increasingly crowded major metropelitan centers where ...",
42,GPO,GPO-CRECB-1967-pt26,,"Volume 113, Part 26 (December 5, 1967 to December 12, 1967)","113 Cong. Rec. (Bound) - Volume 113, Part 26 (December 5, 1967 to December 12, 1967)","Congressional Record (Bound Edition). Tuesday, December 12, 1967.",https://www.govinfo.gov/app/details/GPO-CRECB-1967-pt26,https://www.govinfo.gov/content/pkg/GPO-CRECB-1967-pt26/pdf/GPO-CRECB-1967-pt26.pdf,,,,,"DECEMBER 12, 1967 (PAGES 34995 TQ 3617 4) UNITED STATES GOVERNMENT PRINTING OFFICE, WASHINGTON1 1967 United States of America <rongrrssional Rrcord PROCEEDINGS AND DEBATES OF THE 9oth CONGRESS, FIRST SESSION SENATE TUESDAY, DECEMBER 5, 1967 The Senate met at 10 a.m., and was called to order by Hon. GALE W. McGEE, a Senator from the State of ...",
43,GPO,GPO-CRECB-1967-pt25,,"Volume 113, Part 25 (November 22, 1967 to December 4, 1967)","113 Cong. Rec. (Bound) - Volume 113, Part 25 (November 22, 1967 to December 4, 1967)","Congressional Record (Bound Edition). Monday, December 4, 1967.",https://www.govinfo.gov/app/details/GPO-CRECB-1967-pt25,https://www.govinfo.gov/content/pkg/GPO-CRECB-1967-pt25/pdf/GPO-CRECB-1967-pt25.pdf,,,,,"TO DECEMBER 4, 1967 (PAGES 33597 TO 34994) UNITED STATES GOVERNMENT PRINTING OFFICE, WASHINGTON, 1967 United States of America Q:ongrcssional Record PROCEEDINGS AND DEBATES OF THE 9oth CONGRESS, FIRST SESSION SENATE WEDNESDAY, NOVEMBER 22, 1967 <Legislative day of Tuesda.y, Novem- ber 21, 1967) The Senate met at 10 a.m., on the ex- piration of the...",
44,GPO,GPO-CRECB-1967-pt24,,"Volume 113, Part 24 (November 13, 1967 to November 21, 1967)","113 Cong. Rec. (Bound) - Volume 113, Part 24 (November 13, 1967 to November 21, 1967)","Congressional Record (Bound Edition). Tuesday, November 21, 1967.",https://www.govinfo.gov/app/details/GPO-CRECB-1967-pt24,https://www.govinfo.gov/content/pkg/GPO-CRECB-1967-pt24/pdf/GPO-CRECB-1967-pt24.pdf,,,,,"TO NOVEMBER 21, 1967 (PAGES 32H7 TO 33596) UNITED STATES GOVERNMENT PRINTING OFFICE, WASHINGTON, 1967 ' ) I Q (~ (' .,J SENATE MONDAY, NOVEMBER 13, 1967 The Senate met at 12 o'clock meridian, and was called to order by the President pro tempore. The Chaplain, Rev. Frederick Brown Harris, D.D., offered the ·following prayer: O God, in whose ...",
45,GPO,GPO-CRECB-1967-pt23,,"Volume 113, Part 23 (November 1, 1967 to November 9, 1967)","113 Cong. Rec. (Bound) - Volume 113, Part 23 (November 1, 1967 to November 9, 1967)","Congressional Record (Bound Edition). Thursday, November 9, 1967.",https://www.govinfo.gov/app/details/GPO-CRECB-1967-pt23,https://www.govinfo.gov/content/pkg/GPO-CRECB-1967-pt23/pdf/GPO-CRECB-1967-pt23.pdf,,,,,"NOVEMBER 9, 1967 (PAGES 30689 TO 32116) UNITED STATES GOVERNMENT PRINTING OFFICE, WASHINGTON, 1967 ·1 .. United States of America <iongrrssional Rrrord PROCEEDINGS AND DEBATES OF THE 9oth CONGRESS, FIRST SESSION SENATE WEDNESDAY, NOVEMBER 1, 1967 The Senate met at 12 o'clock meridian, and was called to order by the Presi- dent pro tempore. Bishop...",
46,GPO,GPO-CRECB-1967-pt22,,"Volume 113, Part 22 (October 18, 1967 to October 31, 1967)","113 Cong. Rec. (Bound) - Volume 113, Part 22 (October 18, 1967 to October 31, 1967)","Congressional Record (Bound Edition). Tuesday, October 31, 1967.",https://www.govinfo.gov/app/details/GPO-CRECB-1967-pt22,https://www.govinfo.gov/content/pkg/GPO-CRECB-1967-pt22/pdf/GPO-CRECB-1967-pt22.pdf,,,,,"18, 1967, TO OCTOBER 31, 1967 (PAGES 29209 TO 30688) UNITED STATES GOVERNMENT PRINTING OFFICE, WASHINGTON, 1,967 United States of America <iongrcssioRal Record PROCEEDINGS AND DEBATES OF THE 9oth CONGRESS, FIRST SESSION SENATE WEDNESDAY, OCTOBER 18, 1967 The ·Senate met at 12 noon and was called to order by the President pro tempo re. The ...",
47,GPO,GPO-CRECB-1967-pt21,,"Volume 113, Part 21 (October 4, 1967 to October 17, 1967)","113 Cong. Rec. (Bound) - Volume 113, Part 21 (October 4, 1967 to October 17, 1967)","Congressional Record (Bound Edition). Tuesday, October 17, 1967.",https://www.govinfo.gov/app/details/GPO-CRECB-1967-pt21,https://www.govinfo.gov/content/pkg/GPO-CRECB-1967-pt21/pdf/GPO-CRECB-1967-pt21.pdf,,,,,"OCTOBER 17, 1967 (PAGES 27725 TO 29208) UNITED STATES GOVERNMENT PRINTING OFFICE,, WASHINGTON, 1967 United States of America Q:ongrrssional Rrcord PROCEEDINGS AND DEBATES OF THE 9oth CONGRESS, FIRST SESSION HOUSE OF REPRESENTATIVES WEDNESDAY, OCTOBER 4, 1967 The House met at 12 o'clock noon. The Chaplain, Rev. Edward G. Latch, D.D., offered the ...",
48,GPO,GPO-CRECB-1967-pt20,,"Volume 113, Part 20 (September 21, 1967 to October 3, 1967)","113 Cong. Rec. (Bound) - Volume 113, Part 20 (September 21, 1967 to October 3, 1967)","Congressional Record (Bound Edition). Tuesday, October 3, 1967.",https://www.govinfo.gov/app/details/GPO-CRECB-1967-pt20,https://www.govinfo.gov/content/pkg/GPO-CRECB-1967-pt20/pdf/GPO-CRECB-1967-pt20.pdf,,,,,"TO OCTOBER 3, 1967 (PAGES 26293 TO 27724) UNITED STATES GOVERNMENT PRINTING OFFICE. WASHINGTON, 1967 PROCEEDINGS AND DEBATES OF THE FIRST SESSION THURSDAY, SEPTEMBER 21, 1967 The Senate met at 12 o'clock noon and was called to order by the Acting Presi- dent pro tempore <Mr. METCALF). "" Rev. George E. ·Schnabel, D.b., pastor emeritus at St. Marks ...",
49,GPO,GPO-CRECB-1967-pt19,,"Volume 113, Part 19 (September 11, 1967 to September 20, 1967)","113 Cong. Rec. (Bound) - Volume 113, Part 19 (September 11, 1967 to September 20, 1967)","Congressional Record (Bound Edition). Wednesday, September 20, 1967.",https://www.govinfo.gov/app/details/GPO-CRECB-1967-pt19,https://www.govinfo.gov/content/pkg/GPO-CRECB-1967-pt19/pdf/GPO-CRECB-1967-pt19.pdf,,,,,"SEPTEMBER 20, 1967 1(PAGES 24929 TO 26292) UNITED STATES GOVERNMENT PRINTING OFFICEs WASHINGTON, 1967 . \ ., t \:·-""""'""""'""'ti .. ~ .,:!~ 'i ''t • 0 r \ • United States of America ©ongr(ssional R(rotO PROCE~DINGS AND DEBATES OF THE 9oth CONGRESS, FIRST SESSION HOUSE OF REPRESENTATIVES MONDAY, SEPTEMBER 11; 1967 The House met at 12 o'clock noon. The ...",
50,GPO,GPO-CRECB-1967-pt18,,"Volume 113, Part 18 (August 22, 1967 to August 31, 1967)","113 Cong. Rec. (Bound) - Volume 113, Part 18 (August 22, 1967 to August 31, 1967)","Congressional Record (Bound Edition). Thursday, August 31, 1967.",https://www.govinfo.gov/app/details/GPO-CRECB-1967-pt18,https://www.govinfo.gov/content/pkg/GPO-CRECB-1967-pt18/pdf/GPO-CRECB-1967-pt18.pdf,,,,,"23451 TO 24928) UNITED STATES GOVERNMENT PRINTING OFFIC::E, WASHINGTON. 1967 . ,.'t. United States of America Q:ongrcssional Record PROCEEDINGS_ AND DEBATES OP THE 9oth CONGRESS,. FIRST SESSION SENATE TUESDAY, AUGUST 22, 1967 (Legislative day of Monday, August 21, 1967) The Senate met at 11 o'clock a.m., on the expiration of the recess, and was ...",
51,GPO,GPO-CRECB-1967-pt17,,"Volume 113, Part 17 (August 10, 1967 to August 21, 1967)","113 Cong. Rec. (Bound) - Volume 113, Part 17 (August 10, 1967 to August 21, 1967)","Congressional Record (Bound Edition). Monday, August 21, 1967.",https://www.govinfo.gov/app/details/GPO-CRECB-1967-pt17,https://www.govinfo.gov/content/pkg/GPO-CRECB-1967-pt17/pdf/GPO-CRECB-1967-pt17.pdf,,,,,"TO AUGUST 21, 1967 (PAGES 22133 TO 23450) UNITED STATES GOVERNMENT PRINTING OFFICE, WASHINGTON, 1967 United States of America <rongrcssional Record PROCEEDINGS AND DEBATES OF THE 9oth CONGRESS, FIRST SESSION SENATE TH URSDAY, AUGUST 10, 1967 The Senate met at 11 o'clock a.m., and was called to ordPr by the President pro tempore. Rev. Lyle K. ...",
52,GPO,GPO-CRECB-1967-pt16,,"Volume 113, Part 16 (August 1, 1967 to August 9, 1967)","113 Cong. Rec. (Bound) - Volume 113, Part 16 (August 1, 1967 to August 9, 1967)","Congressional Record (Bound Edition). Wednesday, August 9, 1967.",https://www.govinfo.gov/app/details/GPO-CRECB-1967-pt16,https://www.govinfo.gov/content/pkg/GPO-CRECB-1967-pt16/pdf/GPO-CRECB-1967-pt16.pdf,,,,,"9, 1967 (PAGES 20751 TO 22132) UNITED STATES GOVERNMENT PRINTING OFFICE~ WASHINGTON, 1967 . - . .: United States of America <iongrcssional Record PROCEEDINGS AND DEBATES OF THE 9oth CONGRESS, FIRST SESSION HOUSE OF REPRESENTATIVES TUESDAY, AUGUST 1, 1967 ente Indian Reservation and to convey title to certain platted streets, alleys, and ...",
53,GPO,GPO-CRECB-1967-pt15,,"Volume 113, Part 15 (July 19, 1967 to July 31, 1967)","113 Cong. Rec. (Bound) - Volume 113, Part 15 (July 19, 1967 to July 31, 1967)","Congressional Record (Bound Edition). Monday, July 31, 1967.",https://www.govinfo.gov/app/details/GPO-CRECB-1967-pt15,https://www.govinfo.gov/content/pkg/GPO-CRECB-1967-pt15/pdf/GPO-CRECB-1967-pt15.pdf,,,,,"TO JULY 31, 1967 (PAGES 19343 TO 20750) UNITED STATES GOVERNMENT PRINTING OFFICE, WASHINGTON, 1967 ·~ '. ) ' f 'I .. United States of America Q:ongrcssional 1Rcrord PROCEEDINGS AND DEBATES OF THE 9oth CONGRESS, FIRST SESSION HOUSE OF REPRESENTATIVES WEDNESDAY, JULY 19, 1967 The House met at 12 o'clock noon. The Chaplain, Rev. Edward G. Latch, D.D.,...",
54,GPO,GPO-CRECB-1967-pt14,,"Volume 113, Part 14 (June 29, 1967 to July 18, 1967)","113 Cong. Rec. (Bound) - Volume 113, Part 14 (June 29, 1967 to July 18, 1967)","Congressional Record (Bound Edition). Tuesday, July 18, 1967.",https://www.govinfo.gov/app/details/GPO-CRECB-1967-pt14,https://www.govinfo.gov/content/pkg/GPO-CRECB-1967-pt14/pdf/GPO-CRECB-1967-pt14.pdf,,,,,", TO JULY 18, 1967 (PAGES 17891 TO 19342) UNITED STATES GOVERNMENT PRINTING OFFICE, WASHINGTON, 1967 United States of America Q:ongrcssional Record PROCEEDINGS AND DEBATES OF THE 9oth CONGRESS, FIRST SESSION HOUSE OF REPRESENTATIVES THURSDAY, JUNE 29, 1967 The House met at 11 o'clock a.m. The Chaplain, Re:v. Edward G. Latch, D.D., offered the ...",
55,GPO,GPO-CRECB-1967-pt13,,"Volume 113, Part 13 (June 21, 1967 to June 28, 1967)","113 Cong. Rec. (Bound) - Volume 113, Part 13 (June 21, 1967 to June 28, 1967)","Congressional Record (Bound Edition). Wednesday, June 28, 1967.",https://www.govinfo.gov/app/details/GPO-CRECB-1967-pt13,https://www.govinfo.gov/content/pkg/GPO-CRECB-1967-pt13/pdf/GPO-CRECB-1967-pt13.pdf,,,,,"JUNE 28, 1967 (PAGES 16559 TO 17890) UNITED STATES GOVERNMENT PRINTING OFFICE, WASHINGTON, 1967 J J..'iS A. \' < I ( • -r l' J > 01 ~)' :1 1;',J.'ll~ .~:"".'»""1'.>;. 0 ~:;l>""J.11 ""lf,.Jf _.. ., ·,l'.:~l"" 1U.>I'lV( .. United States of America <.tongrrssional RrrorB PROCEEDINGS AND DEBATES OF THE 9oth CONGRESS, FIRST SESSION SENATE WEDNESDAY, JUNE 21...",
56,GPO,GPO-CRECB-1967-pt12,,"Volume 113, Part 12 (June 12, 1967 to June 20, 1967)","113 Cong. Rec. (Bound) - Volume 113, Part 12 (June 12, 1967 to June 20, 1967)","Congressional Record (Bound Edition). Tuesday, June 20, 1967.",https://www.govinfo.gov/app/details/GPO-CRECB-1967-pt12,https://www.govinfo.gov/content/pkg/GPO-CRECB-1967-pt12/pdf/GPO-CRECB-1967-pt12.pdf,,,,,", TO JUNE 20, 1967 (PAGES 15309 TO 16558) UNITED STATES GOVERNMENT PRINTING OFFICE. WASHINGTON, 1967 United States of America <rongrcssional Record PROCEEDINGS AND DEBATES OF THE 90th CONGRESSt FIRST SESSION - SENATE MoNDAY, JuNE 12, 1967 The Senate met at 10 o'clock a.m., and was called to order by Hon. FRED R. HARRIS, a Senator from the State of ...",
57,GPO,GPO-CRECB-1967-pt11,,"Volume 113, Part 11 (May 25, 1967 to June 8, 1967)","113 Cong. Rec. (Bound) - Volume 113, Part 11 (May 25, 1967 to June 8, 1967)","Congressional Record (Bound Edition). Thursday, June 8, 1967.",https://www.govinfo.gov/app/details/GPO-CRECB-1967-pt11,https://www.govinfo.gov/content/pkg/GPO-CRECB-1967-pt11/pdf/GPO-CRECB-1967-pt11.pdf,,,,,"8, 1967 (PAGES 13967 TO 15308) UNITED STATES GOVERNMENT PRINTING OFFICE, WASHINGTON~ 1967 ·. / 'r t \.t "" ! .', '"" l t 1.. 'J .•• United States of America Q:ongrrssional Rrcord PROCEEDINGS AND DEBATES OF THE 90th CONGRESS, FIRST SESSION SENATE THURSDAY, MAY 25, 1967 The Senate met at 11 o'clock a.m., and was called to order by the President pro ...",
58,GPO,GPO-CRECB-1967-pt10,,"Volume 113, Part 10 (May 15, 1967 to May 24, 1967)","113 Cong. Rec. (Bound) - Volume 113, Part 10 (May 15, 1967 to May 24, 1967)","Congressional Record (Bound Edition). Wednesday, May 24, 1967.",https://www.govinfo.gov/app/details/GPO-CRECB-1967-pt10,https://www.govinfo.gov/content/pkg/GPO-CRECB-1967-pt10/pdf/GPO-CRECB-1967-pt10.pdf,,,,,", 1967 (PAGES 12519 TO 13966) UNITEO STATES GOVERNMENT PRINTING OFFICE, WASHINGTON, 1967 United States of America <ro·ngrcssional Record' PROCEEDINGS AND DEBATES OF THE 90th CONGRESS, FIRST SESSION SENATE MONDAY, MAY 15, 1967 The Senate met at 12 o'clock meridian, and was called to order by the President pro tempore. Rabbi David A. Goldstein, Har ...",
59,GPO,GPO-CRECB-1967-pt9,,"Volume 113, Part 9 (April 28, 1967 to May 11, 1967)","113 Cong. Rec. (Bound) - Volume 113, Part 9 (April 28, 1967 to May 11, 1967)","Congressional Record (Bound Edition). Thursday, May 11, 1967.",https://www.govinfo.gov/app/details/GPO-CRECB-1967-pt9,https://www.govinfo.gov/content/pkg/GPO-CRECB-1967-pt9/pdf/GPO-CRECB-1967-pt9.pdf,,,,,"11, 1967 (PAGES 11153 TO 12518) UNITED STATES GOVERNMENT PRINTING OFFICE, WASHINGTON, 1967 United States of America <Longrcssional Record PROCEEDINGS AND DEBATES OF THE 9oth CONGRESS, FIRST SESSION HOUSE OF REPRESENTATIVES FRIDAY, APRIL 28, 1967 The House met at 12 o'clock noon. The Chaplain, Rev. Edward G. Latch, D.D., offered the following ...",
60,GPO,GPO-CRECB-1967-pt8,,"Volume 113, Part 8 (April 17, 1967 to April 27, 1967)","113 Cong. Rec. (Bound) - Volume 113, Part 8 (April 17, 1967 to April 27, 1967)","Congressional Record (Bound Edition). Thursday, April 27, 1967.",https://www.govinfo.gov/app/details/GPO-CRECB-1967-pt8,https://www.govinfo.gov/content/pkg/GPO-CRECB-1967-pt8/pdf/GPO-CRECB-1967-pt8.pdf,,,,,"27, 1967 (PAGES 9703 TO 11152) UNITED STATES GOVERNMENT PRINTING OFFICE, WASHINGTON, 1967 United States of America Q:o.ngrcssionaiRcCord· PROCEEDINGS AND DEBATES OF THE 90th CONGRESS, FIRST SESSION HOUSE OF REPRESENTATIVES MoNDAY, APRIL 17, 1967 The House met at 12 o'clock noon. The Chaplain, Rev. Edward G. Latch, D.D., offered the following ...",
61,GPO,GPO-CRECB-1967-pt7,,"Volume 113, Part 7 (April 5, 1967 to April 14, 1967)","113 Cong. Rec. (Bound) - Volume 113, Part 7 (April 5, 1967 to April 14, 1967)","Congressional Record (Bound Edition). Friday, April 14, 1967.",https://www.govinfo.gov/app/details/GPO-CRECB-1967-pt7,https://www.govinfo.gov/content/pkg/GPO-CRECB-1967-pt7/pdf/GPO-CRECB-1967-pt7.pdf,,,,,", TO APRIL 14, 1967 (PAGES 8333 TO 9702) UNITED STATES GOVERNMENT PRINTING OFFICE, WASHINGTON, 1967 .. United States of America <iongrcssional Record PROCEEDINGS AND DEBATES OF THE 90th CONGRESS, FIRST SESSION SENATE WEDNESDAY, APRIL 5, 1967 The Senate met at 12 o'clock meridian, and was called to order by the President pro tempore. Rev. Donald 0....",
62,GPO,GPO-CRECB-1967-pt6,,"Volume 113, Part 6 (March 16, 1967 to April 4, 1967)","113 Cong. Rec. (Bound) - Volume 113, Part 6 (March 16, 1967 to April 4, 1967)","Congressional Record (Bound Edition). Tuesday, April 4, 1967.",https://www.govinfo.gov/app/details/GPO-CRECB-1967-pt6,https://www.govinfo.gov/content/pkg/GPO-CRECB-1967-pt6/pdf/GPO-CRECB-1967-pt6.pdf,,,,,"4, 1967 (PAGES 6867 TO 8332) UNITED STATES GOVERNMENT PRINTING OFFICE, WASHINGTON, 196i United States of America <iongrrssional 1Rrrord PROCEEDINGS AND DEBATES OF THE 9oth CONGRESS, FIRST SESSION HOUSE OF REPRESENTATIVES THURSDAY, MARCH 16, 1967 The House met at 12 o'clock noon. Father Hugh F. Costigan, S.J., Director of Agriculture and Trade ...",
63,GPO,GPO-CRECB-1967-pt5,,"Volume 113, Part 5 (March 7, 1967 to March 15, 1967)","113 Cong. Rec. (Bound) - Volume 113, Part 5 (March 7, 1967 to March 15, 1967)","Congressional Record (Bound Edition). Wednesday, March 15, 1967.",https://www.govinfo.gov/app/details/GPO-CRECB-1967-pt5,https://www.govinfo.gov/content/pkg/GPO-CRECB-1967-pt5/pdf/GPO-CRECB-1967-pt5.pdf,,,,,"MARCH 15, 1967 {PAGES 5573 TO 6866) UNITED STATES GOVERNMENT PRINTING OFFICE, WASHINGTON, 1967 (,()I T I 111 United States of America Q:ongrcssional Record PROCEEDINGS AND DEBATES OF TH.E 9oth CONGRESS, FIRST SESSION SENATE TUESDAY, MARCH 7, 1967 The Senate met at 11 o'clock a.m., and was called to order by Hon. ROBERT C. · BYRD, a Senator from the...",
64,GPO,GPO-CRECB-1967-pt4,,"Volume 113, Part 4 (February 23, 1967 to March 6, 1967)","113 Cong. Rec. (Bound) - Volume 113, Part 4 (February 23, 1967 to March 6, 1967)","Congressional Record (Bound Edition). Monday, March 6, 1967.",https://www.govinfo.gov/app/details/GPO-CRECB-1967-pt4,https://www.govinfo.gov/content/pkg/GPO-CRECB-1967-pt4/pdf/GPO-CRECB-1967-pt4.pdf,,,,,"TO MARCH 6, 1967 (PAGES 4227 TO 5572) UNITED STATES GOVERNMENT PRINTING OFFICE, WASHINGTON, 1967 1' ( I ...,, .r United States of America ~ongrcssional1Rccord PROC_EEDiNGS AND DEBATES OF .TH-E 90th CONGRESS, FIRST SESSION SENATE . THURSDAY, FEBRUARY 23, 1967 The Senate met at 12 o'clock meridian, and was oalled to order by the Acting President pro...",
65,GPO,GPO-CRECB-1967-pt3,,"Volume 113, Part 3 (February 8, 1967 to February 22, 1967)","113 Cong. Rec. (Bound) - Volume 113, Part 3 (February 8, 1967 to February 22, 1967)","Congressional Record (Bound Edition). Wednesday, February 22, 1967.",https://www.govinfo.gov/app/details/GPO-CRECB-1967-pt3,https://www.govinfo.gov/content/pkg/GPO-CRECB-1967-pt3/pdf/GPO-CRECB-1967-pt3.pdf,,,,,"22, 1967 (PAGES 2879 TO 4226) UNITED STATE S GOVERNMENT PRINTING OFFICE, WASHINGTON, 1967 I v l United States of America SENATE ~·· WEDNESDAY, FEBRUARY 8, 1967 - The Senate met at 12 o'clock meridian, and was called to order by the President pro tempore. The Chaplain, Rev. Frederick Brown Harris, D.D., offered the following prayer: 0 Thou, ...",
66,GPO,GPO-CRECB-1967-pt2,,"Volume 113, Part 2 (January 25, 1967 to February 7, 1967)","113 Cong. Rec. (Bound) - Volume 113, Part 2 (January 25, 1967 to February 7, 1967)","Congressional Record (Bound Edition). Tuesday, February 7, 1967.",https://www.govinfo.gov/app/details/GPO-CRECB-1967-pt2,https://www.govinfo.gov/content/pkg/GPO-CRECB-1967-pt2/pdf/GPO-CRECB-1967-pt2.pdf,,,,,", 1967, TO FEBRUARY 7, 1967 (PAGES 1423 TO 2878) UNITED STATES GOVERNMENT PRINTING OFFICE, WASHINGTON, 1967 United States of America Q:ongrrssional 1Rrcord PROCEEDINGS AND DEBATES OF THE 9oth CONGRESS, FIRST SESSION HOUSE OF REPRESENTATIVES WEDNESDAY, JANUARY 25, 1967 The House met at 12 o'clock noon. The Very Reverend Theodore F. Forosty, Holy ...",
67,GPO,GPO-CRECB-1967-pt1,,"Volume 113, Part 1 (January 10, 1967 to January 24, 1967)","113 Cong. Rec. (Bound) - Volume 113, Part 1 (January 10, 1967 to January 24, 1967)","Congressional Record (Bound Edition). Tuesday, January 24, 1967.",https://www.govinfo.gov/app/details/GPO-CRECB-1967-pt1,https://www.govinfo.gov/content/pkg/GPO-CRECB-1967-pt1/pdf/GPO-CRECB-1967-pt1.pdf,,,,,", TO JANUARY 24, 1967 (PAGES 3 TO 1422) UNITED STATES GOVERNMENT PRINTING OFFICE, WASHINGTON, 1967 ) C . United States of America <rongrcssional Record PROCEEDINGS AND DEBATES OF THE 90th CONGRESS, FIRST SESSION SENATE TuESDAY, JANUARY 10, 1967 The lOth day of January being the day prescribed by Public Law No. 704, 89th Congress, second session,...",