index,collectionCode,packageId,granuleId,title,line1,line2,detailsLink,pdfLink,htmlLink,xmlLink,otherLink1,otherLink2,teaser,historical
1,GPO,GPO-CRECB-1980-pt27,,"Volume 126, Part 27 (January 3, 1980 to December 30, 1980)","126 Cong. Rec. (Bound) - Volume 126, Part 27 (January 3, 1980 to December 30, 1980)","Congressional Record (Bound Edition). Tuesday, December 30, 1980.",https://www.govinfo.gov/app/details/GPO-CRECB-1980-pt27,https://www.govinfo.gov/content/pkg/GPO-CRECB-1980-pt27/pdf/GPO-CRECB-1980-pt27.pdf,,,,,"OF~FICE, WASHINGTON, 1980 For sale b~· the Superintendent of Documents, U.S. Government Printing Office \Vashington, D.C. 20402 Daily Digest Thursday, January 3, 1980 Senate Chamber Action Messages from the President Received During Ad- journment, page Sr. Messages from the House Received During Adjourn- ment, pages Sr and S2. Senate met at r2 ...",
2,GPO,GPO-CRECB-1980-pt25,,"Volume 126, Part 25 (December 8, 1980 to December 30, 1980)","126 Cong. Rec. (Bound) - Volume 126, Part 25 (December 8, 1980 to December 30, 1980)","Congressional Record (Bound Edition). Tuesday, December 30, 1980.",https://www.govinfo.gov/app/details/GPO-CRECB-1980-pt25,https://www.govinfo.gov/content/pkg/GPO-CRECB-1980-pt25/pdf/GPO-CRECB-1980-pt25.pdf,,,,,"30, 1980 (PAGES 32879 TO 34439) UNITED STATES GOVERNMENT PRINTING OFFICE, WASHINGTON, 1980 For sale by the Superintendent of Documents, U.S. Government Printing Office Washin~ton, D.C. 20402 United States oj America <iongrcssional1Rcrord PROCEEDINGS AND DEBATES OF THE 96th CONGRESS, FIRST SESSION SENATE-Monday, December 8, 1980 (Legislative...",
3,GPO,GPO-CRECB-1980-pt26,,"Volume 126, Part 26 (January 3, 1980 to December 30, 1980)","126 Cong. Rec. (Bound) - Volume 126, Part 26 (January 3, 1980 to December 30, 1980)","Congressional Record (Bound Edition). Tuesday, December 30, 1980.",https://www.govinfo.gov/app/details/GPO-CRECB-1980-pt26,https://www.govinfo.gov/content/pkg/GPO-CRECB-1980-pt26/pdf/GPO-CRECB-1980-pt26.pdf,,,,,"TO DECEMBER 16, 1980 UNITED STATES GOVERNMENT PRINTING OFFICE, WASHINGTON, 1980 COMPILED UNDER THE DIRECTION OF THE JOINT COMMITTEE ON PRINTING AUGUSTUS F. HAWKINS, Representative from California, Chairman JOHN W. WARNER, Senator from Virginia, Vice Chairman FRANK THOMPSON, Jr., Representative from New Jersey WILLIAM L. DICKINSON, Representative ...",
4,GPO,GPO-CRECB-1980-pt24,,"Volume 126, Part 24 (December 2, 1980 to December 5, 1980)","126 Cong. Rec. (Bound) - Volume 126, Part 24 (December 2, 1980 to December 5, 1980)","Congressional Record (Bound Edition). Friday, December 5, 1980.",https://www.govinfo.gov/app/details/GPO-CRECB-1980-pt24,https://www.govinfo.gov/content/pkg/GPO-CRECB-1980-pt24/pdf/GPO-CRECB-1980-pt24.pdf,,,,,"5, 1980 (PAGES 31437 TO 32878) UNITED STATES GOVERNMENT PRINTING OFFICE, WASHINGTON, 1980 For sale by the Superintendent of Documents , U. S. Government Printing Office Washington, D.C. 20402 United States of America Q:ongr£ssional R£cord PROCEEDINGS AND DEBATES OF THE 96th CONGRESS, SECOND SESSION SENATE-Tuesday, December 2, 1980 <...",
5,GPO,GPO-CRECB-1980-pt23,,"Volume 126, Part 23 (November 18, 1980 to December 1, 1980)","126 Cong. Rec. (Bound) - Volume 126, Part 23 (November 18, 1980 to December 1, 1980)","Congressional Record (Bound Edition). Monday, December 1, 1980.",https://www.govinfo.gov/app/details/GPO-CRECB-1980-pt23,https://www.govinfo.gov/content/pkg/GPO-CRECB-1980-pt23/pdf/GPO-CRECB-1980-pt23.pdf,,,,,"1, 1980 (PAGES 30001 TO 31436) UNITED STATES GOVERNMENT PRINTING OFFICE, WASHINGTON, 1980 For sale by the Superintendent of Documents, U.S. Government Printing Office Washington. D.C. 20402 United States of America <tongrcssional Record PROCEEDINGS AND DEaATES OF THE 96th CONGRESS, SECOND SESSION HOUSE OF REPRESENTATIVES-Tuesday, November 18...",
6,GPO,GPO-CRECB-1980-pt22,,"Volume 126, Part 22 (October 1, 1980 to November 17, 1980)","126 Cong. Rec. (Bound) - Volume 126, Part 22 (October 1, 1980 to November 17, 1980)","Congressional Record (Bound Edition). Monday, November 17, 1980.",https://www.govinfo.gov/app/details/GPO-CRECB-1980-pt22,https://www.govinfo.gov/content/pkg/GPO-CRECB-1980-pt22/pdf/GPO-CRECB-1980-pt22.pdf,,,,,"17, 1980 (PAGES 28569 TO 30000) ; -:: ... ~ .. : ,·: UNITED STATES GOVERNMENT PRINTING OFFICE, WASHINGTON, 1980 ' . .. For sale by the Superintendent of Documents, U.S. Government Printing Office Washington, D.C. 20402 United States of America Q:ongrrssional Record PROCEEDINGS AND DEBATES OF THE 96th CONGRESS, SECO.ND SESSION HOUSE OF ...",
7,GPO,GPO-CRECB-1980-pt21,,"Volume 126, Part 21 (September 25, 1980 to September 30, 1980)","126 Cong. Rec. (Bound) - Volume 126, Part 21 (September 25, 1980 to September 30, 1980)","Congressional Record (Bound Edition). Tuesday, September 30, 1980.",https://www.govinfo.gov/app/details/GPO-CRECB-1980-pt21,https://www.govinfo.gov/content/pkg/GPO-CRECB-1980-pt21/pdf/GPO-CRECB-1980-pt21.pdf,,,,,"30, 1980 (PAGES 27193 TO 28568) UNITED STATES GOVERNMENT PRINTING OFFICE, WASHINGTON, 1980 For sale by the Superintendent of Documents, U.S. Government Printing Office 1 Washington, D.C. 20402 United States of America Q:ongrcssional Record PROCEEDINGS AND DEBATES OF THE 96th CONGRESS, SECOND SESSION SENATE-Thursday, September 25, 1980 <...",
8,GPO,GPO-CRECB-1980-pt20,,"Volume 126, Part 20 (September 17, 1980 to September 24, 1980)","126 Cong. Rec. (Bound) - Volume 126, Part 20 (September 17, 1980 to September 24, 1980)","Congressional Record (Bound Edition). Wednesday, September 24, 1980.",https://www.govinfo.gov/app/details/GPO-CRECB-1980-pt20,https://www.govinfo.gov/content/pkg/GPO-CRECB-1980-pt20/pdf/GPO-CRECB-1980-pt20.pdf,,,,,"SEPTEMBER 24, 1980 (PAGES 25699 TO 27192) UNITED STATES GOVERNMENT PRINTING OFFICE, WASHINGTON, 1980 For sale by the Superintendent of Documents, U.S. Government Printing Office Washington, D.C. 20402 United States of America (iongr(ssional Rrcord PROCEEDINGS AND DEBATES OF THE 96th CONGRESS, SECOND SESSION SENATE-Wednesday, September 17, 1980 The ...",
9,GPO,GPO-CRECB-1980-pt19,,"Volume 126, Part 19 (September 8, 1980 to September 16, 1980)","126 Cong. Rec. (Bound) - Volume 126, Part 19 (September 8, 1980 to September 16, 1980)","Congressional Record (Bound Edition). Tuesday, September 16, 1980.",https://www.govinfo.gov/app/details/GPO-CRECB-1980-pt19,https://www.govinfo.gov/content/pkg/GPO-CRECB-1980-pt19/pdf/GPO-CRECB-1980-pt19.pdf,,,,,"SEPTEMBER 16, 1980 (PAGES 24441 TO 25698) UNITED STATES GOVERNMENT PRINTING OFFICE, WASHINGTON, 1980 For sale by the Superintendent of Documents, U.S. Government Printing Office Washington, D.C. 20402 United States of America Q:ongrrssional Rrrord PROCEEDINGS AND DEBATES OF THE 96th CONGRESS, SECOND SESSION SENATE-Monday, September 8, 1980 <...",
10,GPO,GPO-CRECB-1980-pt18,,"Volume 126, Part 18 (August 26, 1980 to September 5, 1980)","126 Cong. Rec. (Bound) - Volume 126, Part 18 (August 26, 1980 to September 5, 1980)","Congressional Record (Bound Edition). Friday, September 5, 1980.",https://www.govinfo.gov/app/details/GPO-CRECB-1980-pt18,https://www.govinfo.gov/content/pkg/GPO-CRECB-1980-pt18/pdf/GPO-CRECB-1980-pt18.pdf,,,,,"5, 1980 (PAGES 23097 TO 24440) UNITED STATES GOVERNMENT PRINTING OFFICE, WASHINGTON, 1980 For sale by the Superintendent of Documents, U.S. Government Printing Office Washington, D.C. 20402 United States of America Q:ongrrssional Record PROCEEDINGS AND DEBATES OF THE 96th CONGRESS, SECOND SESSION HOUSE OF REPRESENTATIVES-Tuesday, August 26...",
11,GPO,GPO-CRECB-1980-pt17,,"Volume 126, Part 17 (August 19, 1980 to August 25, 1980)","126 Cong. Rec. (Bound) - Volume 126, Part 17 (August 19, 1980 to August 25, 1980)","Congressional Record (Bound Edition). Monday, August 25, 1980.",https://www.govinfo.gov/app/details/GPO-CRECB-1980-pt17,https://www.govinfo.gov/content/pkg/GPO-CRECB-1980-pt17/pdf/GPO-CRECB-1980-pt17.pdf,,,,,"25, 1980 (PAGES 21871 TO 23096) UNITED STATES GOVERNMENT PRINTING OFFICE, WASHINGTON, 1980 For sale by the Superintendent of Documents, U.S. Government Printing Office Washington, D.C. 20402 United States of America <rongrrssional Rrcord PROCEEDINGS AND DEBATES OF THE 96th CONGRESS, SECOND SESSION SENATE-Tuesday, August 19, 1980 <Legislative ...",
12,GPO,GPO-CRECB-1980-pt16,,"Volume 126, Part 16 (July 30, 1980 to August 18, 1980)","126 Cong. Rec. (Bound) - Volume 126, Part 16 (July 30, 1980 to August 18, 1980)","Congressional Record (Bound Edition). Monday, August 18, 1980.",https://www.govinfo.gov/app/details/GPO-CRECB-1980-pt16,https://www.govinfo.gov/content/pkg/GPO-CRECB-1980-pt16/pdf/GPO-CRECB-1980-pt16.pdf,,,,,"18, 1980 (PAGES 20325 TO 21870) UNITED STATES GOVERNMENT PRINTING OFFICE, WASHINGTON~ 1980 For sale by the Superintende~t of Documents, U.S. Government Printing Office ·Washlni::ton, D.C. 20402 United States of America <rongrcssional llcrord PROCEEDINGS AND DEBATES OF THE 96th CONGRESS, FIRST SESSION SENATE-Wednesday, July 30, 1980 <Legislative...",
13,GPO,GPO-CRECB-1980-pt15,,"Volume 126, Part 15 (July 22, 1980 to July 29, 1980)","126 Cong. Rec. (Bound) - Volume 126, Part 15 (July 22, 1980 to July 29, 1980)","Congressional Record (Bound Edition). Tuesday, July 29, 1980.",https://www.govinfo.gov/app/details/GPO-CRECB-1980-pt15,https://www.govinfo.gov/content/pkg/GPO-CRECB-1980-pt15/pdf/GPO-CRECB-1980-pt15.pdf,,,,,"29, 1980 (PAGES 18951 TO 20324) UNITED STATES GOVERNMENT PRINTING OFFICE, WASHINGTON, 1980 For sale by the Superintendent of Documents, U.S. Government Printing Office Washington, D.C. 20402 United States of America Q:ongrrssional Rrcord PROCEEDINGS AND DEBATES OF THE 96th CONGRESS, SECOND SESSION SENATE-Tuesday, July 22, 1980 <Legislative day of ...",
14,GPO,GPO-CRECB-1980-pt14,,"Volume 126, Part 14 (June 28, 1980 to July 21, 1980)","126 Cong. Rec. (Bound) - Volume 126, Part 14 (June 28, 1980 to July 21, 1980)","Congressional Record (Bound Edition). Monday, July 21, 1980.",https://www.govinfo.gov/app/details/GPO-CRECB-1980-pt14,https://www.govinfo.gov/content/pkg/GPO-CRECB-1980-pt14/pdf/GPO-CRECB-1980-pt14.pdf,,,,,"21, 1980 (PAGES 17591 TO 18950) Ur ITED STATES GOVER ENT PRINTING OFFICE, WASHINGTON, 1980 For sale by the Superintendent of Documents, U.S. Government Printing Office Washington, D.C. 20402 United States of America <tongrrssional Record PROCEEDINGS AND DEBATES OF THE 96th CONGR_ESS, SECOND SESSION SENATE-Saturday, June 28, 1980 <Legislative day ...",
15,GPO,GPO-CRECB-1980-pt13,,"Volume 126, Part 13 (June 23, 1980 to June 27, 1980)","126 Cong. Rec. (Bound) - Volume 126, Part 13 (June 23, 1980 to June 27, 1980)","Congressional Record (Bound Edition). Friday, June 27, 1980.",https://www.govinfo.gov/app/details/GPO-CRECB-1980-pt13,https://www.govinfo.gov/content/pkg/GPO-CRECB-1980-pt13/pdf/GPO-CRECB-1980-pt13.pdf,,,,,"27, 1980 (PAGES 16155 TO 17590) UNITED STATES GOVERNMENT PRINTING OFFICE, WASHINGTON, 1980 For sale by the Superintendent of Documents, U.S. Government Printing Office Washington, D.C. 20402 United States of America (tongrrssional Rrrord PROCEEDINGS AND DEBATES OF THE 96thCONGRESS, SECOND SESSION HOUSE OF REPRESENTATIVES-Monday, June 23, 1980 The ...",
16,GPO,GPO-CRECB-1980-pt12,,"Volume 126, Part 12 (June 16, 1980 to June 21, 1980)","126 Cong. Rec. (Bound) - Volume 126, Part 12 (June 16, 1980 to June 21, 1980)","Congressional Record (Bound Edition). Saturday, June 21, 1980.",https://www.govinfo.gov/app/details/GPO-CRECB-1980-pt12,https://www.govinfo.gov/content/pkg/GPO-CRECB-1980-pt12/pdf/GPO-CRECB-1980-pt12.pdf,,,,,"21, 1980 (PAGES 14805 TO 16154) UNITED STATES GOVERNMENT PRINTING OFFICE, WASHINGTON, 1980 For sale by the Superintendent of Documents, U.S. Government Printing Offic~ Washington, D.C. 20402 United States of America Q:ongrcssional1Rcrord PROCEEDINGS AND DEBATES OF THE 96th CONGRESS, SECOND SESSION HOUSE OF REPRESENTATIVES-Monday, June 16, 1980 The...",
17,GPO,GPO-CRECB-1980-pt11,,"Volume 126, Part 11 (June 5, 1980 to June 13, 1980)","126 Cong. Rec. (Bound) - Volume 126, Part 11 (June 5, 1980 to June 13, 1980)","Congressional Record (Bound Edition). Friday, June 13, 1980.",https://www.govinfo.gov/app/details/GPO-CRECB-1980-pt11,https://www.govinfo.gov/content/pkg/GPO-CRECB-1980-pt11/pdf/GPO-CRECB-1980-pt11.pdf,,,,,"13, 1980 (PAGES 13375 TO 14804) UNITED STATES GOVERNMENT PRINTING OFFICE, WASHINGTON, 1980 For sale by the Superintendent of Documents, U.S. Government Printing Office Washina-ton, D.C. 20402 United States of America ~ongrcssional R(cord PROCEEDINGS AND DEijATES OF THE 96th CONGRESS, SECOND SESSION SENATE-Thursday, June 5, 1980 <Legislative day of ...",
18,GPO,GPO-CRECB-1980-pt10,,"Volume 126, Part 10 (May 22, 1980 to June 4, 1980)","126 Cong. Rec. (Bound) - Volume 126, Part 10 (May 22, 1980 to June 4, 1980)","Congressional Record (Bound Edition). Wednesday, June 4, 1980.",https://www.govinfo.gov/app/details/GPO-CRECB-1980-pt10,https://www.govinfo.gov/content/pkg/GPO-CRECB-1980-pt10/pdf/GPO-CRECB-1980-pt10.pdf,,,,,", 1980 (PAGES 12041 TO 13374) UNITED STATES GOVERNMENT PRINTING OFFICE, WASHINGTON, 1980 For sale by the Superintendent of Documents, U.S. Government Printing Office Washington, D.C. 20402 United States of America <rongrcssional Record PROCEEDINGS AND DEBATES OF THE 96th CONGRESS, FIRST SESSION SENATE-Thursday, May 22, 1980 <Legislative day of ...",
19,GPO,GPO-CRECB-1980-pt9,,"Volume 126, Part 9 (May 9, 1980 to May 21, 1980)","126 Cong. Rec. (Bound) - Volume 126, Part 9 (May 9, 1980 to May 21, 1980)","Congressional Record (Bound Edition). Wednesday, May 21, 1980.",https://www.govinfo.gov/app/details/GPO-CRECB-1980-pt9,https://www.govinfo.gov/content/pkg/GPO-CRECB-1980-pt9/pdf/GPO-CRECB-1980-pt9.pdf,,,,,", 1980 (PAGES 10715 TO 12040) UNITED STATES GOVERNMENT PRINTING OFFICE, WASHINGTON, 1980 For sale by the Superintendent of Documents, U.S. Government Printing Office Washington, D.C. 20402 United States of America «tongrcssional Record PROCEEDINGS AND DEnATES OF THE 96th CONGRESS, SECOND SESSION SENATE-Friday, May 9, 1980 <Legislative day of ...",
20,GPO,GPO-CRECB-1980-pt8,,"Volume 126, Part 8 (April 30, 1980 to May 8, 1980)","126 Cong. Rec. (Bound) - Volume 126, Part 8 (April 30, 1980 to May 8, 1980)","Congressional Record (Bound Edition). Thursday, May 8, 1980.",https://www.govinfo.gov/app/details/GPO-CRECB-1980-pt8,https://www.govinfo.gov/content/pkg/GPO-CRECB-1980-pt8/pdf/GPO-CRECB-1980-pt8.pdf,,,,,"8, 1980 (PAGES 9383 TO 10714) UNITED STATES GOVERNMENT PRINTING OFFICE, WASHINGTON, 1980 For sale by the Superintendent of Documents, U.S . Government Printing Office Washington, D.C. 20402 United States of America <Eongrcssional Record PROCEEDINGS AND DEBATES OF THE 96th CONGRESS, SECOND SESSION SENATE-Wednesday, April 30, 1980 <Legislative day ot...",
21,GPO,GPO-CRECB-1980-pt7,,"Volume 126, Part 7 (April 17, 1980 to April 29, 1980)","126 Cong. Rec. (Bound) - Volume 126, Part 7 (April 17, 1980 to April 29, 1980)","Congressional Record (Bound Edition). Tuesday, April 29, 1980.",https://www.govinfo.gov/app/details/GPO-CRECB-1980-pt7,https://www.govinfo.gov/content/pkg/GPO-CRECB-1980-pt7/pdf/GPO-CRECB-1980-pt7.pdf,,,,,"29, 1980 (PAGES 8139 TO 9382) UNITED STATES GOVERNMENT PRINTING OFFICE, WASHINGTON, 1980 For sale by the Superintendent of Documents, U . S. Government Printing Office Washin~ton, D.C. 20402 United States of Amer~ ca <rongrcssional Record PROCEEDINGS AND DEJ,lATES OF THE 96th CONGRESS, SECOND SESSION SENATE-Thursday, April 17, 1980 <Legislative ...",
22,GPO,GPO-CRECB-1980-pt6,,"Volume 126, Part 6 (March 27, 1980 to April 16, 1980)","126 Cong. Rec. (Bound) - Volume 126, Part 6 (March 27, 1980 to April 16, 1980)","Congressional Record (Bound Edition). Wednesday, April 16, 1980.",https://www.govinfo.gov/app/details/GPO-CRECB-1980-pt6,https://www.govinfo.gov/content/pkg/GPO-CRECB-1980-pt6/pdf/GPO-CRECB-1980-pt6.pdf,,,,,"16, 1980 (PAGES 6831 TO 8138) UNITED STATES GOVERNMENT PRINTING OFFICE, WASHINGTON, 1980 For sale by the Superintendent of Documents, U.S. Government Printing Office Washington, D.C. 20402 United States of America <iongrcssional Record PROCEEDINGS AND DEBATES OF THE 96th CONGRESS, SECOND SESSION SENATE-Thursday, .March 27, 1980 <Legislative day ...",
23,GPO,GPO-CRECB-1980-pt5,,"Volume 126, Part 5 (March 13, 1980 to March 26, 1980)","126 Cong. Rec. (Bound) - Volume 126, Part 5 (March 13, 1980 to March 26, 1980)","Congressional Record (Bound Edition). Wednesday, March 26, 1980.",https://www.govinfo.gov/app/details/GPO-CRECB-1980-pt5,https://www.govinfo.gov/content/pkg/GPO-CRECB-1980-pt5/pdf/GPO-CRECB-1980-pt5.pdf,,,,,"26, 1980 (PAGES 5455 TO 6830) UNITED STATES GOVERNMENT PRINTING OFFICE, WASHINGTON, 1980 United States of America <rongrrssional Rrrord PROCEEDINGS AND DEBATES OF THE 96th CONGRESS, SECOND SESSION HOUSE OF REPRESENTATIVES-Thursday, March 13,1980 The House met at 10 a.m. Rabbi Barton G. Lee, Hillel Founda- tion, Arizona State University, Tempe, Ariz...",
24,GPO,GPO-CRECB-1980-pt4,,"Volume 126, Part 4 (February 28, 1980 to March 12, 1980)","126 Cong. Rec. (Bound) - Volume 126, Part 4 (February 28, 1980 to March 12, 1980)","Congressional Record (Bound Edition). Wednesday, March 12, 1980.",https://www.govinfo.gov/app/details/GPO-CRECB-1980-pt4,https://www.govinfo.gov/content/pkg/GPO-CRECB-1980-pt4/pdf/GPO-CRECB-1980-pt4.pdf,,,,,"12, 1980 (PAGES 4177 TO 5454) UNITED STATES GOVERNMENT PRINTING OFFICE, WASHINGTON, 1980 United States of America <tongrcssional Record PROCEEDINGS AND DEBATES OF THE 9 6th CONGRESS, SECOND SESSION SENATE-Thursday, February 28, 1980 (Legislative day of Thursday, January 3, 1980) The Senate met at 9: 30 a.m., on the expiration of the recess, ...",
25,GPO,GPO-CRECB-1980-pt3,,"Volume 126, Part 3 (February 13, 1980 to February 27, 1980)","126 Cong. Rec. (Bound) - Volume 126, Part 3 (February 13, 1980 to February 27, 1980)","Congressional Record (Bound Edition). Wednesday, February 27, 1980.",https://www.govinfo.gov/app/details/GPO-CRECB-1980-pt3,https://www.govinfo.gov/content/pkg/GPO-CRECB-1980-pt3/pdf/GPO-CRECB-1980-pt3.pdf,,,,,"TO FEBRUARY 27, 1980 (PAGES 2733 TO 4176) UNITED STATES GOVERNMENT PRINTING OFFICE, WASHINGTON, 1980 For sale by the Superintendent of Documents, U.S. Government Printing Office Washington, D.C. 20402 United States of America Q:ongrrssional Rrcord PROCEEDINGS AND DEBATES OF THE 96th CONGRESS, SECOND SESSION HOUSE OF REPRESENTATIVES-Wednesday, ...",
26,GPO,GPO-CRECB-1980-pt2,,"Volume 126, Part 2 (January 31, 1980 to February 12, 1980)","126 Cong. Rec. (Bound) - Volume 126, Part 2 (January 31, 1980 to February 12, 1980)","Congressional Record (Bound Edition). Tuesday, February 12, 1980.",https://www.govinfo.gov/app/details/GPO-CRECB-1980-pt2,https://www.govinfo.gov/content/pkg/GPO-CRECB-1980-pt2/pdf/GPO-CRECB-1980-pt2.pdf,,,,,"12, 1980 (PAGES 1379 TO 2732) UNITED STATES GOVERNMENT PRINTING OFFICE, WASHINGTON, 1980 United States of America Q:ongrrssion~l Rrrord PROCEEDINGS AND DEBATES OF THE 96 CONGRESS, SECOND SESSION SENATE-Thursday, January 31, 1980 <Legislative day of Thursday, January 3, 1980) The Senate met at 9: 15 a.m., on the expiration of the recess, and ...",
27,GPO,GPO-CRECB-1980-pt1,,"Volume 126, Part 1 (January 3, 1980 to January 30, 1980)","126 Cong. Rec. (Bound) - Volume 126, Part 1 (January 3, 1980 to January 30, 1980)","Congressional Record (Bound Edition). Wednesday, January 30, 1980.",https://www.govinfo.gov/app/details/GPO-CRECB-1980-pt1,https://www.govinfo.gov/content/pkg/GPO-CRECB-1980-pt1/pdf/GPO-CRECB-1980-pt1.pdf,,,,,"JANUARY 30, 1980 (PAGES 3 TO 1378) UNITED STATES GOVERNMENT PRINTING OFFICE, WASHINGTON, 1980 United States of America <rongrrssional Record PROCEEDINGS AND DEBATES OF THE 96th CONGRESS, SECOND SESSION HOUSE OF REPRESENTATIVES-Thursday, January 3, 1980 The House met at 12 o'clock noon. The SPEAKER pro tempore (Mr. MOAKLEY). This being the day fixed...",
28,GPO,GPO-CRECB-1979-pt28,,"Volume 125, Part 28 (December 17, 1979 to January 3, 1980)","125 Cong. Rec. (Bound) - Volume 125, Part 28 (December 17, 1979 to January 3, 1980)","Congressional Record (Bound Edition). Thursday, January 3, 1980.",https://www.govinfo.gov/app/details/GPO-CRECB-1979-pt28,https://www.govinfo.gov/content/pkg/GPO-CRECB-1979-pt28/pdf/GPO-CRECB-1979-pt28.pdf,,,,,"1980 (PAGES 36,381 TO 37,782) UNITED STATES GOVERNMENT PRINTING OFFICE, WASHINGTON, 1979 For sale by the Superintendent of Documents, U.S. Government Printing Office WashinA""ton, D.C. 20402 United States of America <rongr(ssional R(rord PROCEEDINGS AND DEBATES OF THE 96th CONGRESS, FIRST SESSION HOUSE OF REPRESENTATIVES-Monday, December 17, 1979 ...",
29,GPO,GPO-CRECB-1979-pt30,,"Volume 125, Part 30 (January 15, 1979 to January 3, 1980)","125 Cong. Rec. (Bound) - Volume 125, Part 30 (January 15, 1979 to January 3, 1980)","Congressional Record (Bound Edition). Thursday, January 3, 1980.",https://www.govinfo.gov/app/details/GPO-CRECB-1979-pt30,https://www.govinfo.gov/content/pkg/GPO-CRECB-1979-pt30/pdf/GPO-CRECB-1979-pt30.pdf,,,,,"OFFICE, WASHINGTON, 1979 Daily Digest Monday, January 15, 1979 Senate Chamber Action Routine Proceedings, pages 134-317 Bills Introduced: 66 bills and 27 resolutions were intro- duced, as follows: S. 1-66, S. Res. 1-13, S.J. Res. 1-13, S. Con. Res. l. Pages 161-163, 315-317 Swearing in of Newly Elected Senators: The Vice President administered the...",
30,GPO,GPO-CRECB-1979-pt29,,"Volume 125, Part 29 (January 15, 1979 to January 3, 1980)","125 Cong. Rec. (Bound) - Volume 125, Part 29 (January 15, 1979 to January 3, 1980)","Congressional Record (Bound Edition). Thursday, January 3, 1980.",https://www.govinfo.gov/app/details/GPO-CRECB-1979-pt29,https://www.govinfo.gov/content/pkg/GPO-CRECB-1979-pt29/pdf/GPO-CRECB-1979-pt29.pdf,,,,,"TO JANUARY 3, 1980 (The Senate adjourned sine die Dec. 20, 1979) UNITED STATES GOVERNMENT PRINTING OFFICE, WASHINGTON, 1979 COMPILED UNDER THE DIRECTION OF THE JOINT COMMITTEE ON PRINTING FRANK THOMPSON, Jr., Representative from New Jersey, Chairman CLAIBORNE PELL, Senator from Rhode Island, Vice Chairman AUGUSTUS F. HAWKINS, Representative from ...",
31,GPO,GPO-CRECB-1979-pt27,,"Volume 125, Part 27 (December 7, 1979 to December 15, 1979)","125 Cong. Rec. (Bound) - Volume 125, Part 27 (December 7, 1979 to December 15, 1979)","Congressional Record (Bound Edition). Saturday, December 15, 1979.",https://www.govinfo.gov/app/details/GPO-CRECB-1979-pt27,https://www.govinfo.gov/content/pkg/GPO-CRECB-1979-pt27/pdf/GPO-CRECB-1979-pt27.pdf,,,,,"15, 1979 (PAGES 35,043 TO 36,380) UNITED STATES GOVERNMENT PRINTING OFFICE, WASHINGTON, 1979 For sale by the Superintendent of Documents, U.S. Government Printing Office Washington, D.C. 20402 United States of America <rongr(ssional 1lt(cord PROCEEDINGS AND DEBATES OF THE 96th CONGRESS, FIRST SESSION SENATE-Friday, December 7, 1979 <Legislative ...",
32,GPO,GPO-CRECB-1979-pt26,,"Volume 125, Part 26 (November 27, 1979 to December 6, 1979)","125 Cong. Rec. (Bound) - Volume 125, Part 26 (November 27, 1979 to December 6, 1979)","Congressional Record (Bound Edition). Thursday, December 6, 1979.",https://www.govinfo.gov/app/details/GPO-CRECB-1979-pt26,https://www.govinfo.gov/content/pkg/GPO-CRECB-1979-pt26/pdf/GPO-CRECB-1979-pt26.pdf,,,,,"DECEMBER 6, 1979 (PAGES 33,543 TO 35,042 UNITED STATES GOVERNMENT PRINTING OFFICE, WASHINGTON, 1979 For sale by the Superintendent of Documents, U.S. Government Printing Office Washington, D.C. 20402 U nitecl States of America ~ongrcssional Record PROCEEDINGS AND DEBATES OF THE 96th CONGRESS, FIRST SESSION SENATE-Tuesday, November 27, 1979 <...",
33,GPO,GPO-CRECB-1979-pt25,,"Volume 125, Part 25 (November 14, 1979 to November 26, 1979)","125 Cong. Rec. (Bound) - Volume 125, Part 25 (November 14, 1979 to November 26, 1979)","Congressional Record (Bound Edition). Monday, November 26, 1979.",https://www.govinfo.gov/app/details/GPO-CRECB-1979-pt25,https://www.govinfo.gov/content/pkg/GPO-CRECB-1979-pt25/pdf/GPO-CRECB-1979-pt25.pdf,,,,,"26, 1979 (PAGES 32,253 TO 33,542) UNITED STATES GOVERNMENT PRINTING OFFICE, WASHINGTON, 1979 For sale by the Superintendent of Documents, U.S. Government Printing Office Washin~orton, D.C. 20402 United States of America Q:ongrcssional1Rcrord PROCEEDINGS AND DEBATES • OF THE 96th CONGRESS, FIRST SESSION SENATE-Wednesday, November 14, 1979 <...",
34,GPO,GPO-CRECB-1979-pt24,,"Volume 125, Part 24 (November 5, 1979 to November 13, 1979)","125 Cong. Rec. (Bound) - Volume 125, Part 24 (November 5, 1979 to November 13, 1979)","Congressional Record (Bound Edition). Tuesday, November 13, 1979.",https://www.govinfo.gov/app/details/GPO-CRECB-1979-pt24,https://www.govinfo.gov/content/pkg/GPO-CRECB-1979-pt24/pdf/GPO-CRECB-1979-pt24.pdf,,,,,"OFFICE, WASHINGTON, 1979 For sale by the Superintendent of Documents, U.S. Government Printing Office Washin~ton, D.C. 20402 ( } ( : United States of America Q:ongrrssional Rrcord PROCEEDINGS AND DEBATES OF THE 96th CONGRESS, FIRST SESSION HOUSE OF REPRESENTATIVES-Monday, November 5, 1979 The House met at 12 o'clock noon and was called to ...",
35,GPO,GPO-CRECB-1979-pt23,,"Volume 125, Part 23 (October 25, 1979 to November 2, 1979)","125 Cong. Rec. (Bound) - Volume 125, Part 23 (October 25, 1979 to November 2, 1979)","Congressional Record (Bound Edition). Friday, November 2, 1979.",https://www.govinfo.gov/app/details/GPO-CRECB-1979-pt23,https://www.govinfo.gov/content/pkg/GPO-CRECB-1979-pt23/pdf/GPO-CRECB-1979-pt23.pdf,,,,,"2, 1979 (PAGES 29485 TO 30932) UNITED STATES GOVERNMENT PRINTING OFFICE, WASHINGTON, 1979 For sale by the Superintendent of Documents, U.S. Government Printing Office Washin~ton, D.C. 20402 United States of America Q:ongrcssional Record PROCEEDINGS AND DEBATES OF THE 96th CONGRESS, FIRST SESSION SENATE-Thursday, October 25, 1979 <Legislative ...",
36,GPO,GPO-CRECB-1979-pt22,,"Volume 125, Part 22 (October 15, 1979 to October 24, 1979)","125 Cong. Rec. (Bound) - Volume 125, Part 22 (October 15, 1979 to October 24, 1979)","Congressional Record (Bound Edition). Wednesday, October 24, 1979.",https://www.govinfo.gov/app/details/GPO-CRECB-1979-pt22,https://www.govinfo.gov/content/pkg/GPO-CRECB-1979-pt22/pdf/GPO-CRECB-1979-pt22.pdf,,,,,"1979 (PAGES 28239 TO 29484) UNITED STATES GOVERNMENT PRINTING OFFICE, WASHINGTON, 1979 For sale by the Superintendent of Documents, U.S. Government Printing Office Washington, D.C. 20402 United States of America <tongrrssional 1Rrcord PROCEEDINGS AND DEBATES OF THE 96th CONGRESS, FIRST SESSION HOUSE OF REPRESENTATIVES-Monday, October 15, 1979 The ...",
37,GPO,GPO-CRECB-1979-pt21,,"Volume 125, Part 21 (September 29, 1979 to October 12, 1979)","125 Cong. Rec. (Bound) - Volume 125, Part 21 (September 29, 1979 to October 12, 1979)","Congressional Record (Bound Edition). Friday, October 12, 1979.",https://www.govinfo.gov/app/details/GPO-CRECB-1979-pt21,https://www.govinfo.gov/content/pkg/GPO-CRECB-1979-pt21/pdf/GPO-CRECB-1979-pt21.pdf,,,,,", 1979 (PAGES 26931 TO 28238) UNITED STATES GOVERNMENT PRINTING OFFICE, WASHINGTON, 1979 For sale by the Superintendent of Documents, U.S . Government Printing Office Wasbin~rton, D.C. 20402 United St~tes oj America <!ongrrssional Rrcord PROCEEDINGS AND DEBATES OF THE 96th CONGRESS, FIRST SESSION SENATE-Saturday, September 29, 1979 The Senate met ...",
38,GPO,GPO-CRECB-1979-pt20,,"Volume 125, Part 20 (September 21, 1979 to September 28, 1979)","125 Cong. Rec. (Bound) - Volume 125, Part 20 (September 21, 1979 to September 28, 1979)","Congressional Record (Bound Edition). Friday, September 28, 1979.",https://www.govinfo.gov/app/details/GPO-CRECB-1979-pt20,https://www.govinfo.gov/content/pkg/GPO-CRECB-1979-pt20/pdf/GPO-CRECB-1979-pt20.pdf,,,,,"28, 1979 (PAGES 25609 TO 26930) UNITED STATES GOVERNMENT PRINTING OFFICE, WASHINGTON, 1979 For sale by the Superintendent of Documents, U . S. Government Printing Office Washington, D.C. 20402 United States of America Q:ongressionafttC:Cir.r·d PROCEEDINGS AND DEBATES OF THE 96th C S.E·SSION HOUSE OF REPRESENTATIVES-Friday, September 21, ...",
39,GPO,GPO-CRECB-1979-pt19,,"Volume 125, Part 19 (September 13, 1979 to September 20, 1979)","125 Cong. Rec. (Bound) - Volume 125, Part 19 (September 13, 1979 to September 20, 1979)","Congressional Record (Bound Edition). Thursday, September 20, 1979.",https://www.govinfo.gov/app/details/GPO-CRECB-1979-pt19,https://www.govinfo.gov/content/pkg/GPO-CRECB-1979-pt19/pdf/GPO-CRECB-1979-pt19.pdf,,,,,"SEPTEMBER 20, 1979 (PAGES 24335 TO 25608) UNITED STATES GOVERNMENT PRINTING OFFICE, WASHINGTON, 1979 For sale by the Superintendent of Documents, U.S. Government Printing Office Washington. D.C. 20402 United States of America <Eongressional Record PROCEEDINGS AND DEBATES OF THE 96th CONGRESS, FIRST SESSION SENATE-Thursday, September 13, 1979 The ...",
40,GPO,GPO-CRECB-1979-pt18,,"Volume 125, Part 18 (September 5, 1979 to September 12, 1979)","125 Cong. Rec. (Bound) - Volume 125, Part 18 (September 5, 1979 to September 12, 1979)","Congressional Record (Bound Edition). Wednesday, September 12, 1979.",https://www.govinfo.gov/app/details/GPO-CRECB-1979-pt18,https://www.govinfo.gov/content/pkg/GPO-CRECB-1979-pt18/pdf/GPO-CRECB-1979-pt18.pdf,,,,,"12, 1979 (PAGES 22865 TO 243'34) UNITED STATES GOVERNMENT PRINTING OFFICE, WASHINGTON, 1979 For sale by the Superintendent of Documents, TJ. S. Government Printing Office Washin~ton, D.C. 20402 I ,) United States of America Q:ongrEssional REcord PROCEEDINGS AND DEBATES OF THE 9 6th CONGRESS, FIRST SESSION SENATE-Wednesday, September 5, ...",
41,GPO,GPO-CRECB-1979-pt17,,"Volume 125, Part 17 (July 31, 1979 to August 3, 1979)","125 Cong. Rec. (Bound) - Volume 125, Part 17 (July 31, 1979 to August 3, 1979)","Congressional Record (Bound Edition). Friday, August 3, 1979.",https://www.govinfo.gov/app/details/GPO-CRECB-1979-pt17,https://www.govinfo.gov/content/pkg/GPO-CRECB-1979-pt17/pdf/GPO-CRECB-1979-pt17.pdf,,,,,"AUGUST 3, 1979 (PAGES 21395 TO 22864) UNITED STATES GOVERNMENT PRINTING OFFICE, WASHINGTON, 1979 For sale by the Superintendent of Documents, U.S. Government Printing Office Washington, D.C. 20402 <' \ ,..i United States of America <tongrcssional Record PROCEEDINGS AND DEBATES OF THE 96th CONGRESS, FIRST SESSION SENATE-Tuesday, July 31, 1979 The ...",
42,GPO,GPO-CRECB-1979-pt16,,"Volume 125, Part 16 (July 21, 1979 to July 30, 1979)","125 Cong. Rec. (Bound) - Volume 125, Part 16 (July 21, 1979 to July 30, 1979)","Congressional Record (Bound Edition). Monday, July 30, 1979.",https://www.govinfo.gov/app/details/GPO-CRECB-1979-pt16,https://www.govinfo.gov/content/pkg/GPO-CRECB-1979-pt16/pdf/GPO-CRECB-1979-pt16.pdf,,,,,"30, 1979 (PAGES 19933 TO 21394) UNITED STATES GOVERNMENT PRINTING OFFICE, WASHINGTON, 1979 For sale by the Superintendent of Documents, U.S. Government Printing Office Washington, D.C. 20402 United States of America <tongrcssionaiRcrord PROCEEDINGS AND DEBATES OF THE 96th CONGRESS, FIRST SESSION SENATE-Saturday, July 21, 1979 The Senate met at 9 ...",
43,GPO,GPO-CRECB-1979-pt15,,"Volume 125, Part 15 (July 16, 1979 to July 20, 1979)","125 Cong. Rec. (Bound) - Volume 125, Part 15 (July 16, 1979 to July 20, 1979)","Congressional Record (Bound Edition). Friday, July 20, 1979.",https://www.govinfo.gov/app/details/GPO-CRECB-1979-pt15,https://www.govinfo.gov/content/pkg/GPO-CRECB-1979-pt15/pdf/GPO-CRECB-1979-pt15.pdf,,,,,", 1979 (PAGES 18653 TO 19932) UNITED STATES GOVERNMENT PRINTING OFFICE, WASHINGTON, 1979 For sale by the Superintendent of Documents, U.S. Government Printing Office Washin~ton, D.C. 20402 ! f United States of America Q:ongrcssional Record PROCEEDINGS AND DEBATES OF THE 96th CONGRESS, FIRST SESSION SENATE-Monday, July 16, 1979 The Senate met at 10 ...",
44,GPO,GPO-CRECB-1979-pt14,,"Volume 125, Part 14 (June 29, 1979 to July 13, 1979)","125 Cong. Rec. (Bound) - Volume 125, Part 14 (June 29, 1979 to July 13, 1979)","Congressional Record (Bound Edition). Friday, July 13, 1979.",https://www.govinfo.gov/app/details/GPO-CRECB-1979-pt14,https://www.govinfo.gov/content/pkg/GPO-CRECB-1979-pt14/pdf/GPO-CRECB-1979-pt14.pdf,,,,,"13, 1979 (PAGES 17319 TO 18652) UNITED STATES GOVERNMENT PRINTING OFFICE, WASHINGTON, 1979 For sale by the Superintendent of Documents, U . S . Government Printing Office Washington, D.C. 20402 United States of America <rongr(ssional lt(cord PROCEEDINGS AND DEBATES OF THE 96th CONGRESS, FIRST SESSION HOUSE OF REPRESENTATIVES-Friday, June 29, 1979 ...",
45,GPO,GPO-CRECB-1979-pt13,,"Volume 125, Part 13 (June 21, 1979 to June 28, 1979)","125 Cong. Rec. (Bound) - Volume 125, Part 13 (June 21, 1979 to June 28, 1979)","Congressional Record (Bound Edition). Thursday, June 28, 1979.",https://www.govinfo.gov/app/details/GPO-CRECB-1979-pt13,https://www.govinfo.gov/content/pkg/GPO-CRECB-1979-pt13/pdf/GPO-CRECB-1979-pt13.pdf,,,,,"28, 1979 (PAGES 15845 TO 17318) UNITED STATES GOVERNMENT PRINTING OFFICE, WASHINGTON, 1979 For sale by the Superintendent of Documents, U.S . Government Printing Office Washington, D.C. 20402 United States of America (!ongrcssional Record PROCEEDINGS AND DEBATES OF THE 9 6th CONGRESS, FIRST SESSION SENATE-Thursday, June 21, 1979 The Senate met·...",
46,GPO,GPO-CRECB-1979-pt12,,"Volume 125, Part 12 (June 13, 1979 to June 19, 1979)","125 Cong. Rec. (Bound) - Volume 125, Part 12 (June 13, 1979 to June 19, 1979)","Congressional Record (Bound Edition). Tuesday, June 19, 1979.",https://www.govinfo.gov/app/details/GPO-CRECB-1979-pt12,https://www.govinfo.gov/content/pkg/GPO-CRECB-1979-pt12/pdf/GPO-CRECB-1979-pt12.pdf,,,,,"20, 1979 (PAGES 14533 TO 15844) UNITED STATES GOVERNMENT PRINTING OFFICE, WASHINGTON, 1979 . : _! ~ l I, ! ~ ! I United States of America <rongressional Record PROCEEDINGS AND DEBATES OF THE 96th CONGRESS, FIRST SESSION SENATE-Wednesday, June 13, 1979 The Senate met at 9:30 a.m., on the expiration of the recess, and was called to order by Hon. JOHN...",
47,GPO,GPO-CRECB-1979-pt11,,"Volume 125, Part 11 (May 21, 1979 to June 12, 1979)","125 Cong. Rec. (Bound) - Volume 125, Part 11 (May 21, 1979 to June 12, 1979)","Congressional Record (Bound Edition). Tuesday, June 12, 1979.",https://www.govinfo.gov/app/details/GPO-CRECB-1979-pt11,https://www.govinfo.gov/content/pkg/GPO-CRECB-1979-pt11/pdf/GPO-CRECB-1979-pt11.pdf,,,,,"PAGES 13149 TO 14532) UNITED STATES GOVERNMENT PRINTING OFFICE, WASHINGTON, 1979 For sale by the Superintendent of Documents, U.S. Government Printing Office Washington, D.C. 20402 United States of America <tongrcssional Record PROCEEDINGS AND DEBATES OF THE 96th CONGRESS, FIRST SESSION HOUSE OF REPRESENTATIVES-Monday, June 4, 1979 The House met at...",
48,GPO,GPO-CRECB-1979-pt10,,"Volume 125, Part 10 (May 21, 1979 to May 31, 1979)","125 Cong. Rec. (Bound) - Volume 125, Part 10 (May 21, 1979 to May 31, 1979)","Congressional Record (Bound Edition). Thursday, May 31, 1979.",https://www.govinfo.gov/app/details/GPO-CRECB-1979-pt10,https://www.govinfo.gov/content/pkg/GPO-CRECB-1979-pt10/pdf/GPO-CRECB-1979-pt10.pdf,,,,,"1979 TO MAY 31, 1979 (PAGES 11807 TO 13148) UNITED STATES GOVERNMENT PRINTING OFFICE, WASHINGTON, 1979 13/vl ~ 5' 4 c~/}!.) Id.Sers. V. !.J.5/I /tJ; /fl/a/ Z/-//1qj 3~ l<J7'j 21>ci.. f SURPLUS• 1 LIBRAAV OF CONGRES8 DUPLICATE For sale by the Superintendent of Documents, U.S. Government Printing Office Washington, D.C. 20402 United States of ...",
49,GPO,GPO-CRECB-1979-pt9,,"Volume 125, Part 9 (May 10, 1979 to May 17, 1979)","125 Cong. Rec. (Bound) - Volume 125, Part 9 (May 10, 1979 to May 17, 1979)","Congressional Record (Bound Edition). Thursday, May 17, 1979.",https://www.govinfo.gov/app/details/GPO-CRECB-1979-pt9,https://www.govinfo.gov/content/pkg/GPO-CRECB-1979-pt9/pdf/GPO-CRECB-1979-pt9.pdf,,,,,"17, 1979 (PAGES 10549 TO 11806) UNITED STATES GOVERNMENT PRINTING OFFICE, WASHINGTON, 1979 United States of America Q:ongrcssional Record PROCEEDINGS AND DEBATES OF THE 9 6th CONGRESS, FIRST SESSION SENATE-Thursday, May 10, 1979 The Senate met at 9: 30 a.m., on the expiration of the recess, and was called to order by Hon. HOWELL HEFLIN, a Sen- ator...",
50,GPO,GPO-CRECB-1979-pt8,,"Volume 125, Part 8 (May 1, 1979 to May 9, 1979)","125 Cong. Rec. (Bound) - Volume 125, Part 8 (May 1, 1979 to May 9, 1979)","Congressional Record (Bound Edition). Wednesday, May 9, 1979.",https://www.govinfo.gov/app/details/GPO-CRECB-1979-pt8,https://www.govinfo.gov/content/pkg/GPO-CRECB-1979-pt8/pdf/GPO-CRECB-1979-pt8.pdf,,,,,"1979 (PAGES 9151 TO 10548) UNITED STATES GOVERNMENT PRINTING OFFICE, WASHINGTON, 1979 United States of America Q:ongrcssional Record PROCEEDINGS AND DEBATES OF THE 96th CONGRESS, FIRST SESSION SENATE-Tuesday, May 1, 1979 The Senate met at 12 noon, on the ex- piration of the recess, and was called to order by Hon. RoBERT C. BYRD, a Senator from the...",
51,GPO,GPO-CRECB-1979-pt7,,"Volume 125, Part 7 (April 10, 1979 to April 30, 1979)","125 Cong. Rec. (Bound) - Volume 125, Part 7 (April 10, 1979 to April 30, 1979)","Congressional Record (Bound Edition). Monday, April 30, 1979.",https://www.govinfo.gov/app/details/GPO-CRECB-1979-pt7,https://www.govinfo.gov/content/pkg/GPO-CRECB-1979-pt7/pdf/GPO-CRECB-1979-pt7.pdf,,,,,"30, 1979 (PAGES 7873 TO 9150) UNITED STATES GOVERNMENT PRINTING OFFICE, WASHINGTON, 1979 United States of America <tongrcssional Record PROCEEDINGS AND DEBATES OF THE 96th CONGRESS, FIRST SESSION SENATE-Tuesday, April 10, 1979 The Senate met at 12 o'clock meridian, on the expiration of the recess, and was called to order by Hon. DANIEL PATRICK ...",
52,GPO,GPO-CRECB-1979-pt6,,"Volume 125, Part 6 (March 29, 1979 to April 9, 1979)","125 Cong. Rec. (Bound) - Volume 125, Part 6 (March 29, 1979 to April 9, 1979)","Congressional Record (Bound Edition). Monday, April 9, 1979.",https://www.govinfo.gov/app/details/GPO-CRECB-1979-pt6,https://www.govinfo.gov/content/pkg/GPO-CRECB-1979-pt6/pdf/GPO-CRECB-1979-pt6.pdf,,,,,"9, 1979 (PAGES 6703 TO 7872 ) UNITED ST A TES GOVERNMENT PRINTING OFFICE , WASHINGTON, 1979 United States oj America <iongrcssional 1Rccord PROCEEDINGS AND DEBATES OF THE 9 6th CONGRESS, FIRST SESSION SENATE-Thursday, March 29, 1979 <Legislative day of Thursday, February 22, 1979> The Senate met at 12 o'clock meridian, on the expiration of the...",
53,GPO,GPO-CRECB-1979-pt5,,"Volume 125, Part 5 (March 19, 1979 to March 28, 1979)","125 Cong. Rec. (Bound) - Volume 125, Part 5 (March 19, 1979 to March 28, 1979)","Congressional Record (Bound Edition). Wednesday, March 28, 1979.",https://www.govinfo.gov/app/details/GPO-CRECB-1979-pt5,https://www.govinfo.gov/content/pkg/GPO-CRECB-1979-pt5/pdf/GPO-CRECB-1979-pt5.pdf,,,,,"28, 1979 (PAGES 5411 TO 6702) UNITED STATES GOVERNMENT PRINTING OFFICE, WASHINGTON~ 1979 United States of America ~ongrcssional Record PROCEEDINGS ANP. DEBATES OF THE 96th CONGRESS, FIRST SESSION HOUSE OF REPRESENTATIVES-Monday, March 19, 1979 The House met at 12 o'clock noon. The Chaplain, Rev. James David Ford, B.D., offered the following ...",
54,GPO,GPO-CRECB-1979-pt4,,"Volume 125, Part 4 (March 7, 1979 to March 15, 1979)","125 Cong. Rec. (Bound) - Volume 125, Part 4 (March 7, 1979 to March 15, 1979)","Congressional Record (Bound Edition). Thursday, March 15, 1979.",https://www.govinfo.gov/app/details/GPO-CRECB-1979-pt4,https://www.govinfo.gov/content/pkg/GPO-CRECB-1979-pt4/pdf/GPO-CRECB-1979-pt4.pdf,,,,,"15, 1979 (PAGES 4035 TO 5410) UNITED STATES GOVERNMENT PRINTING OFFICE, WASHINGTON, 1979 United States of America <rongrrssional Rrcord PROCEEDINGS AND DEBATES OF THE 96th CONGRESS, FIRST SESSION HOUSE OF REPRESENTATIVES-Wednesday, March 7,1979 The House met at 3 p.m. The Chaplain, Rev. James David·Ford, B.D., offered the following prayer: ...",
55,GPO,GPO-CRECB-1979-pt3,,"Volume 125, Part 3 (February 19, 1979 to March 6, 1979)","125 Cong. Rec. (Bound) - Volume 125, Part 3 (February 19, 1979 to March 6, 1979)","Congressional Record (Bound Edition). Tuesday, March 6, 1979.",https://www.govinfo.gov/app/details/GPO-CRECB-1979-pt3,https://www.govinfo.gov/content/pkg/GPO-CRECB-1979-pt3/pdf/GPO-CRECB-1979-pt3.pdf,,,,,"MARCH 6, 1979 (PAGES 2713 TO 4034) F MaRYLANtl 1J_,NNERS\n' 0 . I'\ McKe\din Ubrary OC1 4 1990 U. S"" DOCUMENTS •r .. · •·~ . , ; ,-'· ••,. ........ .. .... UNITED STATES GOVERNMENT PRINTING OFFICE, WASHING.TON, 1979 United States of America <.tongrcss.ional Record PROCEEDINGS AND DEBATES OF THE 9 6th CONGRESS, FIRST SESSION HOUSE OF ...",
56,GPO,GPO-CRECB-1979-pt2,,"Volume 125, Part 2 (January 31, 1979 to February 15, 1979)","125 Cong. Rec. (Bound) - Volume 125, Part 2 (January 31, 1979 to February 15, 1979)","Congressional Record (Bound Edition). Thursday, February 15, 1979.",https://www.govinfo.gov/app/details/GPO-CRECB-1979-pt2,https://www.govinfo.gov/content/pkg/GPO-CRECB-1979-pt2/pdf/GPO-CRECB-1979-pt2.pdf,,,,,"15, 1979 (PAGES 1377 TO 2712 ) UNITED STATES GOVERNMENT PRINTING OFFICE, WASHINGTON, 1979 United States of America (tongrcssional Record PROCEEDINGS AND DEBATES OF THE 96th CONGRESS, FIRST SESSION SENATE-Wednesday, January 31, 1979 The Senate met at 12 o'clock meridian, on the expiration of the recess, and was called to order by Hon. WENDELL H....",
57,GPO,GPO-CRECB-1979-pt1,,"Volume 125, Part 1 (January 15, 1979 to January 29, 1979)","125 Cong. Rec. (Bound) - Volume 125, Part 1 (January 15, 1979 to January 29, 1979)","Congressional Record (Bound Edition). Monday, January 29, 1979.",https://www.govinfo.gov/app/details/GPO-CRECB-1979-pt1,https://www.govinfo.gov/content/pkg/GPO-CRECB-1979-pt1/pdf/GPO-CRECB-1979-pt1.pdf,,,,,"GOVERNMENT PRINTING OFFICE, WASHINGTON, 1979 United States of America (tongrcssional Record PROCEEDINGS AND DEBATES OF THE 96th CONGRESS, FIRST SESSION HOUSE OF REPRESENTATIVES-Monday, January 15, 1979 This being the day fixed by the 20th amendment of the Constitution and Public Law 95-594 of the 95th Congress for the annual meeting of the ...",