index,collectionCode,packageId,granuleId,title,line1,line2,detailsLink,pdfLink,htmlLink,xmlLink,otherLink1,otherLink2,teaser,historical
1,GPO,GPO-CRECB-1982-pt25A,,"Volume 128, Part 25A (January 25, 1982 to December 23, 1982)","128 Cong. Rec. (Bound) - Volume 128, Part 25A (January 25, 1982 to December 23, 1982)","Congressional Record (Bound Edition). Thursday, December 23, 1982.",https://www.govinfo.gov/app/details/GPO-CRECB-1982-pt25A,https://www.govinfo.gov/content/pkg/GPO-CRECB-1982-pt25A/pdf/GPO-CRECB-1982-pt25A.pdf,,,,,", TO DECEMBER 29, 1982 A-K . UNITED STATES GOVERNMENT PRINTING OFFICE, WASHINGTON, 1982 For sale by the Superintendent of Documents, U.S. Government Printing Office, Washington, D.C. 20402 COMPILED UNDER THE DIRECTION OF THE JOINT COMMITTEE ON PRINTING CHARLES McC. MATHIAS, JR., Senator from Maryland, Chairman AuGusros F. HAWKINS, Representative ...",
2,GPO,GPO-CRECB-1982-pt26,,"Volume 128, Part 26 (January 25, 1982 to December 23, 1982)","128 Cong. Rec. (Bound) - Volume 128, Part 26 (January 25, 1982 to December 23, 1982)","Congressional Record (Bound Edition). Thursday, December 23, 1982.",https://www.govinfo.gov/app/details/GPO-CRECB-1982-pt26,https://www.govinfo.gov/content/pkg/GPO-CRECB-1982-pt26/pdf/GPO-CRECB-1982-pt26.pdf,,,,,"OFFICE, WASHINGTON, 1982 Daily Senate Monday, january 25, 1982 Chamber Action Routine Proceedings, pages 1-58 Bills Introduced: Ten bills and five resolutions were introduced, as follows: S. 2006-2015, S.]. Res. 138, and S. Res. 280-283. Pages 22-23 Bills Reported: Reports were made as follows: Reported January 19, 1982, during adjournment: S. 234,...",
3,GPO,GPO-CRECB-1982-pt25B,,"Volume 128, Part 25B (January 25, 1982 to December 23, 1982)","128 Cong. Rec. (Bound) - Volume 128, Part 25B (January 25, 1982 to December 23, 1982)","Congressional Record (Bound Edition). Thursday, December 23, 1982.",https://www.govinfo.gov/app/details/GPO-CRECB-1982-pt25B,https://www.govinfo.gov/content/pkg/GPO-CRECB-1982-pt25B/pdf/GPO-CRECB-1982-pt25B.pdf,,,,,", TO DECEMBER 29, 1982 L-Z and History of Bills UNITED STATES GOVERNMENT PRINTING OFFICE, WASHINGTON, 1982 For sale by the Superintendent of Documents, U.S. Government Printing Office, Washington, D.C. 20402 COMPILED UNDER THE DIRECTION OF THE JOINT COMMITTEE ON PRINTING CHARLES McC. MATHIAS, JR., Senator from Maryland, Chairman AUGUSTUS F. HAWKINS...",
4,GPO,GPO-CRECB-1982-pt24,,"Volume 128, Part 24 (December 18, 1982 to December 23, 1982)","128 Cong. Rec. (Bound) - Volume 128, Part 24 (December 18, 1982 to December 23, 1982)","Congressional Record (Bound Edition). Thursday, December 23, 1982.",https://www.govinfo.gov/app/details/GPO-CRECB-1982-pt24,https://www.govinfo.gov/content/pkg/GPO-CRECB-1982-pt24/pdf/GPO-CRECB-1982-pt24.pdf,,,,,", 1982 (PAGES 32115 TO 33631) UNITED STATES GOVERNMENT PRINTING OFFICE, WASHINGTON, 1982 For sale by the Superintendent of Documents, U.S. Government Printing Office, Washington, D.C. 20402 United States of America «tongrtssional Rtcord PROCEEDINGS AND DEBATES OF THE 97th CONGRESS, FIRST SESSION PROCEEDINGS AND DEBATES OF THE CONGRESS, SECOND ...",
5,GPO,GPO-CRECB-1982-pt23,,"Volume 128, Part 23 (December 15, 1982 to December 17, 1982)","128 Cong. Rec. (Bound) - Volume 128, Part 23 (December 15, 1982 to December 17, 1982)","Congressional Record (Bound Edition). Friday, December 17, 1982.",https://www.govinfo.gov/app/details/GPO-CRECB-1982-pt23,https://www.govinfo.gov/content/pkg/GPO-CRECB-1982-pt23/pdf/GPO-CRECB-1982-pt23.pdf,,,,,", 1982 (PAGES 30907 TO 32113) UNITED STATES GOVERNMENT PRINTING OFFICE, WASHINGTON, 1982 <rongrrssional Record United States of America PROCEEDINGS AND DEBATES OF THE 97th CONGRESS, SECOND SESSION HOUSE OF REPRESENTATIVES- Wednesday, December 15, 1982 The House met at 10 a.m. The Chaplain, Rev. James David Ford, D.O., offered the following prayer:...",
6,GPO,GPO-CRECB-1982-pt22,,"Volume 128, Part 22 (December 9, 1982 to December 14, 1982)","128 Cong. Rec. (Bound) - Volume 128, Part 22 (December 9, 1982 to December 14, 1982)","Congressional Record (Bound Edition). Tuesday, December 14, 1982.",https://www.govinfo.gov/app/details/GPO-CRECB-1982-pt22,https://www.govinfo.gov/content/pkg/GPO-CRECB-1982-pt22/pdf/GPO-CRECB-1982-pt22.pdf,,,,,"14, 1982 (PAGES 29545 TO 30905) UNITED STATES GOVERNMENT PRINTING OFFICE, WASHINGTON, 1982 For sale by the Superintendent of Documents, U.S. Government Printing Office, Washington , D.C. 20402 «tongrtssional Rtcord United States of America PROCEED~NGS AND DEBATES OF THE 97th CONGRESS, SECOND SESSION SENATE-Thursday, December 9, 1982 (Legislative ...",
7,GPO,GPO-CRECB-1982-pt21,,"Volume 128, Part 21 (December 1, 1982 to December 8, 1982)","128 Cong. Rec. (Bound) - Volume 128, Part 21 (December 1, 1982 to December 8, 1982)","Congressional Record (Bound Edition). Wednesday, December 8, 1982.",https://www.govinfo.gov/app/details/GPO-CRECB-1982-pt21,https://www.govinfo.gov/content/pkg/GPO-CRECB-1982-pt21/pdf/GPO-CRECB-1982-pt21.pdf,,,,,"8, 1982 (PAGES 28157 TO 29544) UNITED STATES GOVERNMENT PRINTING OFFICE, WASHINGTON, 1982 For sale by the Superintendent of Documents, U.S. Government Printing Office, Washington , D .C. 20402 <rongrtssional Rtcord United States .of America PROCEEDINGS AND DEBATES OF THE 97th CONGRESS, SECOND SESSION HOUSE OF REPRESENTATIVES-Wednesday, December 1,...",
8,GPO,GPO-CRECB-1982-pt20,,"Volume 128, Part 20 (October 1, 1982 to November 30, 1982)","128 Cong. Rec. (Bound) - Volume 128, Part 20 (October 1, 1982 to November 30, 1982)","Congressional Record (Bound Edition). Tuesday, November 30, 1982.",https://www.govinfo.gov/app/details/GPO-CRECB-1982-pt20,https://www.govinfo.gov/content/pkg/GPO-CRECB-1982-pt20/pdf/GPO-CRECB-1982-pt20.pdf,,,,,"30, 1982 (PAGES 26725 TO 28156) UNITED STATES GOVERNMENT PRINTING OFFICE, WASHINGTON, 1982 For sale by the Superintendent of Documents, U.S. Government Printing Office, Washington, D.C. 20402 United States of America <tongrtssional Rtrord 97 th .PROCEEDINGS AND DEBATES OF THE CONGRESS, SECOND SESSION SENATE-.FRIDAY, OCTOBER 1, 1982 (Legislative day...",
9,GPO,GPO-CRECB-1982-pt19,,"Volume 128, Part 19 (September 28, 1982 to September 30, 1982)","128 Cong. Rec. (Bound) - Volume 128, Part 19 (September 28, 1982 to September 30, 1982)","Congressional Record (Bound Edition). Thursday, September 30, 1982.",https://www.govinfo.gov/app/details/GPO-CRECB-1982-pt19,https://www.govinfo.gov/content/pkg/GPO-CRECB-1982-pt19/pdf/GPO-CRECB-1982-pt19.pdf,,,,,". 30, 1982 (PAGES 25287 TO 26723) ·i.LAVV LIBRARY UNITED STATES GOVERNMENT PRINTING OFFICE, WASHINGTON, 1982 For sale by the Superintendent of Documents, U.S. Government Printing Office, Washington, D.C. 20402 Q:ongrtssional Rtcord United States of America PROCEEDINGS AND DEBATES OF THE 97th CONGRESS, SECOND SESSION SENATE-Tuesday, September 28, ...",
10,GPO,GPO-CRECB-1982-pt18,,"Volume 128, Part 18 (September 16, 1982 to September 27, 1982)","128 Cong. Rec. (Bound) - Volume 128, Part 18 (September 16, 1982 to September 27, 1982)","Congressional Record (Bound Edition). Monday, September 27, 1982.",https://www.govinfo.gov/app/details/GPO-CRECB-1982-pt18,https://www.govinfo.gov/content/pkg/GPO-CRECB-1982-pt18/pdf/GPO-CRECB-1982-pt18.pdf,,,,,"27, 1982 (PAGES 23819 TO 25286) UNITED STATES GOVERNMENT PRINTING OFFICE, WASHINGTON, 1982 For sale by the Superintendent of Documents, U.S. Government Printing Office, Washington, D .C. 20402 -· <rongrtssionat Rtrord United States of America PROCEEDINGS ANe DEBATES OF THE 97th CONGRESS, SECOND SESSION SENATE-Thursday, September 16, 1982 The ...",
11,GPO,GPO-CRECB-1982-pt17,,"Volume 128, Part 17 (August 20, 1982 to September 15, 1982)","128 Cong. Rec. (Bound) - Volume 128, Part 17 (August 20, 1982 to September 15, 1982)","Congressional Record (Bound Edition). Wednesday, September 15, 1982.",https://www.govinfo.gov/app/details/GPO-CRECB-1982-pt17,https://www.govinfo.gov/content/pkg/GPO-CRECB-1982-pt17/pdf/GPO-CRECB-1982-pt17.pdf,,,,,"15, 1982 (PAGES 22537 TO 23817) UNITED STATES GOVERNMENT PRINTING OFFICE, WASHINGTON, 1982 For sale by the Superintendent of Documents. U.S. Government Printing Office, Washington. D.C. 20402 «rongrtssional Rtcord United States of America PROCEEDINGS AND DEBATES OF THE 97th CONGRESS, SECOND SESSION SENATE-Friday, August 20, 1982 The Senate met at 9...",
12,GPO,GPO-CRECB-1982-pt16,,"Volume 128, Part 16 (August 16, 1982 to August 19, 1982)","128 Cong. Rec. (Bound) - Volume 128, Part 16 (August 16, 1982 to August 19, 1982)","Congressional Record (Bound Edition). Thursday, August 19, 1982.",https://www.govinfo.gov/app/details/GPO-CRECB-1982-pt16,https://www.govinfo.gov/content/pkg/GPO-CRECB-1982-pt16/pdf/GPO-CRECB-1982-pt16.pdf,,,,,"19, 1982 (PAGES 21159 TO 22535) UNITED STATES GOVERNMENT PRINTING OFFICE, WASHINGTON, 1982 For sale by the Superintendent of Documents, U.S. Government Printing Office, Washington, D .C. 20402 <iongrtssional Rtcord United States of America PROCEEDINGS AND DEBATES OF THE 97th CONGRESS, SECOND SESSION SENATE-Monday, August 16, 1982 The Senate met at...",
13,GPO,GPO-CRECB-1982-pt15,,"Volume 128, Part 15 (August 9, 1982 to August 13, 1982)","128 Cong. Rec. (Bound) - Volume 128, Part 15 (August 9, 1982 to August 13, 1982)","Congressional Record (Bound Edition). Friday, August 13, 1982.",https://www.govinfo.gov/app/details/GPO-CRECB-1982-pt15,https://www.govinfo.gov/content/pkg/GPO-CRECB-1982-pt15/pdf/GPO-CRECB-1982-pt15.pdf,,,,,", 1982 (PAGES 19897 TO 21157) UNITED STATES GOVERNMENT PRINTING OFFICE, WASHINGTON, 1985 89--059 0-86-1 (pt. 15) For sale by the Supertntendent of Document.a. U.S. Government Prtntinc Office, Washincton. D.C. 20402 Q:ongrtssional Rtcord United States of America PROCEEDINGS AND DEBATES OF THE 97th CONGRESS, SECOND SESSION SENATE-Monday, August 9, ...",
14,GPO,GPO-CRECB-1982-pt14,,"Volume 128, Part 14 (July 29, 1982 to August 5, 1982)","128 Cong. Rec. (Bound) - Volume 128, Part 14 (July 29, 1982 to August 5, 1982)","Congressional Record (Bound Edition). Thursday, August 5, 1982.",https://www.govinfo.gov/app/details/GPO-CRECB-1982-pt14,https://www.govinfo.gov/content/pkg/GPO-CRECB-1982-pt14/pdf/GPO-CRECB-1982-pt14.pdf,,,,,", 1982 (PAGES 18453 TO 19895) UNITED STATES GOVERNMENT PRINTING OFFICE, WASHINGTON, 1982 For sale by the Superintendent of Documents, U.S. Government Printing Office, Washington, D.C. 20402 <tongrtssional Rtrord United States of America PROCEEDINGS AND DEBATES OF THE 97th CONGRESS, SECOND SESSION SENATE-Thursday, July 29, 1982 The Senate met at 9:...",
15,GPO,GPO-CRECB-1982-pt13,,"Volume 128, Part 13 (July 20, 1982 to July 28, 1982)","128 Cong. Rec. (Bound) - Volume 128, Part 13 (July 20, 1982 to July 28, 1982)","Congressional Record (Bound Edition). Wednesday, July 28, 1982.",https://www.govinfo.gov/app/details/GPO-CRECB-1982-pt13,https://www.govinfo.gov/content/pkg/GPO-CRECB-1982-pt13/pdf/GPO-CRECB-1982-pt13.pdf,,,,,", 1982 (PAGES 16975 TO 18452) UNITED STATES GOVERNMENT PRINTING OFFICE, WASHINGTON, 1982 89- 059 0 - 86-1 <Pt.l3) f. · . For sale by the Superintendent of Documents, U.S. Government Printing Office, Washington, D.C. 20402 «tongrrssional Rtcord United States of America PROCEEDINGS AND DEBATES OF THE 97th CONGRESS, SECOND SESSION SENATE-Tuesday, ...",
16,GPO,GPO-CRECB-1982-pt12,,"Volume 128, Part 12 (July 1, 1982 to July 19, 1982)","128 Cong. Rec. (Bound) - Volume 128, Part 12 (July 1, 1982 to July 19, 1982)","Congressional Record (Bound Edition). Monday, July 19, 1982.",https://www.govinfo.gov/app/details/GPO-CRECB-1982-pt12,https://www.govinfo.gov/content/pkg/GPO-CRECB-1982-pt12/pdf/GPO-CRECB-1982-pt12.pdf,,,,,"16973) UNITED STATES GOVERNMENT PRINTING OFFICE, WASHINGTON, 1982 89-059 0-86-1 (Pt. 12) For sale by the Superintendent of Documents, U.S. Government Printing Office, Washington, D.C. 20402 «rongrrssional Record United States of America PROCEEDINGS AND DEBATES OF THE 97th CONGRESS, SECOND SESSION HOUSE OF REPRESENTATIVES-Thursday, July 1, 1982 The...",
17,GPO,GPO-CRECB-1982-pt11,,"Volume 128, Part 11 (June 17, 1982 to June 30, 1982)","128 Cong. Rec. (Bound) - Volume 128, Part 11 (June 17, 1982 to June 30, 1982)","Congressional Record (Bound Edition). Wednesday, June 30, 1982.",https://www.govinfo.gov/app/details/GPO-CRECB-1982-pt11,https://www.govinfo.gov/content/pkg/GPO-CRECB-1982-pt11/pdf/GPO-CRECB-1982-pt11.pdf,,,,,"30, 1982 (PAGES 13981 TO 15547) UNITED STATES GOVERNMENT PRINTING OFFICE, WASHINGTON, 1982 89-059 0-86-1 (Pt. 11) For sale by the Superintendent of Documents. U.S. Go\·ernment Printing Office. Washington. D.C. 20402 Q:ongrrssional Record United States of America PROCEEDINGS AND DEBATES OF THE 97 th CONGRESS, SECOND SESSION HOUSE OF ...",
18,GPO,GPO-CRECB-1982-pt10,,"Volume 128, Part 10 (June 2, 1982 to June 16, 1982)","128 Cong. Rec. (Bound) - Volume 128, Part 10 (June 2, 1982 to June 16, 1982)","Congressional Record (Bound Edition). Wednesday, June 16, 1982.",https://www.govinfo.gov/app/details/GPO-CRECB-1982-pt10,https://www.govinfo.gov/content/pkg/GPO-CRECB-1982-pt10/pdf/GPO-CRECB-1982-pt10.pdf,,,,,"16, 1982 (PAGES 12735 TO 13980) UNITED STATES GOVERNMENT PRINTING OFFICE, WASHINGTON, 1982 89-059 0 -86-1 (Pt. 10) For sale by the Superintendent of Documents; U.S. Government Printing Office, Washington, D.C. 20402 Q:ongrrssional Record United States of America PROCEEDINGS AND DEBATES OF THE 97th CONGRESS, SECOND SESSION HOUSE OF ...",
19,GPO,GPO-CRECB-1982-pt9,,"Volume 128, Part 9 (May 24, 1982 to May 27, 1982)","128 Cong. Rec. (Bound) - Volume 128, Part 9 (May 24, 1982 to May 27, 1982)","Congressional Record (Bound Edition). Thursday, May 27, 1982.",https://www.govinfo.gov/app/details/GPO-CRECB-1982-pt9,https://www.govinfo.gov/content/pkg/GPO-CRECB-1982-pt9/pdf/GPO-CRECB-1982-pt9.pdf,,,,,"1982 (PAGES 11409 TO 12733) ' ' UNITED STATES GOVERNMENT PRINTING OFFICE, WASHINGTON, 1982 For sale by the Superintendent of Documents, U.S. Government Printing Office, Washington, D.C. 20402 «rongrtssional Rtcord United States of America 97 th PROCEEDINGS AND DEBATES OF THE CONGRESS, SECOND SESSION SENATE-Monday, Mag 24, 1982 (Legislative day of ...",
20,GPO,GPO-CRECB-1982-pt8,,"Volume 128, Part 8 (May 13, 1982 to May 21, 1982)","128 Cong. Rec. (Bound) - Volume 128, Part 8 (May 13, 1982 to May 21, 1982)","Congressional Record (Bound Edition). Friday, May 21, 1982.",https://www.govinfo.gov/app/details/GPO-CRECB-1982-pt8,https://www.govinfo.gov/content/pkg/GPO-CRECB-1982-pt8/pdf/GPO-CRECB-1982-pt8.pdf,,,,,"1982 (PAGES 9799 TO 11407) UNITED STATES GOVERNMENT PRINTING OFFICE, WASHINGTON, 1982 For sale by the Superint endent of Documents, U.S. Government Printing Office, Washington, D .C . 20402 «rongrrssional Rrcord United States of America PROCEEDINGS AND DEBATES OF THE 97th CONGRESS, SECOND SESSION HOUSE OF REPRESENTATIVES-Thursday, May 13, 1982 The...",
21,GPO,GPO-CRECB-1982-pt7,,"Volume 128, Part 7 (May 3, 1982 to May 12, 1982)","128 Cong. Rec. (Bound) - Volume 128, Part 7 (May 3, 1982 to May 12, 1982)","Congressional Record (Bound Edition). Wednesday, May 12, 1982.",https://www.govinfo.gov/app/details/GPO-CRECB-1982-pt7,https://www.govinfo.gov/content/pkg/GPO-CRECB-1982-pt7/pdf/GPO-CRECB-1982-pt7.pdf,,,,,"1982 (PAGES 8401 TO 9797) UNITED STATES GOVERNMENT PRINTING OFFICE, WASHINGTON, 1982 89-059 0 -85-1 <Pt. 7) For sale by the Superintendent of Documents, U.S. Government Printing Office, Washington, D.C. 20402 <tongrtssional Rtcord United States of America PROCEEDINGS AND DEBATES OF THE 97th CONGRESS, SECOND SESSION SENATE-Monday, Mag 3, 1982 The ...",
22,GPO,GPO-CRECB-1982-pt6,,"Volume 128, Part 6 (April 15, 1982 to April 29, 1982)","128 Cong. Rec. (Bound) - Volume 128, Part 6 (April 15, 1982 to April 29, 1982)","Congressional Record (Bound Edition). Thursday, April 29, 1982.",https://www.govinfo.gov/app/details/GPO-CRECB-1982-pt6,https://www.govinfo.gov/content/pkg/GPO-CRECB-1982-pt6/pdf/GPO-CRECB-1982-pt6.pdf,,,,,"29, 1982 (PAGES 6901 TO 8399) UNITED STATES GOVERNl\IENT PRINTING OFFICE, WASHINGTON, 1982 For sale b y the Superintendent of Documents, U.S. Government Printing Office, Washington, D .C. 20402 -·· ~ <rongrtssional Rtrord United States of America PROCEEDINGS AND DEBATES OF THE 97th CONGRESS, SECOND SESSION SENATE-Thursday, Apri/15, 1982 The Senate ...",
23,GPO,GPO-CRECB-1982-pt5,,"Volume 128, Part 5 (March 25, 1982 to April 14, 1982)","128 Cong. Rec. (Bound) - Volume 128, Part 5 (March 25, 1982 to April 14, 1982)","Congressional Record (Bound Edition). Wednesday, April 14, 1982.",https://www.govinfo.gov/app/details/GPO-CRECB-1982-pt5,https://www.govinfo.gov/content/pkg/GPO-CRECB-1982-pt5/pdf/GPO-CRECB-1982-pt5.pdf,,,,,"14, 1982 (PAGES 5467 TO 6899) UNITED STATES GOVERNMENT PRINTING OFFICE, WASHINGTON, 1982 89--0s!i 0-85--1 <Pt. s) For sale by the Superintendent of Documents, U.S. Government Printing Office, Washington, D.C. 20402 <rongrtssional Rtcord United States of America PROCEEDINGS AND DEBATES OF THE 97th CONGRESS, SECOND SESSION HOUSE OF ...",
24,GPO,GPO-CRECB-1982-pt4,,"Volume 128, Part 4 (March 15, 1982 to March 24, 1982)","128 Cong. Rec. (Bound) - Volume 128, Part 4 (March 15, 1982 to March 24, 1982)","Congressional Record (Bound Edition). Wednesday, March 24, 1982.",https://www.govinfo.gov/app/details/GPO-CRECB-1982-pt4,https://www.govinfo.gov/content/pkg/GPO-CRECB-1982-pt4/pdf/GPO-CRECB-1982-pt4.pdf,,,,,"24, 1982 (PAGES 4101 TO 5466) UNITED STATES GOVERNMENT PRINTING OFFICE, WASHINGTON, 1982 For sale by the Superlntendent of Documents, U.S. Government Printing Office, Washington, D.C. 20402 «rongrtssional Rtcord United States of America PROCEEDINGS AND DEBATES OF THE 97th CONGRESS, SECOND SESSION SENATE-Monday, March 15, 1982 (Legislative day of ...",
25,GPO,GPO-CRECB-1982-pt3,,"Volume 128, Part 3 (March 2, 1982 to March 11, 1982)","128 Cong. Rec. (Bound) - Volume 128, Part 3 (March 2, 1982 to March 11, 1982)","Congressional Record (Bound Edition). Thursday, March 11, 1982.",https://www.govinfo.gov/app/details/GPO-CRECB-1982-pt3,https://www.govinfo.gov/content/pkg/GPO-CRECB-1982-pt3/pdf/GPO-CRECB-1982-pt3.pdf,,,,,"11, 1982 (PAGES 2697 TO 4099) UNITED STATES GOVERNMENT PRINTING OFFICE, WASHINGTON, 1982 For sale by the Superintendent of Documents, U.S. Government Printing Office, Washington, D .C. 20402 <rongrtssional Rtcord United States of America 97 th PROCEEDINGS AND DEBATES OF THE CONGRESS, SECOND SESSION HOUSE OF REPRESENTATIVES-Tuesday, March 2, 1982 ...",
26,GPO,GPO-CRECB-1982-pt2,,"Volume 128, Part 2 (February 10, 1982 to March 1, 1982)","128 Cong. Rec. (Bound) - Volume 128, Part 2 (February 10, 1982 to March 1, 1982)","Congressional Record (Bound Edition). Monday, March 1, 1982.",https://www.govinfo.gov/app/details/GPO-CRECB-1982-pt2,https://www.govinfo.gov/content/pkg/GPO-CRECB-1982-pt2/pdf/GPO-CRECB-1982-pt2.pdf,,,,,"MARCH 1, 1982 (PAGES 1401 TO 2695) UNITED STATES GOVERNMENT PRINTING OFFICE, WASHINGTON, 1982 89--059 0-85-1 (Pt. 2) For sale by the Superintendent of Documents, U.S. Government Printing Office, Washington, D.C. 20402 A)""~ United States of America <rongrcssional Record PROCEEDINGS AND DEBATES OF THE 97th CONGRESS, SECOND SESSION HOUSE OF ...",
27,GPO,GPO-CRECB-1982-pt1,,"Volume 128, Part 1 (January 25, 1982 to February 9, 1982)","128 Cong. Rec. (Bound) - Volume 128, Part 1 (January 25, 1982 to February 9, 1982)","Congressional Record (Bound Edition). Tuesday, February 9, 1982.",https://www.govinfo.gov/app/details/GPO-CRECB-1982-pt1,https://www.govinfo.gov/content/pkg/GPO-CRECB-1982-pt1/pdf/GPO-CRECB-1982-pt1.pdf,,,,,"9, 1982 (PAGES 1 TO 1400) UNITED STATES GOVERNMENT PRINTING OFFICE, WASHINGTON, 1982 For sale by the Superintendent of Documents, U.S . Government Printing Office, Washington, D .C. 20402 <tongrrssional Record United States of America PROCEEDINGS AND DEBATES OF THE 97th CONGRESS, SECOND SESSION SENATE-Monday, January 25, 1982 The 25th day of ...",
28,GPO,GPO-CRECB-1981-pt25A,,"Volume 127, Part 25A (January 5, 1981 to December 16, 1981)","127 Cong. Rec. (Bound) - Volume 127, Part 25A (January 5, 1981 to December 16, 1981)","Congressional Record (Bound Edition). Wednesday, December 16, 1981.",https://www.govinfo.gov/app/details/GPO-CRECB-1981-pt25A,https://www.govinfo.gov/content/pkg/GPO-CRECB-1981-pt25A/pdf/GPO-CRECB-1981-pt25A.pdf,,,,,"TO DECEMBER 16, 1981 A-K UNITED STATES GOVERNMENT PRINTING OFFICE, WASHINGTON, 1981 COMPILED UNDER THE DIRECTION OF THE JOINT COMMITTEE ON PRINTING CHARLES McC. MATHIAS, JR., Senator from Maryland, Chairman AuGusTus F. HAWKINS, Representative from California, Vice Chairman JoHN W. WARNER, Senator from Virginia MARK 0. HATFIELD, Senator from Oregon ...",
29,GPO,GPO-CRECB-1981-pt24,,"Volume 127, Part 24 (December 14, 1981 to December 16, 1981)","127 Cong. Rec. (Bound) - Volume 127, Part 24 (December 14, 1981 to December 16, 1981)","Congressional Record (Bound Edition). Wednesday, December 16, 1981.",https://www.govinfo.gov/app/details/GPO-CRECB-1981-pt24,https://www.govinfo.gov/content/pkg/GPO-CRECB-1981-pt24/pdf/GPO-CRECB-1981-pt24.pdf,,,,,"16, 1981 (PAGES 31057 TO 32434) UNITED STATES GOVERNMENT PRINTING OFFICE, WASHINGTON, 1981 \ For sale by the Superintendent of Documents, U.S. Government Printing Office, Washington, D.C. 20402 <rongrtssional1Rtcord United States of America PROCEEDINGS AND DEBATES OF THE 97th CONGRESS, FIRST SESSION SENATE-Monday, December 14, 1981 <...",
30,GPO,GPO-CRECB-1981-pt26,,"Volume 127, Part 26 (January 5, 1981 to December 16, 1981)","127 Cong. Rec. (Bound) - Volume 127, Part 26 (January 5, 1981 to December 16, 1981)","Congressional Record (Bound Edition). Wednesday, December 16, 1981.",https://www.govinfo.gov/app/details/GPO-CRECB-1981-pt26,https://www.govinfo.gov/content/pkg/GPO-CRECB-1981-pt26/pdf/GPO-CRECB-1981-pt26.pdf,,,,,"OFFICE, WASHINGTON, 1981 For sale by the Superintendent of Documents, U.S. Government Printing Office, Washington, D .C. 20402 . IJ Daily Digest Monday, January 5, 1981 Senate Chamber Action Routine Proceedings, pages 1-80 Bills Introduced: Forty-seven bills and 28 resolutions were introduced, as follows: S. l-47, S.J. Res. l-9, S. Con. Res. 1-2, ...",
31,GPO,GPO-CRECB-1981-pt25B,,"Volume 127, Part 25B (January 5, 1981 to December 16, 1981)","127 Cong. Rec. (Bound) - Volume 127, Part 25B (January 5, 1981 to December 16, 1981)","Congressional Record (Bound Edition). Wednesday, December 16, 1981.",https://www.govinfo.gov/app/details/GPO-CRECB-1981-pt25B,https://www.govinfo.gov/content/pkg/GPO-CRECB-1981-pt25B/pdf/GPO-CRECB-1981-pt25B.pdf,,,,,"TO DECEMBER 16, 1981 • L-Z and History of Bills UNITED STATES GOVERNMENT PRINTING OFFICE, WASHINGTON, 1981 COMPILED UNDER THE DIRECTION OF THE JOINT COMMITTEE ON PRINTING CHARLES Mee. MATHIAS, JR .• Senator from Maryland, Chairman AUGUSTUS F. HAWKINS, Representative from California. Vice Chairman JOHN W. WARNER, Senator from Virginia MARK 0. ...",
32,GPO,GPO-CRECB-1981-pt23,,"Volume 127, Part 23 (December 8, 1981 to December 11, 1981)","127 Cong. Rec. (Bound) - Volume 127, Part 23 (December 8, 1981 to December 11, 1981)","Congressional Record (Bound Edition). Friday, December 11, 1981.",https://www.govinfo.gov/app/details/GPO-CRECB-1981-pt23,https://www.govinfo.gov/content/pkg/GPO-CRECB-1981-pt23/pdf/GPO-CRECB-1981-pt23.pdf,,,,,"11, 1981 (PAGES 29817 TO 31056) UNITED STATES GOVERNMENT PRINTING OFFICE, WASHINGTON, 1981 For sale by the Superintendent of Documents, U .S. Government Printing Office, Washington, D .C. 20402 O:ongrrssional Record United States of America PROCEEDINGS AND DEBATES OF THE 97th CONGRESS, FIRST SESSION SENATE-Tuesday, December 8, 1981 <...",
33,GPO,GPO-CRECB-1981-pt22,,"Volume 127, Part 22 (November 20, 1981 to December 7, 1981)","127 Cong. Rec. (Bound) - Volume 127, Part 22 (November 20, 1981 to December 7, 1981)","Congressional Record (Bound Edition). Monday, December 7, 1981.",https://www.govinfo.gov/app/details/GPO-CRECB-1981-pt22,https://www.govinfo.gov/content/pkg/GPO-CRECB-1981-pt22/pdf/GPO-CRECB-1981-pt22.pdf,,,,,"DECEMBER 7, 1981 (PAGES 28505 TO 29815) UNITED STATES GOVERNMENT PRINTING OFFICE, WASHINGTON, 1981 For sale by the Superintendent of Documents, U.S. Government Printing Office, Washington, D.C. 20402 <rongrrssional Record United States of America PROCEEDINGS AND DEBATES OF THE 97th CONGRESS, FIRST SESSION SENATE-Friday, November 20, 1981 <...",
34,GPO,GPO-CRECB-1981-pt21,,"Volume 127, Part 21 (November 12, 1981 to November 19, 1981)","127 Cong. Rec. (Bound) - Volume 127, Part 21 (November 12, 1981 to November 19, 1981)","Congressional Record (Bound Edition). Thursday, November 19, 1981.",https://www.govinfo.gov/app/details/GPO-CRECB-1981-pt21,https://www.govinfo.gov/content/pkg/GPO-CRECB-1981-pt21/pdf/GPO-CRECB-1981-pt21.pdf,,,,,"NOVEMBER 19, 1981 (PAGES 27191 TO 28504) UNITED STATES GOVERNMENT PRINTING OFFICE, WASHINGTON, 1981 For sale by the Superintendent of Documents, U.S. Government Printing Office, Washington, D.C. 20402 <rongrtssional Rtcord United States of America PROCEEDINGS AND DEBATES OF THE 97th CONGRESS, FIRST SESSION HOUSE OF REPRESENTATIVES-Thursday, ...",
35,GPO,GPO-CRECB-1981-pt20,,"Volume 127, Part 20 (October 29, 1981 to November 10, 1981)","127 Cong. Rec. (Bound) - Volume 127, Part 20 (October 29, 1981 to November 10, 1981)","Congressional Record (Bound Edition). Tuesday, November 10, 1981.",https://www.govinfo.gov/app/details/GPO-CRECB-1981-pt20,https://www.govinfo.gov/content/pkg/GPO-CRECB-1981-pt20/pdf/GPO-CRECB-1981-pt20.pdf,,,,,"10, 1981 (PAGES 25927 TO 27189) UNITED STATES GOVERNMENT PRINTING OFFICE, WASHINGTON, 1981 ·. For sale by the Superintendent of Documents, U.S. Government Printing Office, Washington, D.C. 20402 <tongrtssional Rtcord United States of America PROCEEDINGS AND DEBATES OF THE -97th CONGRESS, FIRST SESSION SENATE-Thursday, October 29, 1981 <...",
36,GPO,GPO-CRECB-1981-pt19,,"Volume 127, Part 19 (October 21, 1981 to October 28, 1981)","127 Cong. Rec. (Bound) - Volume 127, Part 19 (October 21, 1981 to October 28, 1981)","Congressional Record (Bound Edition). Wednesday, October 28, 1981.",https://www.govinfo.gov/app/details/GPO-CRECB-1981-pt19,https://www.govinfo.gov/content/pkg/GPO-CRECB-1981-pt19/pdf/GPO-CRECB-1981-pt19.pdf,,,,,"28, 1981 (PAGES 24617 TO 25926) UNITED STATES GOVERNMENT PRINTING OFFICE, WASHINGTON, 1981 For sale by the Superintendent of Documents, U.S. Government Printing Office, Washington, D.C. 20402 -~ ~~ Q:ongressional Rtcord 9 7th CONGRESS, FIRST SESSION United States of America PROCEEDINGS AND DEBATES OF THE SENATE-Wednesday, October 21, 1981 <...",
37,GPO,GPO-CRECB-1981-pt18,,"Volume 127, Part 18 (October 6, 1981 to October 20, 1981)","127 Cong. Rec. (Bound) - Volume 127, Part 18 (October 6, 1981 to October 20, 1981)","Congressional Record (Bound Edition). Tuesday, October 20, 1981.",https://www.govinfo.gov/app/details/GPO-CRECB-1981-pt18,https://www.govinfo.gov/content/pkg/GPO-CRECB-1981-pt18/pdf/GPO-CRECB-1981-pt18.pdf,,,,,"20, 1981 (PAGES 23251 TO 24615) UNITED STATES GOVERNMENT PRINTING OFFICE, WASHINGTON, 1981 For sale by the Superintendent of Documents, U.S. Government Printing Office, Washington, D.C. 20402 <tongrtssional Rtcord United States of America PROCEEDINGS AND DEBATES OF THE 97th CONGRESS, FIRST SESSION SENATE-Tuesda·y, OctQber 6,1981 <Legis~ative ...",
38,GPO,GPO-CRECB-1981-pt17,,"Volume 127, Part 17 (September 24, 1981 to October 5, 1981)","127 Cong. Rec. (Bound) - Volume 127, Part 17 (September 24, 1981 to October 5, 1981)","Congressional Record (Bound Edition). Monday, October 5, 1981.",https://www.govinfo.gov/app/details/GPO-CRECB-1981-pt17,https://www.govinfo.gov/content/pkg/GPO-CRECB-1981-pt17/pdf/GPO-CRECB-1981-pt17.pdf,,,,,"5, 1981 (PAGES 21845 TO 23249) UNITED STATES GOVERNMENT PRINTING OFFICE, WASHINGTON, 1981 ' · For sale by the Superintendent of Documents, U.S. Government Printing Office, Washington, D.C. 20402 «rongrtssional Rtcord United States of America PROCEEDINGS AND DEBATES OF THE 97th CONGRESS, FIRST SESSION HOUSE OF REPRESENTATIVES-Thursday, ...",
39,GPO,GPO-CRECB-1981-pt16,,"Volume 127, Part 16 (September 15, 1981 to September 23, 1981)","127 Cong. Rec. (Bound) - Volume 127, Part 16 (September 15, 1981 to September 23, 1981)","Congressional Record (Bound Edition). Wednesday, September 23, 1981.",https://www.govinfo.gov/app/details/GPO-CRECB-1981-pt16,https://www.govinfo.gov/content/pkg/GPO-CRECB-1981-pt16/pdf/GPO-CRECB-1981-pt16.pdf,,,,,"23, 1981 (PAGES 20533 TO 21843) UNITED STATES GOVERNMENT PRINTING OFFICE, WASHINGTON, 1981 For sale by the Superintendent of Documents, U.S. Government Printing Office, Washington, D.C. 20402 <tongrtssional Record United States of America PROCEEDINGS AND DEBATES OP THE 97th CONGRESS, FIRST SESSION SENATE-Tuesday, September 15, 1981 (...",
40,GPO,GPO-CRECB-1981-pt15,,"Volume 127, Part 15 (August 1, 1981 to September 14, 1981)","127 Cong. Rec. (Bound) - Volume 127, Part 15 (August 1, 1981 to September 14, 1981)","Congressional Record (Bound Edition). Monday, September 14, 1981.",https://www.govinfo.gov/app/details/GPO-CRECB-1981-pt15,https://www.govinfo.gov/content/pkg/GPO-CRECB-1981-pt15/pdf/GPO-CRECB-1981-pt15.pdf,,,,,"14, 1981 (PAGES 19283 TO 20531) UNITED STATES GOVERNMENT PRINTING OFFICE, WASHINGTON, 1981 For sale by the Superintendent of Documents, U.S. Government Printing Office, Washington, D.C. 20402 Q:ongrtssional Rtcord United States of America PROCEEDINGS AND DEBATES OF THE 97th CONGRESS, FIRST SESSION SENATE-Saturday, August 1, 1981 The Senate met ...",
41,GPO,GPO-CRECB-1981-pt14,,"Volume 127, Part 14 (July 29, 1981 to July 31, 1981)","127 Cong. Rec. (Bound) - Volume 127, Part 14 (July 29, 1981 to July 31, 1981)","Congressional Record (Bound Edition). Friday, July 31, 1981.",https://www.govinfo.gov/app/details/GPO-CRECB-1981-pt14,https://www.govinfo.gov/content/pkg/GPO-CRECB-1981-pt14/pdf/GPO-CRECB-1981-pt14.pdf,,,,,"31, 1981 (PAGES 17921 TO 19281) UNITED STATES GOVERNMENT PRINTING OFFICE, WASHINGTON, 1981 For sale by the Superintendent of Documents, U.S. Government Printing Office, Washington, D.C. 20402 <tongrtssional Rtcord United States of America PROCEEDINGS AND DEBATES OF THE 97th CONGRESS, FIRST SESSION SENATE-Wednesday, July 29, 1981 The Senate met at ...",
42,GPO,GPO-CRECB-1981-pt13,,"Volume 127, Part 13 (July 20, 1981 to July 28, 1981)","127 Cong. Rec. (Bound) - Volume 127, Part 13 (July 20, 1981 to July 28, 1981)","Congressional Record (Bound Edition). Tuesday, July 28, 1981.",https://www.govinfo.gov/app/details/GPO-CRECB-1981-pt13,https://www.govinfo.gov/content/pkg/GPO-CRECB-1981-pt13/pdf/GPO-CRECB-1981-pt13.pdf,,,,,"28, 1981 (PAGES 16439 TO 17919) For sale by the Superintendent of Documents, U.S. Government Printing Office, Washington, D.C. 20402 <tongrrssional Record United States of America PROCEEDINGS AND DEBATES OF THE 97th CONGRESS, FIRST SESSION HOUSE OF REPRESENTATIVES-Monday, July 20, 1981 The House met at 12 o'clock noon. tember 12, 1981, as ""Older ...",
43,GPO,GPO-CRECB-1981-pt12,,"Volume 127, Part 12 (July 9, 1981 to July 18, 1981)","127 Cong. Rec. (Bound) - Volume 127, Part 12 (July 9, 1981 to July 18, 1981)","Congressional Record (Bound Edition). Saturday, July 18, 1981.",https://www.govinfo.gov/app/details/GPO-CRECB-1981-pt12,https://www.govinfo.gov/content/pkg/GPO-CRECB-1981-pt12/pdf/GPO-CRECB-1981-pt12.pdf,,,,,", 1981 (PAGES 15079 TO 16437) For sale by the Superintendent of Documents, U .S. Government Printing Office, Washington, D.C. 20402 «tongrtssional Rtcord United States of America PROCEEDINGS AND DEBATES OF THE 97th CONGRESS, FIRST SESSION SENATE-Thursday, July 9, 1981 The Senate met at 11: 30 a.m., on the expiration of the recess, and was called ...",
44,GPO,GPO-CRECB-1981-pt11,,"Volume 127, Part 11 (June 25, 1981 to July 8, 1981)","127 Cong. Rec. (Bound) - Volume 127, Part 11 (June 25, 1981 to July 8, 1981)","Congressional Record (Bound Edition). Wednesday, July 8, 1981.",https://www.govinfo.gov/app/details/GPO-CRECB-1981-pt11,https://www.govinfo.gov/content/pkg/GPO-CRECB-1981-pt11/pdf/GPO-CRECB-1981-pt11.pdf,,,,,"8, 1981 (PAGES 13793 TO 15078) UNITED STATES GOVERNMENT PRINTING OFFICE, WASHINGTON, 1981 For sale by the Superintendent of Documents, U.S. Government Printing Office, Washington, D.C. 20402 «tongrtssional Rtcord United . States of America PROCEEDINGS AND DEBATES OF THE 9 7th CONGRESS, FIRST SESSION SENATE-Thursday, June 25, 1981 The Senate met at ...",
45,GPO,GPO-CRECB-1981-pt10,,"Volume 127, Part 10 (June 16, 1981 to June 24, 1981)","127 Cong. Rec. (Bound) - Volume 127, Part 10 (June 16, 1981 to June 24, 1981)","Congressional Record (Bound Edition). Wednesday, June 24, 1981.",https://www.govinfo.gov/app/details/GPO-CRECB-1981-pt10,https://www.govinfo.gov/content/pkg/GPO-CRECB-1981-pt10/pdf/GPO-CRECB-1981-pt10.pdf,,,,,"24, 1981 (PAGES 12447 TO 13791) UNITED STATES GOVERNMENT PRINTING OFFICE, WASHINGTON, 1981 For sale by the Superintendent of Documents, U.S . Government Printing Office, Washington, D.C. 20402 <rongrtssional Record United States of America PROCEEDINGS AND DEBATES OF THE 97th CONGRESS, FIRST SESSION SENATE-Tuesday, June 16, 1981 The Senate met at 11...",
46,GPO,GPO-CRECB-1981-pt9,,"Volume 127, Part 9 (June 2, 1981 to June 15, 1981)","127 Cong. Rec. (Bound) - Volume 127, Part 9 (June 2, 1981 to June 15, 1981)","Congressional Record (Bound Edition). Monday, June 15, 1981.",https://www.govinfo.gov/app/details/GPO-CRECB-1981-pt9,https://www.govinfo.gov/content/pkg/GPO-CRECB-1981-pt9/pdf/GPO-CRECB-1981-pt9.pdf,,,,,",. 1981 {PAGES 11091 TO 12445) UNITED STATES GOVERNMENT PRINTING OFFICE, WASHINGTON, 1981 For sale by the Superintendent of Documents, U.S. Government Printing Office, Washington, D.C. 20402 Q:ongrtssional Record United States of America PROCEEDINGS AND DEBATES OF THE 97th CONGRESS,_ FIRST SESSION SENATE-Tuesday, June 2, 1981 The Senate met at 11 ...",
47,GPO,GPO-CRECB-1981-pt8,,"Volume 127, Part 8 (May 14, 1981 to June 1, 1981)","127 Cong. Rec. (Bound) - Volume 127, Part 8 (May 14, 1981 to June 1, 1981)","Congressional Record (Bound Edition). Monday, June 1, 1981.",https://www.govinfo.gov/app/details/GPO-CRECB-1981-pt8,https://www.govinfo.gov/content/pkg/GPO-CRECB-1981-pt8/pdf/GPO-CRECB-1981-pt8.pdf,,,,,"1981 (PAGES 9727 TO 11090) UNITED STATES GOVERNMENT . PRINTING OFFICE, WASHINGTON, 1981 For sale by the Superintendent of Documents, U .S . Government Printing Office, Washington, D.C. 20402 Q:ongrtssional Rtcord United States of America PROCEEDINGS AND DEBATES OF THE 97th CONGRESS, FIRST SESSION HOUSE OF REPRESENTATIVES-Thursday, May 14, 1981 The...",
48,GPO,GPO-CRECB-1981-pt7,,"Volume 127, Part 7 (May 5, 1981 to May 13, 1981)","127 Cong. Rec. (Bound) - Volume 127, Part 7 (May 5, 1981 to May 13, 1981)","Congressional Record (Bound Edition). Wednesday, May 13, 1981.",https://www.govinfo.gov/app/details/GPO-CRECB-1981-pt7,https://www.govinfo.gov/content/pkg/GPO-CRECB-1981-pt7/pdf/GPO-CRECB-1981-pt7.pdf,,,,,"(PAGES 8431 TO 9726) UNITED STATES GOVERNMENT PRINTING OFFICE, WASHINGTON, 1981 For sale by the Superintendent of Documents, U.S. Government Printing Office, Washington, D.C. 20402 <rongrtssional Record United States of America PROCEEDINGS AND DEBATES OF THE 97th CONGRESS, FIRST SESSION SENATE-Tuesday, May 5, 1981 The Senate met at 11 a.m., on ...",
49,GPO,GPO-CRECB-1981-pt6,,"Volume 127, Part 6 (April 9, 1981 to May 4, 1981)","127 Cong. Rec. (Bound) - Volume 127, Part 6 (April 9, 1981 to May 4, 1981)","Congressional Record (Bound Edition). Monday, May 4, 1981.",https://www.govinfo.gov/app/details/GPO-CRECB-1981-pt6,https://www.govinfo.gov/content/pkg/GPO-CRECB-1981-pt6/pdf/GPO-CRECB-1981-pt6.pdf,,,,,"(PAGES 7079 TO 8430) UNITED STATES GOVERNMENT PRINTING OFFICE, WASHINGTON, 1981 For sale by the Superintendent of Documents, U.S. Government Printing Office, Washington, D.C. 20402 Q:ongrrssional Rtcord United States of America PROCEEDINGS AND DEBATES OF THE 97th CONGRESS, FIRST SESSION SENATE- Thursday, April- 9, 1981 <Legislative day ot ...",
50,GPO,GPO-CRECB-1981-pt5,,"Volume 127, Part 5 (March 27, 1981 to April 8, 1981)","127 Cong. Rec. (Bound) - Volume 127, Part 5 (March 27, 1981 to April 8, 1981)","Congressional Record (Bound Edition). Wednesday, April 8, 1981.",https://www.govinfo.gov/app/details/GPO-CRECB-1981-pt5,https://www.govinfo.gov/content/pkg/GPO-CRECB-1981-pt5/pdf/GPO-CRECB-1981-pt5.pdf,,,,,"8, 1981 (PAGES 5605 TO 7077) UNITED STATES GOVERNMENT PRINTING OFFICE, WASHINGTON, 1981 For sale by the Super~tendent of Documents, U .S. Government Printing Office, Washington, D.C. 20402 <rongrtssional.Rtcord United States of America PROCEEDINGS AND DEBATES OF THE 97th CONGRESS, FIRST SESSION SENATE-Friday, March 27, 1981 <Legislative day of ...",
51,GPO,GPO-CRECB-1981-pt4,,"Volume 127, Part 4 (March 12, 1981 to March 26, 1981)","127 Cong. Rec. (Bound) - Volume 127, Part 4 (March 12, 1981 to March 26, 1981)","Congressional Record (Bound Edition). Thursday, March 26, 1981.",https://www.govinfo.gov/app/details/GPO-CRECB-1981-pt4,https://www.govinfo.gov/content/pkg/GPO-CRECB-1981-pt4/pdf/GPO-CRECB-1981-pt4.pdf,,,,,"TO MARCH 26, 1981 (PAGES 4169 TO 5603) UNITED STATES GOVERNMENT PRINTING OFFICE, WASHINGTON, 1981 For sale by the Superintendent of Documents, U.S. Government Printing Office, Washington, D.C. 20402 l <rongrtssional Rtcord United States of America PROCEEDINGS AND DEBATES OF THE 97th CONGRESS, FIRST SESSION HOUSE OF REPRESENTATIVES-Thursday, March...",
52,GPO,GPO-CRECB-1981-pt3,,"Volume 127, Part 3 (February 24, 1981 to March 11, 1981)","127 Cong. Rec. (Bound) - Volume 127, Part 3 (February 24, 1981 to March 11, 1981)","Congressional Record (Bound Edition). Wednesday, March 11, 1981.",https://www.govinfo.gov/app/details/GPO-CRECB-1981-pt3,https://www.govinfo.gov/content/pkg/GPO-CRECB-1981-pt3/pdf/GPO-CRECB-1981-pt3.pdf,,,,,"11, 1981 (PAGES 2773 TO 4168) UNITED STATES GOVERNMENT PRINTING OFFICE, W.ASHINGTON, 1981 For sale by the Superintendent of Documents, U.S. Government Printing Office, Washington, D .C. 20402 O:ongrtssional Rtcord United States of America PROCEEDINGS AND DEBATES OF THE 97th CONGRESS, FIRST SESSION SENATE-Tuesday, February 24, 1981 <Legislative ...",
53,GPO,GPO-CRECB-1981-pt2,,"Volume 127, Part 2 (February 3, 1981 to February 23, 1981)","127 Cong. Rec. (Bound) - Volume 127, Part 2 (February 3, 1981 to February 23, 1981)","Congressional Record (Bound Edition). Monday, February 23, 1981.",https://www.govinfo.gov/app/details/GPO-CRECB-1981-pt2,https://www.govinfo.gov/content/pkg/GPO-CRECB-1981-pt2/pdf/GPO-CRECB-1981-pt2.pdf,,,,,"23, 1981 (PAGES 1421 TO 2771) UNITED STATES GOVERNMENT PRINTING OFFICE, WASHINGTON, 1981 For sale by the Superintendent of Documents, U.S. Government Printing Office, Washington, D .C. 20402 «tongrtssional Rtcord United States of America PROCEEDINGS AND DEBATES OF THE 97th CONGRESS, FIRST SESSION SENATE-Tuesday, February 3, 1981 <Legislative ...",
54,GPO,GPO-CRECB-1981-pt1,,"Volume 127, Part 1 (January 5, 1981 to February 2, 1981)","127 Cong. Rec. (Bound) - Volume 127, Part 1 (January 5, 1981 to February 2, 1981)","Congressional Record (Bound Edition). Monday, February 2, 1981.",https://www.govinfo.gov/app/details/GPO-CRECB-1981-pt1,https://www.govinfo.gov/content/pkg/GPO-CRECB-1981-pt1/pdf/GPO-CRECB-1981-pt1.pdf,,,,,"2, 1981 (PAGES 1 TO 1420) UNITED STATES GOVERNMENT PRINTING OFFICE, WASHINGTON, 1981 For sale by the Superintendent of Documents, U.S. Government Printing Office, Washington, D.C. 20402 Q:ongrtssional Rtcord United States of America PROCEEDINGS AND DEBATES OF THE 97th CONGRESS, FIRST SESSION SENATE-Monday, January 5, 1981 <Legislative day of ...",