index,collectionCode,packageId,granuleId,title,line1,line2,detailsLink,pdfLink,htmlLink,xmlLink,otherLink1,otherLink2,teaser,historical
1,GPO,GPO-CRECB-1974-pt31,,"Volume 120, Part 31 (December 19, 1974 to December 20, 1974)","120 Cong. Rec. (Bound) - Volume 120, Part 31 (December 19, 1974 to December 20, 1974)","Congressional Record (Bound Edition). Friday, December 20, 1974.",https://www.govinfo.gov/app/details/GPO-CRECB-1974-pt31,https://www.govinfo.gov/content/pkg/GPO-CRECB-1974-pt31/pdf/GPO-CRECB-1974-pt31.pdf,,,,,"DECEMBER 20, 1974 (PAGES 41021 TO 42229) . ... ··- 'Lr ·r,... ~ ~1.:.~{.';L L,t,li· ~~ UNITED ST A TES GOVERNMENT PRINTING OFFICE, WASHINGTON, 197 4 United States of America <iongrcssional 1Rccord PROCEEDINGS AND DEBATES OF THE 93d CONGRESS, SECOND SESSION SENATE-Thursday, December 19, 1974 The Senate met at 8:30 a.m. and was called to order by Hon...",
2,GPO,GPO-CRECB-1974-pt32,,"Volume 120, Part 32 (January 21, 1974 to December 20, 1974)","120 Cong. Rec. (Bound) - Volume 120, Part 32 (January 21, 1974 to December 20, 1974)","Congressional Record (Bound Edition). Friday, December 20, 1974.",https://www.govinfo.gov/app/details/GPO-CRECB-1974-pt32,https://www.govinfo.gov/content/pkg/GPO-CRECB-1974-pt32/pdf/GPO-CRECB-1974-pt32.pdf,,,,,"TO DECEMBER 20, 1974 UNITED STATES GOVERNMENT PRINTING OFFICE, WASHINGTON, 1974 COl\IPILED UNDER THE DIRECTION OF THE JOINT COMMITTEE ON PRINTING WAYNE L. HAYS, Representative from Ohlo, Chairman HOWARD W. CANNON, Senator from Nevada, Vice Chairman JOHN BRADEMAS, Representative from Indiana WILLIAM L. DICKINSON, Representative from Alabama J.un:s B...",
3,GPO,GPO-CRECB-1974-pt33,,"Volume 120, Part 33 (January 21, 1974 to December 20, 1974)","120 Cong. Rec. (Bound) - Volume 120, Part 33 (January 21, 1974 to December 20, 1974)","Congressional Record (Bound Edition). Friday, December 20, 1974.",https://www.govinfo.gov/app/details/GPO-CRECB-1974-pt33,https://www.govinfo.gov/content/pkg/GPO-CRECB-1974-pt33/pdf/GPO-CRECB-1974-pt33.pdf,,,,,"OFFICE, WASHINGTON, 197 4 { I t • if'• I Daily Digest Monday, January 21, 197 4 Senate Chamber Action Routine Proceedings, pages 3-70 Bills Introduced: 13 bills and 5 resolutions were intro- duced as follows: S. 2861-2873; S. Con. Res. 63; and s. Res. 229-232. Page 8, 15, 26-27, 102 Bill Indefinitely Postponed: Senate indefinitely post- poned ...",
4,GPO,GPO-CRECB-1974-pt30,,"Volume 120, Part 30 (December 13, 1974 to December 18, 1974)","120 Cong. Rec. (Bound) - Volume 120, Part 30 (December 13, 1974 to December 18, 1974)","Congressional Record (Bound Edition). Wednesday, December 18, 1974.",https://www.govinfo.gov/app/details/GPO-CRECB-1974-pt30,https://www.govinfo.gov/content/pkg/GPO-CRECB-1974-pt30/pdf/GPO-CRECB-1974-pt30.pdf,,,,,"39579 TO 41020) . UNITED STATES GOVERNMENT PRINTING OFFICE, WASHINGTON, 1974 United States of America Q:ongrcssional Record PROCEEDINGS AND DEBATES OF THE 93d CONGRESS, SECONI? SESSION HOUSE OF REPRESENTATIVES-Friday, December 13, 1974 The House met at 12 o'clock noon. The Chaplain, Rev. Edward G. Latch, D.D., o:ffered the following prayer: ...",
5,GPO,GPO-CRECB-1974-pt29,,"Volume 120, Part 29 (December 5, 1974 to December 12, 1974)","120 Cong. Rec. (Bound) - Volume 120, Part 29 (December 5, 1974 to December 12, 1974)","Congressional Record (Bound Edition). Thursday, December 12, 1974.",https://www.govinfo.gov/app/details/GPO-CRECB-1974-pt29,https://www.govinfo.gov/content/pkg/GPO-CRECB-1974-pt29/pdf/GPO-CRECB-1974-pt29.pdf,,,,,"38259 TO 39578) UNITED STATES GOVERNMENT PRINTING OFFICE, WASHINGTON, 1974 United States of America <rongrcssional Record PROCEEDING S AND DEBATES OF THE 93 d CONGRESS, SECOND SESSION HOUSE OF REPRESENTATIVES-Thursda y, December 5, 1974 The House met at 12 o'clock noon. Rev. Walter Maienshein, Roxborough Presbyterian Chur·ch, Philadelphia, Pa., ...",
6,GPO,GPO-CRECB-1974-pt28,,"Volume 120, Part 28 (November 22, 1974 to December 4, 1974)","120 Cong. Rec. (Bound) - Volume 120, Part 28 (November 22, 1974 to December 4, 1974)","Congressional Record (Bound Edition). Wednesday, December 4, 1974.",https://www.govinfo.gov/app/details/GPO-CRECB-1974-pt28,https://www.govinfo.gov/content/pkg/GPO-CRECB-1974-pt28/pdf/GPO-CRECB-1974-pt28.pdf,,,,,"4, 1974 (PAGES 37039 TO 38258) UNITED STATES GOVERNMENT PRINTING OFFICE,. WASHINGTON, 1974 United States of America <tongrcssion·a1 Record PROCEEDINGS AND DEBATES OF THE 93 d CONGRESS,. SECOND SESSION SENATE-Friday, November 22, 1974 The Senate met at 10 a.m. and was called to order by Hon. JOHN V. TuNNEY, a Senator from the State of ...",
7,GPO,GPO-CRECB-1974-pt27,,"Volume 120, Part 27 (October 16, 1974 to November 21, 1974)","120 Cong. Rec. (Bound) - Volume 120, Part 27 (October 16, 1974 to November 21, 1974)","Congressional Record (Bound Edition). Thursday, November 21, 1974.",https://www.govinfo.gov/app/details/GPO-CRECB-1974-pt27,https://www.govinfo.gov/content/pkg/GPO-CRECB-1974-pt27/pdf/GPO-CRECB-1974-pt27.pdf,,,,,"NOVEMBER 21, 1974 (PAGES 35707 TO 37038) UNITED STATES GOVERNMENT PRINTING OPPICB. WASHINGTON, 1974 United States of America <tongrrssional Rrrord PROCEEDINGS AND DEBATES OF THE 93 d CONGR~SS, SECOND SESSION HOUSE OF REPRESENTATIVES-Wednesday, October 16,1974 The House met at 11 o'clock a.m. Dr. Jack P. Lowndes, Memorial Bap- tist Church, ...",
8,GPO,GPO-CRECB-1974-pt26,,"Volume 120, Part 26 (October 8, 1974 to October 15, 1974)","120 Cong. Rec. (Bound) - Volume 120, Part 26 (October 8, 1974 to October 15, 1974)","Congressional Record (Bound Edition). Tuesday, October 15, 1974.",https://www.govinfo.gov/app/details/GPO-CRECB-1974-pt26,https://www.govinfo.gov/content/pkg/GPO-CRECB-1974-pt26/pdf/GPO-CRECB-1974-pt26.pdf,,,,,"15, 1974 (PAGES 34297 TO 35706) UNITED STATES GOVERNMENT PRINTING OFFICE, WASHINGTON, 197-4 United States of America <iongrcssional1Rrcord PROCEEDINGS AND DEBATES OF THE 93d CONGRESS, SECOND SESSION SENATE-Tuesday, October 8, 1974 The Senate met at 9 a.m., and was called to order by Hon. QuENTIN N. BuRDICK, a Senator from the State of North ...",
9,GPO,GPO-CRECB-1974-pt25,,"Volume 120, Part 25 (September 30, 1974 to October 7, 1974)","120 Cong. Rec. (Bound) - Volume 120, Part 25 (September 30, 1974 to October 7, 1974)","Congressional Record (Bound Edition). Monday, October 7, 1974.",https://www.govinfo.gov/app/details/GPO-CRECB-1974-pt25,https://www.govinfo.gov/content/pkg/GPO-CRECB-1974-pt25/pdf/GPO-CRECB-1974-pt25.pdf,,,,,"7, 1974 (PAGES 32821 TO 34296) UNITED STATES GOVERNMENT PRINTING OFFICE, WASHINGTON, 1974 PROCEEDINGS AND DEBATES OF THE 93 d CONGRESS, SECOND SESSION SENATE-Monday, Septenzber 30, 1974 The Senate met at 11 a.m. and was called to order by Hon. JAMES ABOUREZK, a Senator from the State of South Dakota. PRAYER The Chaplain, the Reverend Edward ...",
10,GPO,GPO-CRECB-1974-pt24,,"Volume 120, Part 24 (September 18, 1974 to September 26, 1974)","120 Cong. Rec. (Bound) - Volume 120, Part 24 (September 18, 1974 to September 26, 1974)","Congressional Record (Bound Edition). Thursday, September 26, 1974.",https://www.govinfo.gov/app/details/GPO-CRECB-1974-pt24,https://www.govinfo.gov/content/pkg/GPO-CRECB-1974-pt24/pdf/GPO-CRECB-1974-pt24.pdf,,,,,"31505 TO 32820) UNITED STATES GOVERNMENT PRINTING OFFICE, WASHINGTON, 1974 United States of America <iongrcssional1Rccord PROCEEDINGS AND DEBATES OF THE 93 d CONGRESS, SECOND SESSION HOUSE OF REPRESENTATIVES-Wednesday, September 18, 1974 The House met at 12 o'clock noon. The Chaplain, Rev. Edward G. Latch, D.D., offered the following prayer: We ...",
11,GPO,GPO-CRECB-1974-pt23,,"Volume 120, Part 23 (September 4, 1974 to September 17, 1974)","120 Cong. Rec. (Bound) - Volume 120, Part 23 (September 4, 1974 to September 17, 1974)","Congressional Record (Bound Edition). Tuesday, September 17, 1974.",https://www.govinfo.gov/app/details/GPO-CRECB-1974-pt23,https://www.govinfo.gov/content/pkg/GPO-CRECB-1974-pt23/pdf/GPO-CRECB-1974-pt23.pdf,,,,,"SEPTEMBER 17, 1974 (PAGES 30171 TO 31504) UNITED STATES GOVERNMENT PRINTING OFFICE, WASHINGTON, _1974 United States of America <iongrrssional Record PROCEEDINGS AND DEBATES OF THE 93 d CONGRESS, SECOND SESSION SENATE-Wednesday, September 4, 1974 The Senate met at 10 a.m. and was called to order by Hon. JAMES ABOUREZK, a Senator from the State of ...",
12,GPO,GPO-CRECB-1974-pt22,,"Volume 120, Part 22 (August 16, 1974 to August 22, 1974)","120 Cong. Rec. (Bound) - Volume 120, Part 22 (August 16, 1974 to August 22, 1974)","Congressional Record (Bound Edition). Thursday, August 22, 1974.",https://www.govinfo.gov/app/details/GPO-CRECB-1974-pt22,https://www.govinfo.gov/content/pkg/GPO-CRECB-1974-pt22/pdf/GPO-CRECB-1974-pt22.pdf,,,,,"PART 22 AUGUST 16, 1974 TO AUGUST 22, 1974 (PAGES 28675 TO 30170) UNITED STATES GOVERNMENT PRINTING OFFICE, WASHINGTON, 1974 United States of America (tongrcssional Record PROCEEDINGS AND DEBATES OF THE 93 d CONGRESS, SECOND SESSION SENATE-Friday, August 16, 1974 The Senate met at 10 a.m. and was called to order by Hon. HARRISON A. Wn.- LIAMS, JR.,...",
13,GPO,GPO-CRECB-1974-pt21,,"Volume 120, Part 21 (August 8, 1974 to August 15, 1974)","120 Cong. Rec. (Bound) - Volume 120, Part 21 (August 8, 1974 to August 15, 1974)","Congressional Record (Bound Edition). Thursday, August 15, 1974.",https://www.govinfo.gov/app/details/GPO-CRECB-1974-pt21,https://www.govinfo.gov/content/pkg/GPO-CRECB-1974-pt21/pdf/GPO-CRECB-1974-pt21.pdf,,,,,"PART 21 AUGUST 8, 1974 TO AUGUST 15, 1974 (PAGES 27323 TO 28674) .. UNITED STATES GOVERNMENT PRINTING OFFICE, WASHINGTON, 1974 United States of America <iongrcssional1Rccord PROCEEDINGS AND DEBATES OF THE 93 d CONGRESS, SECOND SESSION SENATE-Thursday, August 8, 1974 The Senate met at 10 a.m. and was called to order by Hon. PETE V. DOMENICI, a ...",
14,GPO,GPO-CRECB-1974-pt20,,"Volume 120, Part 20 (July 31, 1974 to August 7, 1974)","120 Cong. Rec. (Bound) - Volume 120, Part 20 (July 31, 1974 to August 7, 1974)","Congressional Record (Bound Edition). Wednesday, August 7, 1974.",https://www.govinfo.gov/app/details/GPO-CRECB-1974-pt20,https://www.govinfo.gov/content/pkg/GPO-CRECB-1974-pt20/pdf/GPO-CRECB-1974-pt20.pdf,,,,,"7, 1974 (PAGES 25915 TO 27322) UNITED STATES GOVERNMENT PRINTING OFFICE, WASHINGTON, 1974 United States of America <iongressional Record PROCEEDINGS AND DEBATES OF THE 93 d CONGRESS'- SECOND SESSION SENATE-Wednesday, July 31, 1974 The Senate met at 10 a.m. and was called to order by the President protem- pore (Mr. EASTLAND) . PRAYER The Chaplain...",
15,GPO,GPO-CRECB-1974-pt19,,"Volume 120, Part 19 (July 23, 1974 to July 30, 1974)","120 Cong. Rec. (Bound) - Volume 120, Part 19 (July 23, 1974 to July 30, 1974)","Congressional Record (Bound Edition). Tuesday, July 30, 1974.",https://www.govinfo.gov/app/details/GPO-CRECB-1974-pt19,https://www.govinfo.gov/content/pkg/GPO-CRECB-1974-pt19/pdf/GPO-CRECB-1974-pt19.pdf,,,,,"30, 197 4 (PAGES 24533 TO 25914) UNITED STATES GOVERNMENT PRINTING OFFICE, WASHINGTON, 1974 United States of America <!ongrrssionat Rrcord PROCEEDINGS AND DEBATES OF THE 93 d CONGRESS, SECOND SESSION HOUSE OF REPRESENTATIVES-Tuesday, July 23, 1974 The House met at 12 o'clock noon. Rev. Mr. W. DeWitt Dickey, Potomac United Methodist Church, Potomac...",
16,GPO,GPO-CRECB-1974-pt18,,"Volume 120, Part 18 (July 16, 1974 to July 22, 1974)","120 Cong. Rec. (Bound) - Volume 120, Part 18 (July 16, 1974 to July 22, 1974)","Congressional Record (Bound Edition). Monday, July 22, 1974.",https://www.govinfo.gov/app/details/GPO-CRECB-1974-pt18,https://www.govinfo.gov/content/pkg/GPO-CRECB-1974-pt18/pdf/GPO-CRECB-1974-pt18.pdf,,,,,"22, 1974 (PAGES 23309 TO 24532) UNITED STATES GOVERNMENT PRINTING OFFICE, WASHINGTON, 1974 United States of America Q:ongr.cssional Record PROCEEDINGS AND DEBATES OF THE 93d CONGRESS, SECOND SESSION HOUSE OF REPRESENTATIVES-Tuesday, July 16, 1974 The House met at 12 o'clock noon. The Chaplain, Rev. Edward G. Latch, D.D., offered the following ...",
17,GPO,GPO-CRECB-1974-pt17,,"Volume 120, Part 17 (July 2, 1974 to July 15, 1974)","120 Cong. Rec. (Bound) - Volume 120, Part 17 (July 2, 1974 to July 15, 1974)","Congressional Record (Bound Edition). Monday, July 15, 1974.",https://www.govinfo.gov/app/details/GPO-CRECB-1974-pt17,https://www.govinfo.gov/content/pkg/GPO-CRECB-1974-pt17/pdf/GPO-CRECB-1974-pt17.pdf,,,,,"15, 1974 (PAGES 21993 TO 23308) UNITED STATES GOVERNMENT PRINTING OFFICE, WASHINGTON, 1974 United States of America ~ongrcssional Record PROCEEDINGS AND DEBATES OF THE 93 d CONGRESSt SECOND SESSION HOUSE OF REPRESENTATIVES-Tuesday, July 2, 1974 The House met at 12 o'clock noon. Rabbi Sidney S. Guthman, president, Western States Region of the ...",
18,GPO,GPO-CRECB-1974-pt16,,"Volume 120, Part 16 (June 24, 1974 to July 1, 1974)","120 Cong. Rec. (Bound) - Volume 120, Part 16 (June 24, 1974 to July 1, 1974)","Congressional Record (Bound Edition). Monday, July 1, 1974.",https://www.govinfo.gov/app/details/GPO-CRECB-1974-pt16,https://www.govinfo.gov/content/pkg/GPO-CRECB-1974-pt16/pdf/GPO-CRECB-1974-pt16.pdf,,,,,"1, 197 4 (PAGES 20705 TO 21992) UNITED STATES GOVERNMENT PRINTING OFFICE, WASHINGTON,. 1974 <iongrrssional Record 1lndrx PROCEEDINGS AND DEBATES OF THE 93d CONGRESS, SECOND SESSION HOUSE OF REPRESENTATIVES-Monday, June 24, 1974 The House met at 12 o'clock noon. Dr. Shlomo Goren, the chief rabbi of Israel, offered the following prayer: OUr ...",
19,GPO,GPO-CRECB-1974-pt15,,"Volume 120, Part 15 (June 17, 1974 to June 21, 1974)","120 Cong. Rec. (Bound) - Volume 120, Part 15 (June 17, 1974 to June 21, 1974)","Congressional Record (Bound Edition). Friday, June 21, 1974.",https://www.govinfo.gov/app/details/GPO-CRECB-1974-pt15,https://www.govinfo.gov/content/pkg/GPO-CRECB-1974-pt15/pdf/GPO-CRECB-1974-pt15.pdf,,,,,"TO 20704) UNITED STATES GOVERNMENT PRINTING OFFICE, WASHINGTON, 1974 . United States of America <tongrcssional Record PROCEEDINGS AND DEBATES OF THE 93 d CONGRESS, SECOND SESSION HOUSE OF REPRESENTATIVES-Monday, June 17, 1974 The House met at 12 o'clock noon. The Chaplain, Rev. Edward G. Latch, D.D., offered the following prayer: Unto thee, 0 Lord...",
20,GPO,GPO-CRECB-1974-pt14,,"Volume 120, Part 14 (June 6, 1974 to June 13, 1974)","120 Cong. Rec. (Bound) - Volume 120, Part 14 (June 6, 1974 to June 13, 1974)","Congressional Record (Bound Edition). Thursday, June 13, 1974.",https://www.govinfo.gov/app/details/GPO-CRECB-1974-pt14,https://www.govinfo.gov/content/pkg/GPO-CRECB-1974-pt14/pdf/GPO-CRECB-1974-pt14.pdf,,,,,"6, 197 4 TO JUNE 13, 197 4 (PAGES 17919 TO 19326) UNITED STATES GOVERNMENT PRINTING OFFICE, WASHINGTON, 1974 United States of America <iongrcssional Record PROCEEDINGS AND DEBATES OF THE 93 d CONGRESS, SECOND SESSION SENATE-Thursday, June 6, 1974 The Senate met at 9:30 a.m. and was called to order by Hon. WILLIAM D. HATHAWAY, a Senator from the...",
21,GPO,GPO-CRECB-1974-pt13,,"Volume 120, Part 13 (May 29, 1974 to June 5, 1974)","120 Cong. Rec. (Bound) - Volume 120, Part 13 (May 29, 1974 to June 5, 1974)","Congressional Record (Bound Edition). Wednesday, June 5, 1974.",https://www.govinfo.gov/app/details/GPO-CRECB-1974-pt13,https://www.govinfo.gov/content/pkg/GPO-CRECB-1974-pt13/pdf/GPO-CRECB-1974-pt13.pdf,,,,,"5, 1974 (PAGES 16591 TO 17918) UNITED STATES GOVERNMENT PRINTING OFFICE, WASHINGTON, 1974 United States of America <tongrrssional Rrrord PROCEEDINGS AND DEBATES OF THE 93 d CONGRESS, SECOND SESSION 8'ENATE-Wednesday, May 29, 1974 The Senate met at 11:15 a.m. and was called to order by Hon. JAMES B. ALLEN, a Senator from the State of Alaibama. ...",
22,GPO,GPO-CRECB-1974-pt12,,"Volume 120, Part 12 (May 20, 1974 to May 28, 1974)","120 Cong. Rec. (Bound) - Volume 120, Part 12 (May 20, 1974 to May 28, 1974)","Congressional Record (Bound Edition). Tuesday, May 28, 1974.",https://www.govinfo.gov/app/details/GPO-CRECB-1974-pt12,https://www.govinfo.gov/content/pkg/GPO-CRECB-1974-pt12/pdf/GPO-CRECB-1974-pt12.pdf,,,,,", 1974 . (PAGES 15261 TO 16590) UNITED ST ATES GOVERNMENT PRINTING OFFICE, WASHINGTON, 197 4 United States of America Q:ongrcssional 1Rcrord PROCEEDINGS AND DEBATES OF THE 93 d CONGRESS, SECOND SESSION SENATE-Monday, May 20, 1974 The Senate met at 8 a.m. and was called to order by the Acting President pro tempore (Mr. METCALF). PRAYER The Chaplain...",
23,GPO,GPO-CRECB-1974-pt11,,"Volume 120, Part 11 (May 9, 1974 to May 16, 1974)","120 Cong. Rec. (Bound) - Volume 120, Part 11 (May 9, 1974 to May 16, 1974)","Congressional Record (Bound Edition). Thursday, May 16, 1974.",https://www.govinfo.gov/app/details/GPO-CRECB-1974-pt11,https://www.govinfo.gov/content/pkg/GPO-CRECB-1974-pt11/pdf/GPO-CRECB-1974-pt11.pdf,,,,,", 1974 (PAGES 13865 TO 15260) UNITED STATES GOVERNMENT PRINTING OPPIOBt WASHINGTON, 1974 United States of America <rongrcssional Record PROCEEDINGS AND DEBATES OF THE 93 d CONGRESS, SECOND SESSION HOUSE OF REPRESENTATIVES-Thursday, May 9, 1974 The House met at 12 o'clock noon. Rev. Melvin C. Swann, Waters A.M.E. Church, Baltimore, Md., offered the ...",
24,GPO,GPO-CRECB-1974-pt10,,"Volume 120, Part 10 (May 1, 1974 to May 8, 1974)","120 Cong. Rec. (Bound) - Volume 120, Part 10 (May 1, 1974 to May 8, 1974)","Congressional Record (Bound Edition). Wednesday, May 8, 1974.",https://www.govinfo.gov/app/details/GPO-CRECB-1974-pt10,https://www.govinfo.gov/content/pkg/GPO-CRECB-1974-pt10/pdf/GPO-CRECB-1974-pt10.pdf,,,,,"(PAGES 12485 TO 13864) UNITED STATES GOVERNMENT PRINTING OFFICE, WASHINGTON, 1974 United States of America <iongrcssional Record PROCEEDINGS AND DEBATES OF THE 93 d CONGRESS, SECOND SESSION HOUSE OF REPRE~SENTATIVE·S-Wednesday, May 1,1974 The House met at 12 o'clock noon. The Reverend Robert W. Jackson, First Reformed Church, Hawthorne, N.J., ...",
25,GPO,GPO-CRECB-1974-pt9,,"Volume 120, Part 9 (April 22, 1974 to April 30, 1974)","120 Cong. Rec. (Bound) - Volume 120, Part 9 (April 22, 1974 to April 30, 1974)","Congressional Record (Bound Edition). Tuesday, April 30, 1974.",https://www.govinfo.gov/app/details/GPO-CRECB-1974-pt9,https://www.govinfo.gov/content/pkg/GPO-CRECB-1974-pt9/pdf/GPO-CRECB-1974-pt9.pdf,,,,,"30, 1974 (PAGES 11149 TO 12484) UNITED STATES GOVERNMENT PRINTING OFFICE, WASHINGTON, 1974 United States of America Q:ongrcssional1Rccord PROCEEDINGS AND DEBATES OF THE 93 d CONGRESS, SECOND SESSION HOUSE OF REPRESENTATIVES-Monday, April 22, 1974 The House met at 12 o•clock noon. The Chaplain, Rev. Edward G. Latch, D.D., offered the following ...",
26,GPO,GPO-CRECB-1974-pt8,,"Volume 120, Part 8 (April 4, 1974 to April 11, 1974)","120 Cong. Rec. (Bound) - Volume 120, Part 8 (April 4, 1974 to April 11, 1974)","Congressional Record (Bound Edition). Thursday, April 11, 1974.",https://www.govinfo.gov/app/details/GPO-CRECB-1974-pt8,https://www.govinfo.gov/content/pkg/GPO-CRECB-1974-pt8/pdf/GPO-CRECB-1974-pt8.pdf,,,,,"11, 1974 (PAGES 9705 TO 11148) UNITED STATES GOVERNMENT PRINTING OFFICE~ WASHINGTON, 1974 United States of America «rongrcssional Record PROCEEDINGS AND DEBATES OF THE 93d CONGRESS, SECOND SESSION SENATE·-Thursday, April 4, 1974 The Senate met at 10:30 a.m. and was DOCUMENTATION OF VESSEL ""MISS called to order by Hon. SAM NUNN, a KEKU"" AS A ...",
27,GPO,GPO-CRECB-1974-pt7,,"Volume 120, Part 7 (March 27, 1974 to April 3, 1974)","120 Cong. Rec. (Bound) - Volume 120, Part 7 (March 27, 1974 to April 3, 1974)","Congressional Record (Bound Edition). Wednesday, April 3, 1974.",https://www.govinfo.gov/app/details/GPO-CRECB-1974-pt7,https://www.govinfo.gov/content/pkg/GPO-CRECB-1974-pt7/pdf/GPO-CRECB-1974-pt7.pdf,,,,,", 1974 (PAGES 8383 TO 9704) UNITED STATES GOVERNMENT PRINTING OFFICE, WASHINGTON, 197 4 ( United States of America Q:ongrrssional Record: PROCEEDINGS AND DEBATES OF THE 93 d CONGRESS, SECOND SESSION SENATE-Wednesday, March 27, 1974 The Senate met at 12 o'clock noon and was called to order by the President pro tempore (Mr. EASTLAND). PRAYER The ...",
28,GPO,GPO-CRECB-1974-pt6,,"Volume 120, Part 6 (March 19, 1974 to March 26, 1974)","120 Cong. Rec. (Bound) - Volume 120, Part 6 (March 19, 1974 to March 26, 1974)","Congressional Record (Bound Edition). Tuesday, March 26, 1974.",https://www.govinfo.gov/app/details/GPO-CRECB-1974-pt6,https://www.govinfo.gov/content/pkg/GPO-CRECB-1974-pt6/pdf/GPO-CRECB-1974-pt6.pdf,,,,,"7059 TO 8382) UNITED STATES GOVERNMENT PRINTING OFFICE, WASHINGTON, 1974 United States of America · ongrrssional Rrcord PROCEEDINGS AND DEBATES OP THE 9 3d CONGRESS, FIRST SESSION SENATE-Tuesday, March J9, 1974 The Sen te m et at 12 o'clock noon and was called to order by the Vice President. P RAYER 'lbe Chapla in. the Reverend Edward L. R. ...",
29,GPO,GPO-CRECB-1974-pt5,,"Volume 120, Part 5 (March 7, 1974 to March 18, 1974)","120 Cong. Rec. (Bound) - Volume 120, Part 5 (March 7, 1974 to March 18, 1974)","Congressional Record (Bound Edition). Monday, March 18, 1974.",https://www.govinfo.gov/app/details/GPO-CRECB-1974-pt5,https://www.govinfo.gov/content/pkg/GPO-CRECB-1974-pt5/pdf/GPO-CRECB-1974-pt5.pdf,,,,,"1974 (PAGES 5629 TO 7058) UNITED STATES GOVERNMENT PRINTING OFFIC~ WASHINGTON,. 1974 United States of America Q:ongrcssi nat Record PROCEEDINGS AND DEBATES OF THE 93 d CONGRESS'- SECOND SESSION HOUSE OF REPRESENTATIVES-Thursday, March 7, 1974 The House met at 12 o'clock noon. The Reverend Robert Newton Barger, president, Religious Workers ...",
30,GPO,GPO-CRECB-1974-pt4,,"Volume 120, Part 4 (February 26, 1974 to March 6, 1974)","120 Cong. Rec. (Bound) - Volume 120, Part 4 (February 26, 1974 to March 6, 1974)","Congressional Record (Bound Edition). Wednesday, March 6, 1974.",https://www.govinfo.gov/app/details/GPO-CRECB-1974-pt4,https://www.govinfo.gov/content/pkg/GPO-CRECB-1974-pt4/pdf/GPO-CRECB-1974-pt4.pdf,,,,,"6, 1974 (PAGES 4153 TO 5628) UNITED ST A TES GOVERNMENT PRINTING OFFICE, WASHINGTON, 197 4 United States of America <iongrcssional Record PROCEEDINGS AND DEBATES OF THE 93 d CONGRESS:t SECOND SESSION SENATE-Tuesday, February 26, 1974 The Senate met at 11 a.m. and was may be authorized to meet during the called to order by Hon. FLOYD K. HAs- ...",
31,GPO,GPO-CRECB-1974-pt3,,"Volume 120, Part 3 (February 8, 1974 to February 25, 1974)","120 Cong. Rec. (Bound) - Volume 120, Part 3 (February 8, 1974 to February 25, 1974)","Congressional Record (Bound Edition). Monday, February 25, 1974.",https://www.govinfo.gov/app/details/GPO-CRECB-1974-pt3,https://www.govinfo.gov/content/pkg/GPO-CRECB-1974-pt3/pdf/GPO-CRECB-1974-pt3.pdf,,,,,"25, 1974 (PAGES 2797 TO 4152) UNITED STATES GOVERNMENT PRINTING OFFICE,, WASHINGTON, 1974 United States oj America Q:ongrcssional Record PROCEEDINGS AND DEBATES OP THE 9 3 d CONGRESS, FIRST SESSION SENATE-Friday, February 8, 1974 The Senate met at 10 a.m., and was called to order by Hon. QUENTIN L. BUR- DICK, a Senator from the State of ...",
32,GPO,GPO-CRECB-1974-pt2,,"Volume 120, Part 2 (January 30, 1974 to February 7, 1974)","120 Cong. Rec. (Bound) - Volume 120, Part 2 (January 30, 1974 to February 7, 1974)","Congressional Record (Bound Edition). Thursday, February 7, 1974.",https://www.govinfo.gov/app/details/GPO-CRECB-1974-pt2,https://www.govinfo.gov/content/pkg/GPO-CRECB-1974-pt2/pdf/GPO-CRECB-1974-pt2.pdf,,,,,"7, 1974 (PAGES 1301 TO 2796) UNITED STATES GOVERNMENT PRINTING OFFICE, WASHINGTON, 1974 United States of America <rongrcssional1Rccord PROCEEDINGS AND DEBATES OF THE 93 d CONGRESS, SECOND SESSION S,E:NATE-Wednesday, January 30, 1974 The Senate met at 12 o'clock noon and was called to order by the President pro tempore (Mr. EASTLAND). PRAYER ...",
33,GPO,GPO-CRECB-1974-pt1,,"Volume 120, Part 1 (January 21, 1974 to January 29, 1974)","120 Cong. Rec. (Bound) - Volume 120, Part 1 (January 21, 1974 to January 29, 1974)","Congressional Record (Bound Edition). Tuesday, January 29, 1974.",https://www.govinfo.gov/app/details/GPO-CRECB-1974-pt1,https://www.govinfo.gov/content/pkg/GPO-CRECB-1974-pt1/pdf/GPO-CRECB-1974-pt1.pdf,,,,,"TO JANUARY 29, 1974 (PAGES 3 TO 1300) UNITED STATES GOVERNMENT PRINTING OFFICE, WASHINGTON, 197 4 United States of America <tongrcssional1Rccord PROCEEDINGS AND DEBATES OF THE 93 d CONGRESS, SECOND SESSION SENATE-Monday, January 21, 1974 The 21st day of January being the day prescribed by Senate Joint Resolution 180 for the meeting of the 2d ...",
34,GPO,GPO-CRECB-1973-pt34,,"Volume 119, Part 34 (January 3, 1973 to December 22, 1973)","119 Cong. Rec. (Bound) - Volume 119, Part 34 (January 3, 1973 to December 22, 1973)","Congressional Record (Bound Edition). Saturday, December 22, 1973.",https://www.govinfo.gov/app/details/GPO-CRECB-1973-pt34,https://www.govinfo.gov/content/pkg/GPO-CRECB-1973-pt34/pdf/GPO-CRECB-1973-pt34.pdf,,,,,"President, Washington, D.C.; JAMES 0. EASTLAND, President pro tempore, Doddsville, Miss. Name Home post omce Abourezk, James G----- ------ Rapid City, S. Dak. Alken, George D · Putney, Vt. Allen, James B Gadsden, Ala. Baker, Howard H., Jr _________ Huntsville, Tenn. Bartlett, Dewey F Tulsa, Okla. Bayh, Birch Terre Haute, Ind. Beall, J. Glenn, Jr ...",
35,GPO,GPO-CRECB-1973-pt33,,"Volume 119, Part 33 (December 19, 1973 to December 22, 1973)","119 Cong. Rec. (Bound) - Volume 119, Part 33 (December 19, 1973 to December 22, 1973)","Congressional Record (Bound Edition). Saturday, December 22, 1973.",https://www.govinfo.gov/app/details/GPO-CRECB-1973-pt33,https://www.govinfo.gov/content/pkg/GPO-CRECB-1973-pt33/pdf/GPO-CRECB-1973-pt33.pdf,,,,,"DECEMBER 22, 1973 (PAGES 42369 TO 43638) UNITED STATES GOVERNMENT PRINTING OFFIGE1 WASHINGTON, 1973 United States of America Q:onyrcssional Record PROCEEDINGS AND DEBATES OF THE 9 3 d CONGRESS, FIRST SESSION SE'NATE-Wednesday, December 19, 1973 The Senate met at 10 a.m. and was called to order by Hon. JAMES B. ALLEN, a Senator from the State of ...",
36,GPO,GPO-CRECB-1973-pt35,,"Volume 119, Part 35 (January 3, 1973 to December 22, 1973)","119 Cong. Rec. (Bound) - Volume 119, Part 35 (January 3, 1973 to December 22, 1973)","Congressional Record (Bound Edition). Saturday, December 22, 1973.",https://www.govinfo.gov/app/details/GPO-CRECB-1973-pt35,https://www.govinfo.gov/content/pkg/GPO-CRECB-1973-pt35/pdf/GPO-CRECB-1973-pt35.pdf,,,,,", WASHINGTON, 1973 Daily Digest Wednesday, January 3, 1973 Senate Chamber Action Rotttine Proceedings, pages 3-11 Resolutions Introduced: 10 resolutions were intro- duced, as follows: S. Con. Res. I; and S. Res. 1-9. Pages 8-10 Swearing in of Newly Elected Senators: The fol- lowing 31 Senators, elected in November of 1972 for the term expiring ...",
37,GPO,GPO-CRECB-1973-pt32,,"Volume 119, Part 32 (December 13, 1973 to December 18, 1973)","119 Cong. Rec. (Bound) - Volume 119, Part 32 (December 13, 1973 to December 18, 1973)","Congressional Record (Bound Edition). Tuesday, December 18, 1973.",https://www.govinfo.gov/app/details/GPO-CRECB-1973-pt32,https://www.govinfo.gov/content/pkg/GPO-CRECB-1973-pt32/pdf/GPO-CRECB-1973-pt32.pdf,,,,,"18, 1973 (PAGES 41257 TO 42368) UNITED STATES GOVERNMENT PRINTING OFFICE, WASHINGTON, 1973 United States of America Q:ongrcssional1Rccord PROCEEDINGS AND DEBATES OF THE 9 3d CONGRESS, FIRST SESSION HOUSE OF REPRESENTATIVES-Thursday, December 13, 1973 The House met at 11 o'clock a.m. Father Arthur J. Metaxas, Sts. Con- stantine and Helen Greek...",
38,GPO,GPO-CRECB-1973-pt31,,"Volume 119, Part 31 (December 7, 1973 to December 12, 1973)","119 Cong. Rec. (Bound) - Volume 119, Part 31 (December 7, 1973 to December 12, 1973)","Congressional Record (Bound Edition). Wednesday, December 12, 1973.",https://www.govinfo.gov/app/details/GPO-CRECB-1973-pt31,https://www.govinfo.gov/content/pkg/GPO-CRECB-1973-pt31/pdf/GPO-CRECB-1973-pt31.pdf,,,,,"12, 1973 (PAGES 40139 TO 41256) UNITED STATES GOVERNMENT PRINTING OFFICE, WASHINGTON, 1973 United States of America Q:ongrrssional Rtc rd PR O CEE D INGS AND DEBATES OF THE 9 3d CONGRESS, FIRST SESSI ON SENATE-Friday,. December 7, 1973 The Senate met at 10 a.m. and was called to order by the Vice President. PRAYER Dr. C. Ralston Smith, special...",
39,GPO,GPO-CRECB-1973-pt30,,"Volume 119, Part 30 (November 30, 1973 to December 6, 1973)","119 Cong. Rec. (Bound) - Volume 119, Part 30 (November 30, 1973 to December 6, 1973)","Congressional Record (Bound Edition). Thursday, December 6, 1973.",https://www.govinfo.gov/app/details/GPO-CRECB-1973-pt30,https://www.govinfo.gov/content/pkg/GPO-CRECB-1973-pt30/pdf/GPO-CRECB-1973-pt30.pdf,,,,,"119-PART 30 NOVEMBER 30, 1973 TO DECE!vlBER 6, 1973 (PAGES 38795 TO 40138) UNITED STATES GOVERNMENT PRINTING OFFICE, WASHINGTON, 1973 United States of America <!ongrcssional Record PROCEEDINGS AND DEBATES OP THE 9 3d CONGRESS, FIRST SESSION HOUSE OF REPRESENTATIVES-Friday, November 30, 1973 The House met at 12 o'clock noon. The Chaplain, Rev....",
40,GPO,GPO-CRECB-1973-pt29,,"Volume 119, Part 29 (November 16, 1973 to November 29, 1973)","119 Cong. Rec. (Bound) - Volume 119, Part 29 (November 16, 1973 to November 29, 1973)","Congressional Record (Bound Edition). Thursday, November 29, 1973.",https://www.govinfo.gov/app/details/GPO-CRECB-1973-pt29,https://www.govinfo.gov/content/pkg/GPO-CRECB-1973-pt29/pdf/GPO-CRECB-1973-pt29.pdf,,,,,"119-PART 29 NOVEMBER 16, 1973 TO NOVEMBER 29, 1973 (PAGES 37439 TO 38794) UNITED STATES GOVERNMENT PRINTING OFFICE, WASHINGTON, 1973 United States of America ctongr(ssional R(cord PROCEEDINGS AND DEBATES OF THE 9 3d GONGRESS, FIRST SESSION SENATE-Friday, November 16, 1973 The Senate met at 9 a.m. and was called to order by the President protem- ...",
41,GPO,GPO-CRECB-1973-pt28,,"Volume 119, Part 28 (November 6, 1973 to November 15, 1973)","119 Cong. Rec. (Bound) - Volume 119, Part 28 (November 6, 1973 to November 15, 1973)","Congressional Record (Bound Edition). Thursday, November 15, 1973.",https://www.govinfo.gov/app/details/GPO-CRECB-1973-pt28,https://www.govinfo.gov/content/pkg/GPO-CRECB-1973-pt28/pdf/GPO-CRECB-1973-pt28.pdf,,,,,"15, 1973 (PAGES 35989 TO 37438) UNITED STATES GOVERNMENT PRINTING OFFICE, WASHINGTON, 1973 United States of America <Eongrcssional Record PROCEEDINGS AND DEBATES OF THE 9 3d CONGRESS, FIRST SESSION HOUSE OF REPRESENTATIVES-Tuesday, November 6, 1973 The House met at 12 o'clock noon. Rev. Joseph R. Weber, pastor, First Baptist Church, Fountain ...",
42,GPO,GPO-CRECB-1973-pt27,,"Volume 119, Part 27 (October 18, 1973 to November 5, 1973)","119 Cong. Rec. (Bound) - Volume 119, Part 27 (October 18, 1973 to November 5, 1973)","Congressional Record (Bound Edition). Monday, November 5, 1973.",https://www.govinfo.gov/app/details/GPO-CRECB-1973-pt27,https://www.govinfo.gov/content/pkg/GPO-CRECB-1973-pt27/pdf/GPO-CRECB-1973-pt27.pdf,,,,,"5, 1973 (PAGES 34551 TO 35988) UNITED STATES GOVERNMENT PRINTING OFFICE, WASHINGTON, 1973 ... United States of America <tongrcssional Record PROCEEDINGS AND DEBATES OF THE 9 3d CONGRESS, FIRST SESSION SENATE-Thursday, October 18, 1973 The Senate met at 12 o'clock noon and was called to order by the President pro tempore (Mr. EASTLAND). PRAYER...",
43,GPO,GPO-CRECB-1973-pt26,,"Volume 119, Part 26 (October 9, 1973 to October 17, 1973)","119 Cong. Rec. (Bound) - Volume 119, Part 26 (October 9, 1973 to October 17, 1973)","Congressional Record (Bound Edition). Wednesday, October 17, 1973.",https://www.govinfo.gov/app/details/GPO-CRECB-1973-pt26,https://www.govinfo.gov/content/pkg/GPO-CRECB-1973-pt26/pdf/GPO-CRECB-1973-pt26.pdf,,,,,"17, 1973 (PAGES 33229 TO 34550) UNITED STATES GOVERNMENT PRINTING OFFICE, WASHINGTON, 1973 United States of America <iongrcssional1Rccord PROCEEDINGS AND DEBATES OF THE 9 3d CONGRESS, FIRST SESSION SENATE-Tuesday, October 9, 1973 The Senate met at 12 o'clock noon and REPORT OF DEPARTMENT OF was c~alled to order by Hon. SAM NUNN, HOUSING AND ...",
44,GPO,GPO-CRECB-1973-pt25,,"Volume 119, Part 25 (September 28, 1973 to October 8, 1973)","119 Cong. Rec. (Bound) - Volume 119, Part 25 (September 28, 1973 to October 8, 1973)","Congressional Record (Bound Edition). Monday, October 8, 1973.",https://www.govinfo.gov/app/details/GPO-CRECB-1973-pt25,https://www.govinfo.gov/content/pkg/GPO-CRECB-1973-pt25/pdf/GPO-CRECB-1973-pt25.pdf,,,,,"8, 1973 (PAGES 31929 TO 33228) UNITED STATES GOVERNMENT PRINTING OFFICE, WASHINGTON, 1973 United States of America <iongr(ssional lt(rord PROCEEDINGS AND DEBATES OF THE 9 3d CONGRESS, FIRST SESSION SENATE-Friday, September 28; 1973 The Senate met at 8: 45 a.m. and was called to order by Hon. JAMES B. ALLEN, a Senator from the State of Alabama...",
45,GPO,GPO-CRECB-1973-pt24,,"Volume 119, Part 24 (September 20, 1973 to September 27, 1973)","119 Cong. Rec. (Bound) - Volume 119, Part 24 (September 20, 1973 to September 27, 1973)","Congressional Record (Bound Edition). Thursday, September 27, 1973.",https://www.govinfo.gov/app/details/GPO-CRECB-1973-pt24,https://www.govinfo.gov/content/pkg/GPO-CRECB-1973-pt24/pdf/GPO-CRECB-1973-pt24.pdf,,,,,"SEPTEMBER 27, 1973 (PAGES 30561 TO 31928) UNITED STATES GOVERNMENT PRINTING OFFICE, WASHINGTON, 1973 ' . J United States of Amerlca <tongrtssionat Rtcord PROCEEDINGS AND DEBATES OP THE 9 3d CONGRESS, FIRST SESSION HOUSE OF REPRESENTATIVES-Thursday, September 20, 1973 The House met at 12 o'clock noon. Rev. W. Ernest Hogge, United Meth- odist Church,...",
46,GPO,GPO-CRECB-1973-pt23,,"Volume 119, Part 23 (September 11, 1973 to September 19, 1973)","119 Cong. Rec. (Bound) - Volume 119, Part 23 (September 11, 1973 to September 19, 1973)","Congressional Record (Bound Edition). Wednesday, September 19, 1973.",https://www.govinfo.gov/app/details/GPO-CRECB-1973-pt23,https://www.govinfo.gov/content/pkg/GPO-CRECB-1973-pt23/pdf/GPO-CRECB-1973-pt23.pdf,,,,,"19, 1973 (PAGES 29103 TO 30560) UNITED STATES GOVERNMENT PRINTING OFFICE, WASHINGTON, 1973 United States of America <tongrrssional Rtcord PROCEEDINGS AND DEBATES OP THE 9 3d CONGRESS, FIRST SESSION SENATE-Tuesday, September 11, 1973 The Senate met at 10 a.m. and was called to order by the President pro tem- pore (Mr. EASTLAND) • PRAYEll The...",
47,GPO,GPO-CRECB-1973-pt22,,"Volume 119, Part 22 (August 3, 1973 to September 10, 1973)","119 Cong. Rec. (Bound) - Volume 119, Part 22 (August 3, 1973 to September 10, 1973)","Congressional Record (Bound Edition). Monday, September 10, 1973.",https://www.govinfo.gov/app/details/GPO-CRECB-1973-pt22,https://www.govinfo.gov/content/pkg/GPO-CRECB-1973-pt22/pdf/GPO-CRECB-1973-pt22.pdf,,,,,"10, 1973 (PAGES 27779 TO 29102) UNITED STATES GOVERNMENT PRINTING OFFICE, WASHINGTON, 1973 United States of America <iongrcssional Record PROCEEDINGS AND DEBATES OP THE 9 3d GONGRESS, FIRST SESSION SENATE-Friday, August 3, 1973 The Senate met at 10 a.m. and was called to order by the President protem- pore (Mr. EASTLAND). PRAYER The Chaplain, ...",
48,GPO,GPO-CRECB-1973-pt21,,"Volume 119, Part 21 (July 28, 1973 to August 2, 1973)","119 Cong. Rec. (Bound) - Volume 119, Part 21 (July 28, 1973 to August 2, 1973)","Congressional Record (Bound Edition). Thursday, August 2, 1973.",https://www.govinfo.gov/app/details/GPO-CRECB-1973-pt21,https://www.govinfo.gov/content/pkg/GPO-CRECB-1973-pt21/pdf/GPO-CRECB-1973-pt21.pdf,,,,,"AUGUST 2, 1973 (PAGES 26425 TO 27778) UNITED STATES GOVERNMENT PRINTING OFFICE, WASHINGTON,. 1973 L United States of America <iongrcssional Record PROCEEDINGS AND DEBATES OF THE 9 3 d CONGRESS, FIRST SESSION SENATE-Saturday, July 28, 1973 The Senate met at 9 a.m. and was called to order by Hon. SAM NUNN, a Sen- ator from the State of Georgia. ...",
49,GPO,GPO-CRECB-1973-pt20,,"Volume 119, Part 20 (July 20, 1973 to July 27, 1973)","119 Cong. Rec. (Bound) - Volume 119, Part 20 (July 20, 1973 to July 27, 1973)","Congressional Record (Bound Edition). Friday, July 27, 1973.",https://www.govinfo.gov/app/details/GPO-CRECB-1973-pt20,https://www.govinfo.gov/content/pkg/GPO-CRECB-1973-pt20/pdf/GPO-CRECB-1973-pt20.pdf,,,,,"27, 1973 (PAGES 25051 TO 26424) UNITED STATES GOVERNMENT PRINTING OFFICE, WASHINGTON, 1973 United States of America <Eongrrssional Record PROCEEDINGS AND DEBATES OF THE 9 3d CONGRESS, FIRST SESSION SENATE.-Friday, July 20, 1973 The Senate met at 9 a.m. and was thorized to meet during the session of called to order by Hon. RoBERT C. BYRD, the ...",
50,GPO,GPO-CRECB-1973-pt19,,"Volume 119, Part 19 (July 13, 1973 to July 19, 1973)","119 Cong. Rec. (Bound) - Volume 119, Part 19 (July 13, 1973 to July 19, 1973)","Congressional Record (Bound Edition). Thursday, July 19, 1973.",https://www.govinfo.gov/app/details/GPO-CRECB-1973-pt19,https://www.govinfo.gov/content/pkg/GPO-CRECB-1973-pt19/pdf/GPO-CRECB-1973-pt19.pdf,,,,,"19, 1973 (PAGES 23745 TO 25050) UNITED STATES GOVERNMENT PRINTING OFFICE, WASHINGTON, 1973 United States '!/America R(· ___ ._ d S .ENATE-.Fr.id.ay, JulJ113., 1.973 ·Tlm Sen:a'be ,met :att :J~ itO m.mn. mid -wa-s e.al.lllud. it'G zm'der by the Adtirlg &.esiid:ent t!Jn> tempore (MT1 'li.\'IIEll'CALF) ~ .PRAYER. De Cb..aplain., the Bewuend :Edw.ar:d...",
51,GPO,GPO-CRECB-1973-pt18,,"Volume 119, Part 18 (June 30, 1973 to July 12, 1973)","119 Cong. Rec. (Bound) - Volume 119, Part 18 (June 30, 1973 to July 12, 1973)","Congressional Record (Bound Edition). Thursday, July 12, 1973.",https://www.govinfo.gov/app/details/GPO-CRECB-1973-pt18,https://www.govinfo.gov/content/pkg/GPO-CRECB-1973-pt18/pdf/GPO-CRECB-1973-pt18.pdf,,,,,", 1973 (PAGES 22479 TO 23744) UNITED STATES GOVERNMENT PRINTING OFFICE, WASHINGTON, 1973 United States of America <tongrcssional Record PROCEEDINGS AND DEBATES OF THE 9 3d CONGRESS, FIRST SESSION SENATE-Saturday, June 30, 1973 The Senate met at 9 a.m., and was may be authorized to meet during the called to order by the Acting President session of ...",
52,GPO,GPO-CRECB-1973-pt17,,"Volume 119, Part 17 (June 25, 1973 to June 29, 1973)","119 Cong. Rec. (Bound) - Volume 119, Part 17 (June 25, 1973 to June 29, 1973)","Congressional Record (Bound Edition). Friday, June 29, 1973.",https://www.govinfo.gov/app/details/GPO-CRECB-1973-pt17,https://www.govinfo.gov/content/pkg/GPO-CRECB-1973-pt17/pdf/GPO-CRECB-1973-pt17.pdf,,,,,", 1973 (PAGES 21051 TO 22478) UNITED STATES GOVERNMENT PRINTING OFFICE, WASHINGTON, 1973 United States of America <tongrcssional Record PROCEEDINGS AND DEBATES OP THE 9 3d CONGRESS, FIRST SESSION SENATE-lJionday, June 25, 1973 The Senate met at 10 a.m. and was called to order by the Acting President pro tempore <Mr. METCALF). PRAYER The Chaplain, ...",
53,GPO,GPO-CRECB-1973-pt16,,"Volume 119, Part 16 (June 15, 1973 to June 22, 1973)","119 Cong. Rec. (Bound) - Volume 119, Part 16 (June 15, 1973 to June 22, 1973)","Congressional Record (Bound Edition). Friday, June 22, 1973.",https://www.govinfo.gov/app/details/GPO-CRECB-1973-pt16,https://www.govinfo.gov/content/pkg/GPO-CRECB-1973-pt16/pdf/GPO-CRECB-1973-pt16.pdf,,,,,", 1973 (PAGES 19757 TO 21050) UNITED STATES GOVERNMENT PRINTING OFFICE, WASHINGTON, 1973 United States of America Q:ongrrssional Rrcord PROCEEDINGS AND DEBATES OF THE 9 3d CONGRESS, FIRST SESSION SENATE-F,.iday, June 15, 1973 The Senate met at 11 a.m. and was called to order by Hon. JosEPH R. BmEN, JR., a Senator from the State of Dela- ware. ...",
54,GPO,GPO-CRECB-1973-pt15,,"Volume 119, Part 15 (June 7, 1973 to June 14, 1973)","119 Cong. Rec. (Bound) - Volume 119, Part 15 (June 7, 1973 to June 14, 1973)","Congressional Record (Bound Edition). Thursday, June 14, 1973.",https://www.govinfo.gov/app/details/GPO-CRECB-1973-pt15,https://www.govinfo.gov/content/pkg/GPO-CRECB-1973-pt15/pdf/GPO-CRECB-1973-pt15.pdf,,,,,"1973 (PAGES 18463 TO 19756) UNITED STATES GOVERNMENT PRINTING OFFICE, WASHINGTON, 1973 United States of America ngrcssional1Rcco d PROCEEDINGS AND DEBATES OF THE 9 3d CONGRESS, FIRST SESSION HOUSE OF REPRESENTATIVES--Thursday, June 7, 1973 The House met at 12 o'clock noon. Senate had passed a bill of the follow- The Chaplain. Rev. Edward G. Latch,...",
55,GPO,GPO-CRECB-1973-pt14,,"Volume 119, Part 14 (May 30, 1973 to June 6, 1973)","119 Cong. Rec. (Bound) - Volume 119, Part 14 (May 30, 1973 to June 6, 1973)","Congressional Record (Bound Edition). Wednesday, June 6, 1973.",https://www.govinfo.gov/app/details/GPO-CRECB-1973-pt14,https://www.govinfo.gov/content/pkg/GPO-CRECB-1973-pt14/pdf/GPO-CRECB-1973-pt14.pdf,,,,,"1973 (PAGES 17215 TO 18462) UNITED STATES GOVERNMENT PRINTING OFFICE, WASHINGTON, 1973 United States of America <iongrcssional1Rcrord PROCEEDINGS AND DEBATES OF THE 9 3d CONGRESS, FIRST SESSION SE~NATE-Wednesday, May 30, 1973 The Senate met at 12 o'clock noon and was called to order by the President pro tempore (Mr. EASTLAND). PRAYER The Chaplain, ...",
56,GPO,GPO-CRECB-1973-pt13,,"Volume 119, Part 13 (May 16, 1973 to May 29, 1973)","119 Cong. Rec. (Bound) - Volume 119, Part 13 (May 16, 1973 to May 29, 1973)","Congressional Record (Bound Edition). Tuesday, May 29, 1973.",https://www.govinfo.gov/app/details/GPO-CRECB-1973-pt13,https://www.govinfo.gov/content/pkg/GPO-CRECB-1973-pt13/pdf/GPO-CRECB-1973-pt13.pdf,,,,,"29, 1973 (PAGES 15853 TO 17214) UNITED STATES GOVERNMENT PRINTING OFFICE, WASHINGTON, 1973 • I l '\. ; ' ' I United States of America Q:ongrcssional1Rccord PROCEEDINGS AND DEBATES OF THE 9 3d CONGRESS, FIRST SESSION HOUSE OF REPRESENTATIVES-Wednesday, May 16,1973 The House met at 12 o'clock .noon. The Chapl~in, Rev. Edward G. Latch, D.D., offered...",
57,GPO,GPO-CRECB-1973-pt12,,"Volume 119, Part 12 (May 8, 1973 to May 15, 1973)","119 Cong. Rec. (Bound) - Volume 119, Part 12 (May 8, 1973 to May 15, 1973)","Congressional Record (Bound Edition). Tuesday, May 15, 1973.",https://www.govinfo.gov/app/details/GPO-CRECB-1973-pt12,https://www.govinfo.gov/content/pkg/GPO-CRECB-1973-pt12/pdf/GPO-CRECB-1973-pt12.pdf,,,,,"1973 (PAGES 14579 TO 15852) UNITED STATES GOVERNMENT PRINTING OFFICE, WASHINGTON, 1973 I i : I I I i r ' ' I I I i I : ; I I : I ) United States of America <rongrcssional1Rccord PROCEEDINGS AND DEBATES OP THE 9 3d CONGRESS, FIRST SESSION HOUSE OF REPRESENTATIVES-Tuesday, May 8, 1973 The House met at 12 o'clock noon. Rev. Kermit J. DeGraffenreidt, ...",
58,GPO,GPO-CRECB-1973-pt11,,"Volume 119, Part 11 (April 19, 1973 to May 7, 1973)","119 Cong. Rec. (Bound) - Volume 119, Part 11 (April 19, 1973 to May 7, 1973)","Congressional Record (Bound Edition). Monday, May 7, 1973.",https://www.govinfo.gov/app/details/GPO-CRECB-1973-pt11,https://www.govinfo.gov/content/pkg/GPO-CRECB-1973-pt11/pdf/GPO-CRECB-1973-pt11.pdf,,,,,", 1973 (PAGES 13223 TO 14578) UNITED STATES GOVERNMENT PRINTING OFFICE, WASHINGTON, 1973 United States of America <iongrcssional Record PROCEEDINGS AND DEBATES OF THE 9 3d CONGRESS, FIRST SESSION HOUSE OF REPRESENTATIVES-Thursday, April 19, 1973 The House met at 10 o'clock a.m. Father Joseph F. Thorning, pastor emeritus, St. Josephs-on-Carrollton ...",
59,GPO,GPO-CRECB-1973-pt10,,"Volume 119, Part 10 (April 12, 1973 to April 18, 1973)","119 Cong. Rec. (Bound) - Volume 119, Part 10 (April 12, 1973 to April 18, 1973)","Congressional Record (Bound Edition). Wednesday, April 18, 1973.",https://www.govinfo.gov/app/details/GPO-CRECB-1973-pt10,https://www.govinfo.gov/content/pkg/GPO-CRECB-1973-pt10/pdf/GPO-CRECB-1973-pt10.pdf,,,,,"18, 1973 (PAGES 12003 TO 13222) UNITED STATES GOVERNMENT PRINTING OFFICE, WASHINGTON, 1973 , . .... ' r United States of America Q:ongrcssional Record PROCEEDINGS AND DEBATES OF THE 9 3d CONGRESS, FIRST SESSION SENATE-Thursday, April 12, 1973 The Senate met at 9:30 a.m. and was called to order by the President pro tem- pore (Mr. EASTLAND). ...",
60,GPO,GPO-CRECB-1973-pt9,,"Volume 119, Part 9 (April 3, 1973 to April 11, 1973)","119 Cong. Rec. (Bound) - Volume 119, Part 9 (April 3, 1973 to April 11, 1973)","Congressional Record (Bound Edition). Wednesday, April 11, 1973.",https://www.govinfo.gov/app/details/GPO-CRECB-1973-pt9,https://www.govinfo.gov/content/pkg/GPO-CRECB-1973-pt9/pdf/GPO-CRECB-1973-pt9.pdf,,,,,"11, 1973 (PAGES 10643 TO 12002) UNITED STATES GOVERNMENT PRINTING OFFICE, WASHINGTON, l973 United States of America ~ongrcssional 1Rccord PROCEEDINGS AND DEBATES OF THE 9 3 d CONGRESS, FIRST SESSION HOUSE OF REPRESENTATIVES-Tuesday, April 3, 1973 The House met at 12 o'clock noon. Rev. Richard Bloodworth, Shiloh Bap- tist Church, Chipley, Fla., ...",
61,GPO,GPO-CRECB-1973-pt8,,"Volume 119, Part 8 (March 26, 1973 to April 2, 1973)","119 Cong. Rec. (Bound) - Volume 119, Part 8 (March 26, 1973 to April 2, 1973)","Congressional Record (Bound Edition). Monday, April 2, 1973.",https://www.govinfo.gov/app/details/GPO-CRECB-1973-pt8,https://www.govinfo.gov/content/pkg/GPO-CRECB-1973-pt8/pdf/GPO-CRECB-1973-pt8.pdf,,,,,"2, 1973 (PAGES 9377 TO 10642) UNITED STATES GOVERNMENT PRINTING OFFICE, WASHINGTON, 1973 United States of America Q:ongrcssional Record PROCEEDINGS AND DEBATES OF THE 9 3d CONGRESS, FIRST SESSION SE,NATE-Monday, March 26, 1973 The Senate met at 12 o'clock meridian and was called to order by Hon. JAMES ABouREZK, a Senator from the State of South ...",
62,GPO,GPO-CRECB-1973-pt7,,"Volume 119, Part 7 (March 15, 1973 to March 22, 1973)","119 Cong. Rec. (Bound) - Volume 119, Part 7 (March 15, 1973 to March 22, 1973)","Congressional Record (Bound Edition). Thursday, March 22, 1973.",https://www.govinfo.gov/app/details/GPO-CRECB-1973-pt7,https://www.govinfo.gov/content/pkg/GPO-CRECB-1973-pt7/pdf/GPO-CRECB-1973-pt7.pdf,,,,,"22, 1973 (PAGES 7955 TO 9376) UNITED STATES GOVERNMENT PRINTING OFFICE, WASHINGTON, 1973 United States of America <tongrrssional Rrcord PROCEEDINGS AND DEBATES OF THE 9 3 d CONGRESS, FIRST SESSION HOUSE OF REPRESENTATIVES-Thursday, March 15, 1973 The House met at 12 o'clock noon. Rabbi Israel Mowshowitz, Hillcrest Jewish Center. Flushing, N.Y .• ...",
63,GPO,GPO-CRECB-1973-pt6,,"Volume 119, Part 6 (March 7, 1973 to March 14, 1973)","119 Cong. Rec. (Bound) - Volume 119, Part 6 (March 7, 1973 to March 14, 1973)","Congressional Record (Bound Edition). Wednesday, March 14, 1973.",https://www.govinfo.gov/app/details/GPO-CRECB-1973-pt6,https://www.govinfo.gov/content/pkg/GPO-CRECB-1973-pt6/pdf/GPO-CRECB-1973-pt6.pdf,,,,,"14, 1973 (PAGES 6699 TO 7954) UNITED STATES GOVERNMENT PRINTING OFFICE, WASHINGTON, 1973 United States of America Q:ongrrssional Rrcord PROCEEDINGS AND DEBATES OF THE 9 3d CONGRESS, FIRST SESSION HOUSE OF REPRESENTATIVES-Wednesday, March 7, 1973 The House met at 12 o'clock noon. The Chaplain, Rev. Edward G. Latch, D.D., offered the following ...",
64,GPO,GPO-CRECB-1973-pt5,,"Volume 119, Part 5 (February 26, 1973 to March 6, 1973)","119 Cong. Rec. (Bound) - Volume 119, Part 5 (February 26, 1973 to March 6, 1973)","Congressional Record (Bound Edition). Tuesday, March 6, 1973.",https://www.govinfo.gov/app/details/GPO-CRECB-1973-pt5,https://www.govinfo.gov/content/pkg/GPO-CRECB-1973-pt5/pdf/GPO-CRECB-1973-pt5.pdf,,,,,"6, 197·3 / (PAGES 5251 TO 6698) UNITED STATES ·GOVERNMENT PRINTING OFFICE, WASHINGTON, 197 3 ) United States of America Q:ongrcssional R·ccord PROCEEDINGS AND DEBATES OF THE 9 3d CONGRESS, FIRS':(' SESSION SENATE-Monday, February 26, 1973 The Senate met at 11:30 a.m. and was called to order by Hon. DICK CLARK, a Senator from the State of Iowa. ...",
65,GPO,GPO-CRECB-1973-pt4,,"Volume 119, Part 4 (February 8, 1973 to February 22, 1973)","119 Cong. Rec. (Bound) - Volume 119, Part 4 (February 8, 1973 to February 22, 1973)","Congressional Record (Bound Edition). Thursday, February 22, 1973.",https://www.govinfo.gov/app/details/GPO-CRECB-1973-pt4,https://www.govinfo.gov/content/pkg/GPO-CRECB-1973-pt4/pdf/GPO-CRECB-1973-pt4.pdf,,,,,"TO FEBRUARY 22, 1973 (PAGES 3901 TO 5250) UNITED STATES GOVERNMENT PRINTING OFFICE, WASHINGTON, 1973 • United States of America Q:ongrcssional Record PROCEEDINGS AND DEBATES OF THE 9 3 d CONGRESS, FIRST SESSION HOUSE OF REPRESENTATIVES-Thursday, February 8, 1973 The House met at 12 o'clock noon. The Chaplain, Rev. Edward G. Latch, D.D., offered ...",
66,GPO,GPO-CRECB-1973-pt3,,"Volume 119, Part 3 (January 31, 1973 to February 7, 1973)","119 Cong. Rec. (Bound) - Volume 119, Part 3 (January 31, 1973 to February 7, 1973)","Congressional Record (Bound Edition). Wednesday, February 7, 1973.",https://www.govinfo.gov/app/details/GPO-CRECB-1973-pt3,https://www.govinfo.gov/content/pkg/GPO-CRECB-1973-pt3/pdf/GPO-CRECB-1973-pt3.pdf,,,,,"met at 12 o'clock meridian and was called to order by the President pro tempore (Mr. EASTLAND). PRAYER The Right Reverend Monsignor Pat- rick J. Ryan, major general, U.S. ArID:Y, retired, Washington, D.C., offered the following prayer: Almighty God, our Heavenly Father, we lift our hearts in prayer to renew again our loyalty to You and to our ...",
67,GPO,GPO-CRECB-1973-pt2,,"Volume 119, Part 2 (January 18, 1973 to January 30, 1973)","119 Cong. Rec. (Bound) - Volume 119, Part 2 (January 18, 1973 to January 30, 1973)","Congressional Record (Bound Edition). Tuesday, January 30, 1973.",https://www.govinfo.gov/app/details/GPO-CRECB-1973-pt2,https://www.govinfo.gov/content/pkg/GPO-CRECB-1973-pt2/pdf/GPO-CRECB-1973-pt2.pdf,,,,,"30, 1973 (PAGES 1319 TO 2610) UNITED STATES GOVERNMENT PRINTING OFFICE, WASHINGTON, 1973 United States of America Q:ongrcssional Record PROCEEDINGS AND DEBATES OP THE 9 3d CONGRESS, FIRST SESSION SENATE-Thursday, January 18, 1973 The Senate met at 12 o'clock meridian and was called to order by the President pro tempore <Mr. EASTLAND) . PRAYER ...",
68,GPO,GPO-CRECB-1973-pt1,,"Volume 119, Part 1 (January 3, 1973 to January 16, 1973)","119 Cong. Rec. (Bound) - Volume 119, Part 1 (January 3, 1973 to January 16, 1973)","Congressional Record (Bound Edition). Tuesday, January 16, 1973.",https://www.govinfo.gov/app/details/GPO-CRECB-1973-pt1,https://www.govinfo.gov/content/pkg/GPO-CRECB-1973-pt1/pdf/GPO-CRECB-1973-pt1.pdf,,,,,"16, 1973 (PAGES 3 TO 1318) UNITED STATES GOVERNMENT PRINTING OFFICE, WASHINGTON, 1973 United States of America <iongrcssiOnal Record PROCEEDINGS AND DEBATES OF THE 9 3 d CONGRESS, FIRST SESSION SENATE-Wednesday, January 3, 1973 The third of January being the day prescribed by the Constitution of the United States for the annual meeting of ...",