index,collectionCode,packageId,granuleId,title,line1,line2,detailsLink,pdfLink,htmlLink,xmlLink,otherLink1,otherLink2,teaser,historical
1,GPO,GPO-CRECB-1978-pt28,,"Volume 124, Part 28 (October 14, 1978 to October 14, 1978)","124 Cong. Rec. (Bound) - Volume 124, Part 28 (October 14, 1978 to October 14, 1978)","Congressional Record (Bound Edition). Saturday, October 14, 1978.",https://www.govinfo.gov/app/details/GPO-CRECB-1978-pt28,https://www.govinfo.gov/content/pkg/GPO-CRECB-1978-pt28/pdf/GPO-CRECB-1978-pt28.pdf,,,,,"37379 TO 38924) UNITED STATES GOVERNMENT PRINTING OFFICE. WASHINGTON, 1978 • United States of America Q:ongrcssional Record PROCEEDINGS AND DEBATES OF THE 9 5th CONGRESS, SECOND SESSION SENATE-Saturday, October 14, 1978 <Legislative day of Wednesday, October 11, 1978) The Senate met in executive session at 9 a.m., on the expiration of the recess,...",
2,GPO,GPO-CRECB-1978-pt29,,"Volume 124, Part 29 (January 19, 1978 to October 14, 1978)","124 Cong. Rec. (Bound) - Volume 124, Part 29 (January 19, 1978 to October 14, 1978)","Congressional Record (Bound Edition). Saturday, October 14, 1978.",https://www.govinfo.gov/app/details/GPO-CRECB-1978-pt29,https://www.govinfo.gov/content/pkg/GPO-CRECB-1978-pt29/pdf/GPO-CRECB-1978-pt29.pdf,,,,,"TO OCTOBER 15, 1978 UNITED STATES GOVERNMENT PRINTING OFFICE, WASHINGTON, 1978 COMPILED UNDER THE DIRECTION OF THE JOINT COMMITTEE ON PRINTING CLAIBORNE PELL, Senator from Rhode Island, Chairman FRANK THOMPSON, JR., Representative from New Jersey, Vice Chairman HOWARD W. CANNON, Senator from Nevada MARK 0. HATFIELD, Senator from Oregon AUGUSTUS F....",
3,GPO,GPO-CRECB-1978-pt30,,"Volume 124, Part 30 (January 19, 1978 to October 14, 1978)","124 Cong. Rec. (Bound) - Volume 124, Part 30 (January 19, 1978 to October 14, 1978)","Congressional Record (Bound Edition). Saturday, October 14, 1978.",https://www.govinfo.gov/app/details/GPO-CRECB-1978-pt30,https://www.govinfo.gov/content/pkg/GPO-CRECB-1978-pt30/pdf/GPO-CRECB-1978-pt30.pdf,,,,,"OFFICE, WASHINGTON, 1978 i ./ / / . Daily Digest Thursday, January 19, 1978 Senate Chamber Action Routine Proceedings, pages 1-107 Bills Introduced: Eight bills and eight resolutions were introduced, as follows: S. 2388-2395; and S. Res. 346- 353· Pages 2-5, 19-20, 28, 41-42 Resolutions Agreed To: Senate agreed to the following resolutions: ...",
4,GPO,GPO-CRECB-1978-pt27,,"Volume 124, Part 27 (October 12, 1978 to October 13, 1978)","124 Cong. Rec. (Bound) - Volume 124, Part 27 (October 12, 1978 to October 13, 1978)","Congressional Record (Bound Edition). Friday, October 13, 1978.",https://www.govinfo.gov/app/details/GPO-CRECB-1978-pt27,https://www.govinfo.gov/content/pkg/GPO-CRECB-1978-pt27/pdf/GPO-CRECB-1978-pt27.pdf,,,,,"13, 1978 (PAGES 35961 TO 37378) UNITED STATES GOVERNMENT PRINTING OFFICE, WASHINGTON, 1978 United States tJj America ~ongrcssion~l Record PROCEEDINGS AND DEBATES OF THE 9 5 t CONGRESS, SECOND SESSION SENATE-Thursday, October 12, 1978 <Legislative day of Wednesday, October 11, 1978) The Senate met at 9 a.m., on the ex- piration of the recess, ...",
5,GPO,GPO-CRECB-1978-pt26,,"Volume 124, Part 26 (October 7, 1978 to October 11, 1978)","124 Cong. Rec. (Bound) - Volume 124, Part 26 (October 7, 1978 to October 11, 1978)","Congressional Record (Bound Edition). Wednesday, October 11, 1978.",https://www.govinfo.gov/app/details/GPO-CRECB-1978-pt26,https://www.govinfo.gov/content/pkg/GPO-CRECB-1978-pt26/pdf/GPO-CRECB-1978-pt26.pdf,,,,,"OCTOBER 11, 1978 (PAGES 34487 TO 35960) UNITED STATES GOVERNMENT PRINTING OFFICE, WASHINGTON, 1978 ,: ! United States of America (tongrcssional Record PROCEEDINGS AND DEBATES OF THE 9 5th CONGRESS, SECOND SESSION SENATE-Saturday, October 7, 1978 <Legislative day of Thursday, September 28, 1978) The Senate met at 8: 30 a.m., on the expiration of the...",
6,GPO,GPO-CRECB-1978-pt25,,"Volume 124, Part 25 (October 3, 1978 to October 6, 1978)","124 Cong. Rec. (Bound) - Volume 124, Part 25 (October 3, 1978 to October 6, 1978)","Congressional Record (Bound Edition). Friday, October 6, 1978.",https://www.govinfo.gov/app/details/GPO-CRECB-1978-pt25,https://www.govinfo.gov/content/pkg/GPO-CRECB-1978-pt25/pdf/GPO-CRECB-1978-pt25.pdf,,,,,"6, 1978 (PAGES 33129 TO 34486) UNITED STATES GOVERNMENT PRINTING OFFICE, WASHINGTON, 1978 •. ord United States of America (tongrcssio PROCEEDINGS AND DEBATES OF THE 95th CONGRESS, SECOND SESSION SENATE-Tuesday, October 3, 1978 <Legislative day of Thursday, September 28, 1978) The Senate met at 9:30 a.m. , on the expiration of the recess, and ...",
7,GPO,GPO-CRECB-1978-pt24,,"Volume 124, Part 24 (September 27, 1978 to October 2, 1978)","124 Cong. Rec. (Bound) - Volume 124, Part 24 (September 27, 1978 to October 2, 1978)","Congressional Record (Bound Edition). Monday, October 2, 1978.",https://www.govinfo.gov/app/details/GPO-CRECB-1978-pt24,https://www.govinfo.gov/content/pkg/GPO-CRECB-1978-pt24/pdf/GPO-CRECB-1978-pt24.pdf,,,,,"TO OCTOBER 2, 1978 (PAGES 31795 TO 33128) UNITED STATES GOVERNMENT PRINTING OFFICE, WASHINGTON, 1978 United States of America <rongrrssional Rrcord 5 th . PROCEEDINGS AND DEBATES OF THE 9 CONGRESS, SECOND SESSION SENATE-Wednesday, September 27, 1978 <Legislative day of Tuesday, September 26, 1978> The Senate met at 9 a.m., on the ex- piration of ...",
8,GPO,GPO-CRECB-1978-pt23,,"Volume 124, Part 23 (September 21, 1978 to September 26, 1978)","124 Cong. Rec. (Bound) - Volume 124, Part 23 (September 21, 1978 to September 26, 1978)","Congressional Record (Bound Edition). Tuesday, September 26, 1978.",https://www.govinfo.gov/app/details/GPO-CRECB-1978-pt23,https://www.govinfo.gov/content/pkg/GPO-CRECB-1978-pt23/pdf/GPO-CRECB-1978-pt23.pdf,,,,,"TO SEPTEMBER 26, 1978 (PAGES 30559 TO 31794) UNITED STATES GOVERNMENT PRINTING OFFICE. WASHINGTON, 1978 United States of America <iongrcssion~I Record PROCEEDINGS AND DEBATES OF THE 9 5 t CONGRESS, SECOND SESSION SENATE-Thursday, September 21, 1978 <Legislative day of Wednesday, August 16, 1978) The Senate met at 9 a.m., on the ex- piration of the ...",
9,GPO,GPO-CRECB-1978-pt22,,"Volume 124, Part 22 (September 13, 1978 to September 20, 1978)","124 Cong. Rec. (Bound) - Volume 124, Part 22 (September 13, 1978 to September 20, 1978)","Congressional Record (Bound Edition). Wednesday, September 20, 1978.",https://www.govinfo.gov/app/details/GPO-CRECB-1978-pt22,https://www.govinfo.gov/content/pkg/GPO-CRECB-1978-pt22/pdf/GPO-CRECB-1978-pt22.pdf,,,,,"SEPTEMBER 20, 1978 (PAGES 29091 TO 30558) UNITED STATES GOVERNMENT PRINTING OFFICE. WASHINGTON, 1978 United States of America <tongrcssional Record PROCEEDINGS AND DEBATES OF THE 9 5th CONGRESS, SECOND SESSION SENATE-Wednesday, September 13, 1978 <Legislative day of Wednesday, August 16, 1978) The Senate met at 10 a.m., on the expiration of the ...",
10,GPO,GPO-CRECB-1978-pt21,,"Volume 124, Part 21 (August 25, 1978 to September 12, 1978)","124 Cong. Rec. (Bound) - Volume 124, Part 21 (August 25, 1978 to September 12, 1978)","Congressional Record (Bound Edition). Tuesday, September 12, 1978.",https://www.govinfo.gov/app/details/GPO-CRECB-1978-pt21,https://www.govinfo.gov/content/pkg/GPO-CRECB-1978-pt21/pdf/GPO-CRECB-1978-pt21.pdf,,,,,"SEPTEMBER 12, 1978 (PAGES 27753 TO 29090) UNITED STATES GOVERNMENT PRINTING OFFICE. WASHINGTON, 1978 United States oj America Q:ongrrssion~I Record PROCEEDINGS AND DEBATES OF THE 9 5 CONGRESS, SECOND SESSION SENATE-Friday, August 25, 1978 <Legislative day of Wednesday, August 16, 1978) The Senate met at 8: 15 a.m., on the expiration of the recess,...",
11,GPO,GPO-CRECB-1978-pt20,,"Volume 124, Part 20 (August 16, 1978 to August 24, 1978)","124 Cong. Rec. (Bound) - Volume 124, Part 20 (August 16, 1978 to August 24, 1978)","Congressional Record (Bound Edition). Thursday, August 24, 1978.",https://www.govinfo.gov/app/details/GPO-CRECB-1978-pt20,https://www.govinfo.gov/content/pkg/GPO-CRECB-1978-pt20/pdf/GPO-CRECB-1978-pt20.pdf,,,,,"AUGUST 24, 1978 (PAGES 26331 TO 27752) UNITED STATES GOVERNMENT PRINTING OFFICE, WASHINGTON, 1978 United States of America ~ongrcssional Record PROCEEDINGS AND DEBATES OF THE 9 5th CONGRESS, SECOND SESSION SENATE-Wednesday, August 16, 1978 The Senate met at 9: 30 a.m., on the expiration of the recess, and was called to order by Hon. HARRY F. BYRD, ...",
12,GPO,GPO-CRECB-1978-pt19,,"Volume 124, Part 19 (August 9, 1978 to August 15, 1978)","124 Cong. Rec. (Bound) - Volume 124, Part 19 (August 9, 1978 to August 15, 1978)","Congressional Record (Bound Edition). Tuesday, August 15, 1978.",https://www.govinfo.gov/app/details/GPO-CRECB-1978-pt19,https://www.govinfo.gov/content/pkg/GPO-CRECB-1978-pt19/pdf/GPO-CRECB-1978-pt19.pdf,,,,,"15, 1978 (PAGES 25043 TO 26330) UNITED STATES GOVERNMENT PRINTING OFFICE, WASHINGTON, 1978 United States qf America <rongrcssional Record PROCEEDINGS AND DEBATES OP THE 95th CONGRESS, SECOND SESSION SENATE- Wednesday, August 9, 1978 The Senate met at 9:30 a.m., on the expiration of the recess, and was called to order by Hon. DENNIS DECONCINI, a ...",
13,GPO,GPO-CRECB-1978-pt18,,"Volume 124, Part 18 (August 1, 1978 to August 8, 1978)","124 Cong. Rec. (Bound) - Volume 124, Part 18 (August 1, 1978 to August 8, 1978)","Congressional Record (Bound Edition). Tuesday, August 8, 1978.",https://www.govinfo.gov/app/details/GPO-CRECB-1978-pt18,https://www.govinfo.gov/content/pkg/GPO-CRECB-1978-pt18/pdf/GPO-CRECB-1978-pt18.pdf,,,,,"23563 TO 25042) UNITED STATES GOVERNMENT PRINTING OFFICE. WASHINGTON, 1978 United States of America <!ongrcssional Record PROCEEDINGS AND DEBATES OF THE 95th CONGRESS, SECOND SESSION SENATE-Tuesday, August 1, 1978 The Senate met at 10 a.m., on the ·expiration of the recess, and was called to order by Hon. EDWARD ZORINSKY, a Senator from the State ...",
14,GPO,GPO-CRECB-1978-pt17,,"Volume 124, Part 17 (July 21, 1978 to July 31, 1978)","124 Cong. Rec. (Bound) - Volume 124, Part 17 (July 21, 1978 to July 31, 1978)","Congressional Record (Bound Edition). Monday, July 31, 1978.",https://www.govinfo.gov/app/details/GPO-CRECB-1978-pt17,https://www.govinfo.gov/content/pkg/GPO-CRECB-1978-pt17/pdf/GPO-CRECB-1978-pt17.pdf,,,,,"31, 1978 (PAGES 22091 TO 23562) UNITED STATES GOVERNMENT PRINTING OFFICE, WASHINGTON, 1978 United States of America <tongrcssional Record PROCEEDINGS AND DEBATES OF THE 9 5th CONGRESS, SECOND SESSION SENATE-Wednesday, July 21, 1978 The Senate met at 10 a.m., on the ex- piration of the recess, and was called to order by Hon. KANEASTER HODGES, JR., ...",
15,GPO,GPO-CRECB-1978-pt16,,"Volume 124, Part 16 (July 13, 1978 to July 20, 1978)","124 Cong. Rec. (Bound) - Volume 124, Part 16 (July 13, 1978 to July 20, 1978)","Congressional Record (Bound Edition). Thursday, July 20, 1978.",https://www.govinfo.gov/app/details/GPO-CRECB-1978-pt16,https://www.govinfo.gov/content/pkg/GPO-CRECB-1978-pt16/pdf/GPO-CRECB-1978-pt16.pdf,,,,,"20, 1978 (PAGES 20605 TO 22090) UNITED STATES GOVERNMENT PRINTING OFFICE, WASHINGTON, 1978 United States of America (tongrcssional Record 5th PROCEEDINGS AND DEBATES OF THE 9 CONGRESS, SECOND SESSION HOUSE OF REPRESENTATIVES-Thursday, July 13, 1978 The House met at 10 o'clock a.m. The Chaplain, Rev. Edward G. Latch, D.D., oft'ered the following ...",
16,GPO,GPO-CRECB-1978-pt15,,"Volume 124, Part 15 (June 27, 1978 to July 12, 1978)","124 Cong. Rec. (Bound) - Volume 124, Part 15 (June 27, 1978 to July 12, 1978)","Congressional Record (Bound Edition). Wednesday, July 12, 1978.",https://www.govinfo.gov/app/details/GPO-CRECB-1978-pt15,https://www.govinfo.gov/content/pkg/GPO-CRECB-1978-pt15/pdf/GPO-CRECB-1978-pt15.pdf,,,,,"12, 1978 (PAGES 19073 TO 20604) UNITED STATES GOVERNMENT PRINTING OFFICE, WASHINGTON, 1978 United States oj America <rongrcssional Record PROCEEDINGS AND DEBATES OF THE 9 5th CONGRESS, SECOND SESSION SENATE-Tuesday, June 27, 1978 (Legislative day of Wednesday, May 17, 1978) The Senate met at 9: 30 a.m., on the expiration of the recess, and was ...",
17,GPO,GPO-CRECB-1978-pt14,,"Volume 124, Part 14 (June 15, 1978 to June 26, 1978)","124 Cong. Rec. (Bound) - Volume 124, Part 14 (June 15, 1978 to June 26, 1978)","Congressional Record (Bound Edition). Monday, June 26, 1978.",https://www.govinfo.gov/app/details/GPO-CRECB-1978-pt14,https://www.govinfo.gov/content/pkg/GPO-CRECB-1978-pt14/pdf/GPO-CRECB-1978-pt14.pdf,,,,,"26, 1978 (PAGES 17731 TO 19072) UNITED STATES GOVERNMENT PRINTING OFFICE, WASHINGTON, 1978 United States of America <Longrcssional Record 5th PROCEEDINGS AND DEBATES OF THE 9 CONGRESS, SECOND SESSION SENATE-Thursday, June 15, 1978 <Legislative d.ay of Wednesday, May 17, 1978) The Senate met at 10 a.m., on the ex- piration of the recess, and was ...",
18,GPO,GPO-CRECB-1978-pt13,,"Volume 124, Part 13 (June 7, 1978 to June 14, 1978)","124 Cong. Rec. (Bound) - Volume 124, Part 13 (June 7, 1978 to June 14, 1978)","Congressional Record (Bound Edition). Wednesday, June 14, 1978.",https://www.govinfo.gov/app/details/GPO-CRECB-1978-pt13,https://www.govinfo.gov/content/pkg/GPO-CRECB-1978-pt13/pdf/GPO-CRECB-1978-pt13.pdf,,,,,", 1978 (PAGES 16441 TO 17730) UNITED STATES GOVERNMENT PRINTING OFFICE. WASHINGTON, 1978 United States of America (tongrcssional Record PROCEEDINGS AND DEBATES OF THE 95th CONGRESS, SECOND SESSION SEN.ATE-Wednesday, June 7, 1978 <Legislative day ot Wednesday, May 17, 1978> The Senate met at 11 a.m., on the expiration of the recess, and was called ...",
19,GPO,GPO-CRECB-1978-pt12,,"Volume 124, Part 12 (May 24, 1978 to June 6, 1978)","124 Cong. Rec. (Bound) - Volume 124, Part 12 (May 24, 1978 to June 6, 1978)","Congressional Record (Bound Edition). Tuesday, June 6, 1978.",https://www.govinfo.gov/app/details/GPO-CRECB-1978-pt12,https://www.govinfo.gov/content/pkg/GPO-CRECB-1978-pt12/pdf/GPO-CRECB-1978-pt12.pdf,,,,,", 1978 (PAGES 15173 TO 16440) UNITED STATES GOVERNMENT PRINTING OFFICE. WASHINGTON, 1978 ' \ ' United States of America Q:ongrcssional Record 5th PROCEEDINGS AND DEBATES OF THE 9 CONGRESS, SECOND SESSION SENATE-Wednesday, May 24, 1978 <Legislative day ot Wednesday, May 17, ;1.978) The Senate met at 9 a.m., on the ex- piration of the recess, and was...",
20,GPO,GPO-CRECB-1978-pt11,,"Volume 124, Part 11 (May 16, 1978 to May 23, 1978)","124 Cong. Rec. (Bound) - Volume 124, Part 11 (May 16, 1978 to May 23, 1978)","Congressional Record (Bound Edition). Tuesday, May 23, 1978.",https://www.govinfo.gov/app/details/GPO-CRECB-1978-pt11,https://www.govinfo.gov/content/pkg/GPO-CRECB-1978-pt11/pdf/GPO-CRECB-1978-pt11.pdf,,,,,", 1978 (PAGES 13,801 TO 15,172) UNITED STATES GOVERNMENT PRINTING OFFICE, WASHINGTON, 1978 United States of America <tongrcssional Record PROCEEDINGS AND DEBATES OF THE 95th CONGRESS, SECOND SESSION SENATE-Tuesday, May 16_. 1978 The Senate met at 11:30 a.m., on the expiration of the recess, and was called to order by Hon. MURIEL HUMPHREY, a Senator...",
21,GPO,GPO-CRECB-1978-pt10,,"Volume 124, Part 10 (May 3, 1978 to May 15, 1978)","124 Cong. Rec. (Bound) - Volume 124, Part 10 (May 3, 1978 to May 15, 1978)","Congressional Record (Bound Edition). Monday, May 15, 1978.",https://www.govinfo.gov/app/details/GPO-CRECB-1978-pt10,https://www.govinfo.gov/content/pkg/GPO-CRECB-1978-pt10/pdf/GPO-CRECB-1978-pt10.pdf,,,,,", 1978 (PAGES 12309 TO 13800) UNITED STATES GOVERNMENT PRINTING OFFICE, WASHINGTON, 1978 ~- UnitedSmtes <iongrrssion~l R~~~ of America PROCEEDINGS AND DEBATES OF THE 9 5 t CONGRESS, ~ ~ SSION ~~~~~~~~~~-<¥ en' _;,,_9v SENATE-Wednesday, May 3, 1978 -·· (Legislative day of Monday, April 24, 1978) The Senate met at 9:30 a.m., on the expiration of the...",
22,GPO,GPO-CRECB-1978-pt9,,"Volume 124, Part 9 (April 20, 1978 to May 2, 1978)","124 Cong. Rec. (Bound) - Volume 124, Part 9 (April 20, 1978 to May 2, 1978)","Congressional Record (Bound Edition). Tuesday, May 2, 1978.",https://www.govinfo.gov/app/details/GPO-CRECB-1978-pt9,https://www.govinfo.gov/content/pkg/GPO-CRECB-1978-pt9/pdf/GPO-CRECB-1978-pt9.pdf,,,,,"2, 1-978 (PAGES 10883 TO 12308) UNITED ST ATES GOVERNMENT PRINTING OFFICE, WASHINGTON, 1978 • • United States of America Q:ongrcssion~I Record PROCEEDINGS AND DEBATES OF THE 95t CONGRESS, SECOND SESSION SENATE-Thursday, April 20, 1978 <Legislative day of Monday, February 6, 1978) The Senate met at 11 a.m., on the ex- piration of the recess, and ...",
23,GPO,GPO-CRECB-1978-pt8,,"Volume 124, Part 8 (April 11, 1978 to April 19, 1978)","124 Cong. Rec. (Bound) - Volume 124, Part 8 (April 11, 1978 to April 19, 1978)","Congressional Record (Bound Edition). Wednesday, April 19, 1978.",https://www.govinfo.gov/app/details/GPO-CRECB-1978-pt8,https://www.govinfo.gov/content/pkg/GPO-CRECB-1978-pt8/pdf/GPO-CRECB-1978-pt8.pdf,,,,,"TO 10882) UNITED STATES GOVERNMENT PRINTING OFFICE, WASHINGTON, 1978 United States of America <iongrrssional Record PROCEEDINGS AND DEBATES OF THE 9 5 tk CONGRESS, SECOND SESSION SENATE-Tuesday, April 11, 1978 <Legislative day of Monday, February 6, 1978) The Senate met at 11 :30 a.m., on the expiration of the recess, in executive session, and ...",
24,GPO,GPO-CRECB-1978-pt7,,"Volume 124, Part 7 (March 23, 1978 to April 10, 1978)","124 Cong. Rec. (Bound) - Volume 124, Part 7 (March 23, 1978 to April 10, 1978)","Congressional Record (Bound Edition). Monday, April 10, 1978.",https://www.govinfo.gov/app/details/GPO-CRECB-1978-pt7,https://www.govinfo.gov/content/pkg/GPO-CRECB-1978-pt7/pdf/GPO-CRECB-1978-pt7.pdf,,,,,"10, 1978 (PAGES 8209 TO 9528) UNITED STATES GOVERNMENT PRINTING OFFICE, WASHINGTON, 1978 United States of America <tongrcssion~l .Rccord PROCEEDINGS AND DEBATES OF THE 9 5 CONGRESS, SECOND SESSION SENATE-Thursday, March 23, 1978 <Legislative day of Monday, February 6,1978> The Senate met at 9:30 a.m., on the expiration of the recess, in ...",
25,GPO,GPO-CRECB-1978-pt6,,"Volume 124, Part 6 (March 14, 1978 to March 22, 1978)","124 Cong. Rec. (Bound) - Volume 124, Part 6 (March 14, 1978 to March 22, 1978)","Congressional Record (Bound Edition). Wednesday, March 22, 1978.",https://www.govinfo.gov/app/details/GPO-CRECB-1978-pt6,https://www.govinfo.gov/content/pkg/GPO-CRECB-1978-pt6/pdf/GPO-CRECB-1978-pt6.pdf,,,,,"22, 1978 (PAGES 6725 TO 8208) UNITED STATES GOVERNMENT PRINTI N G OFFICE, WASHINGTON, 1978 United States of America <iongrrssional Rrcord 5th PROCEEDINGS AND DEBATES OF THE 9 CONGRESS, SECOND SESSION SEN!ATE-Tuesday, March 14, 1978 <Legislative day of Monday, February o, 1978) The Senate met at 8:30 a.m., on the ex- piration of the recess, in ...",
26,GPO,GPO-CRECB-1978-pt5,,"Volume 124, Part 5 (March 3, 1978 to March 13, 1978)","124 Cong. Rec. (Bound) - Volume 124, Part 5 (March 3, 1978 to March 13, 1978)","Congressional Record (Bound Edition). Monday, March 13, 1978.",https://www.govinfo.gov/app/details/GPO-CRECB-1978-pt5,https://www.govinfo.gov/content/pkg/GPO-CRECB-1978-pt5/pdf/GPO-CRECB-1978-pt5.pdf,,,,,"sub- ject to the nominee's commitment to respond to requests to appear and testify before any duly constituted committee of the Senate. NOMINATIONS Executive nominations received by the Senate March 3, 1978: DEPARTMENT OF STATE Alfred L. Atherton, Jr., of Florida, a For- eign Service officer of the class of Career Minister, to be Ambassador ...",
27,GPO,GPO-CRECB-1978-pt4,,"Volume 124, Part 4 (February 22, 1978 to March 2, 1978)","124 Cong. Rec. (Bound) - Volume 124, Part 4 (February 22, 1978 to March 2, 1978)","Congressional Record (Bound Edition). Thursday, March 2, 1978.",https://www.govinfo.gov/app/details/GPO-CRECB-1978-pt4,https://www.govinfo.gov/content/pkg/GPO-CRECB-1978-pt4/pdf/GPO-CRECB-1978-pt4.pdf,,,,,"MARCH 2, 1978 (PAGES 4051 TO 5444) UNITED STATES GOVERNMENT PRINTING OFFICE, WASHINGTON, 1978 United States of America <rongrcssionat Record PROCEEDINGS AND DEBATES OF THE 95th CONGRESS, SECOND SESSION HOUSE OF REPRESENTATIVES-We7lnesday, February 22, 1978 NOTICE Effective Wednesday, March 1, 1978, the Laws and Rules for Publi- cation of the ...",
28,GPO,GPO-CRECB-1978-pt3,,"Volume 124, Part 3 (February 8, 1978 to February 21, 1978)","124 Cong. Rec. (Bound) - Volume 124, Part 3 (February 8, 1978 to February 21, 1978)","Congressional Record (Bound Edition). Tuesday, February 21, 1978.",https://www.govinfo.gov/app/details/GPO-CRECB-1978-pt3,https://www.govinfo.gov/content/pkg/GPO-CRECB-1978-pt3/pdf/GPO-CRECB-1978-pt3.pdf,,,,,"FEBRUARY 21, 1978 (PAGES 2663 TO 4050) UNITED STATES GOVERNMENT PRINTING OFFICE, WASHINGTON, 1978 ' United States of America <iongressional Record PROCEEDINGS AND DEBATES OF THE 9 5th CONGRESS, SECOND SESSION SENATE-Wednesday, February 8, 1978 The Senate met at 9: 30 a.m., on the expiration of the recess, and was called to order by Hon. WILLIAM ...",
29,GPO,GPO-CRECB-1978-pt2,,"Volume 124, Part 2 (January 30, 1978 to February 7, 1978)","124 Cong. Rec. (Bound) - Volume 124, Part 2 (January 30, 1978 to February 7, 1978)","Congressional Record (Bound Edition). Tuesday, February 7, 1978.",https://www.govinfo.gov/app/details/GPO-CRECB-1978-pt2,https://www.govinfo.gov/content/pkg/GPO-CRECB-1978-pt2/pdf/GPO-CRECB-1978-pt2.pdf,,,,,"FEBRUARY 7, 1978 (PAGES 1275 TO 2662) UNITED STATES GOVERNMENT PRINTING OFFICE, WASHINGTON, 1978 United States of America <rongr(ssional llt(cord PROCEEDINGS AND DEBATES OF THE 9 5th CONGRESS, SECOND SESSION HOUSE OF REPRESENTATIVES-Monday, January 30, 1978 The House met at 12 o'clock noon. The Chaplain, Rev. Edward G. Latch, D.D., offered the ...",
30,GPO,GPO-CRECB-1978-pt1,,"Volume 124, Part 1 (January 19, 1978 to January 27, 1978)","124 Cong. Rec. (Bound) - Volume 124, Part 1 (January 19, 1978 to January 27, 1978)","Congressional Record (Bound Edition). Friday, January 27, 1978.",https://www.govinfo.gov/app/details/GPO-CRECB-1978-pt1,https://www.govinfo.gov/content/pkg/GPO-CRECB-1978-pt1/pdf/GPO-CRECB-1978-pt1.pdf,,,,,"27, 1978 (PAGES 1 TO 1274) UNITED STATES GOVERNMEN.T PRINTING OFFICE, WASHINGTON, 1978 ; I ~ I I J United States of America <ro·ngrcssional Record PROCEEDINGS AND DEBATES OF THE 95th CONGRESS, SECOND SESSION SENATE-Thursday, January 19, 1978 The 19th day of January being the day prescribed by House Joint Resolution 674 for the meeting of the ...",
31,GPO,GPO-CRECB-1977-pt31,,"Volume 123, Part 31 (January 4, 1977 to December 15, 1977)","123 Cong. Rec. (Bound) - Volume 123, Part 31 (January 4, 1977 to December 15, 1977)","Congressional Record (Bound Edition). Thursday, December 15, 1977.",https://www.govinfo.gov/app/details/GPO-CRECB-1977-pt31,https://www.govinfo.gov/content/pkg/GPO-CRECB-1977-pt31/pdf/GPO-CRECB-1977-pt31.pdf,,,,,", TO DECEMBER 15, 1977 UNITED STATES GOVERNMENT PRINTING OFFICE, WASHINGTON, 1977 COMPILED UNDER THE DIRECTION OF THE JOINT COMMITTEE ON PRINTING HOWARD W. CANNON, Senator from Nevada, Chairman FRANK THOMPSON, JR., Representative from Nevada, Chairman JAMES B. ALLEN, Senator from Alabama MARK O. HATFIELD, Senator from Oregon AuGusros F. HAWKINS, ...",
32,GPO,GPO-CRECB-1977-pt30,,"Volume 123, Part 30 (December 6, 1977 to December 15, 1977)","123 Cong. Rec. (Bound) - Volume 123, Part 30 (December 6, 1977 to December 15, 1977)","Congressional Record (Bound Edition). Thursday, December 15, 1977.",https://www.govinfo.gov/app/details/GPO-CRECB-1977-pt30,https://www.govinfo.gov/content/pkg/GPO-CRECB-1977-pt30/pdf/GPO-CRECB-1977-pt30.pdf,,,,,"15, 1977 (PAGES 38379 TO 39760) UNITED STATES GOVERNMENT PRINTING OFFICE, WASHINGTON, 1977 United States of America Q:ongrcssional Record PROCEEDINGS AND DEBATES OF THE 95th CONGRESS, FIRST SESSION HOUSE OF REPRESENTATIVES-Tuesday, December 6, 1977 The House met at 12 o'clock noon. The Chaplain, Rev. Edward G . Latch, D.D., offered the ...",
33,GPO,GPO-CRECB-1977-pt32,,"Volume 123, Part 32 (January 4, 1977 to December 15, 1977)","123 Cong. Rec. (Bound) - Volume 123, Part 32 (January 4, 1977 to December 15, 1977)","Congressional Record (Bound Edition). Thursday, December 15, 1977.",https://www.govinfo.gov/app/details/GPO-CRECB-1977-pt32,https://www.govinfo.gov/content/pkg/GPO-CRECB-1977-pt32/pdf/GPO-CRECB-1977-pt32.pdf,,,,,"OFFICE, WASHINGTON, 1977 Daily Digest Tuesday, January 4, 1977 Senate Chamber Action Routine Proceedings, pages 3-49 Seventeen resolutions were submitted, as follows: S. Con. Res. l; and S. Res. l-16. Pages 8-15, 20-22, 42, 43 Swearing in of Newly Elected Senators: Vice Presi- dent administered the Oath of Office to the following 34 Senators: ...",
34,GPO,GPO-CRECB-1977-pt29,,"Volume 123, Part 29 (November 4, 1977 to December 5, 1977)","123 Cong. Rec. (Bound) - Volume 123, Part 29 (November 4, 1977 to December 5, 1977)","Congressional Record (Bound Edition). Monday, December 5, 1977.",https://www.govinfo.gov/app/details/GPO-CRECB-1977-pt29,https://www.govinfo.gov/content/pkg/GPO-CRECB-1977-pt29/pdf/GPO-CRECB-1977-pt29.pdf,,,,,"5, 1977 (PAGES 37061 TO 38378) UNITED STATES GOVERNMENT PRINTING OFFICE, WASHINGTON, 1977 United States of America (Eongrrssional Record PROCEEDINGS AND DEBATES OF THE 9 5th CONGRESS, FIRST SESSION HOUSE OF REPRESENTATIVES-Friday, November 4, 1977 The House met at 10 o'clock a.m. The Chaplain, Rev. Edward G. Latch, D.D., offered the ...",
35,GPO,GPO-CRECB-1977-pt28,,"Volume 123, Part 28 (October 28, 1977 to November 3, 1977)","123 Cong. Rec. (Bound) - Volume 123, Part 28 (October 28, 1977 to November 3, 1977)","Congressional Record (Bound Edition). Thursday, November 3, 1977.",https://www.govinfo.gov/app/details/GPO-CRECB-1977-pt28,https://www.govinfo.gov/content/pkg/GPO-CRECB-1977-pt28/pdf/GPO-CRECB-1977-pt28.pdf,,,,,"3, 1977 (PAGES 35641 TO 37060) UNITED STATES GOVERNMENT PRINTING OFFICE, WASHINGTON, 1977 United States of America Q:ongrrssional Record PROCEEDINGS AND DEBATES OF THE 95th CONGRESS, FIRST SESSION HOUSE OF REPRESENTATIVES-Friday, October. 28, 1977 The House met at 10 o'clock a.m. The Chaplain, Rev. Edward G . Latch, D.D., offered the ...",
36,GPO,GPO-CRECB-1977-pt27,,"Volume 123, Part 27 (October 19, 1977 to October 27, 1977)","123 Cong. Rec. (Bound) - Volume 123, Part 27 (October 19, 1977 to October 27, 1977)","Congressional Record (Bound Edition). Thursday, October 27, 1977.",https://www.govinfo.gov/app/details/GPO-CRECB-1977-pt27,https://www.govinfo.gov/content/pkg/GPO-CRECB-1977-pt27/pdf/GPO-CRECB-1977-pt27.pdf,,,,,"OCTOBER 27, 1977 (PAGES 34175 TO 35640) UNITED STATES GOVERNMENT PRINTING OFFICE, WASHINGTON, 1977 United States of America <iongrcssional Record PROCEEDINGS AND DEBATES OF THE 9 5th CONGRESS, FIRST SESSION HOUSE OF REPRESENTATIVES-Wednesday, October 19, 1977 The House met at 10 o'clock a.m . The Chaplain, Rev. Edward G. Latch, D.D., offered the ...",
37,GPO,GPO-CRECB-1977-pt26,,"Volume 123, Part 26 (October 7, 1977 to October 18, 1977)","123 Cong. Rec. (Bound) - Volume 123, Part 26 (October 7, 1977 to October 18, 1977)","Congressional Record (Bound Edition). Tuesday, October 18, 1977.",https://www.govinfo.gov/app/details/GPO-CRECB-1977-pt26,https://www.govinfo.gov/content/pkg/GPO-CRECB-1977-pt26/pdf/GPO-CRECB-1977-pt26.pdf,,,,,"18, 1977 (PAGES 32839 TO 34174) UNITED STATES GOVERNMENT PRINTING OFFICE, WASHINGTON, 1977 United States of America Q:ongrcssional Record PROCEEDINGS AND DEBATES OF THE 95th CONGRESS, FIRST SESSION SENATE-Friday, October 7, 1977 <Legislative day of Thursday, October 6, 1977) The Senate met at 8:30 a.m., on the expiration of the recess, and was ...",
38,GPO,GPO-CRECB-1977-pt25,,"Volume 123, Part 25 (September 29, 1977 to October 6, 1977)","123 Cong. Rec. (Bound) - Volume 123, Part 25 (September 29, 1977 to October 6, 1977)","Congressional Record (Bound Edition). Thursday, October 6, 1977.",https://www.govinfo.gov/app/details/GPO-CRECB-1977-pt25,https://www.govinfo.gov/content/pkg/GPO-CRECB-1977-pt25/pdf/GPO-CRECB-1977-pt25.pdf,,,,,"OCTOBER 6, 1977 (PAGES 31509 TO 32838) ; UNITED STATES GOVERNMENT PRINTING OFFICE, WASHINGTON, 1977 United States oj America <tongrcssional Record PROCEEDINGS AND DEBATES OF THE 95th 'CONGRESS, FIRST SESSION HOUSE OF REPRESENTATIVES-Thursday, September 29, 1977 The House met at 10 o'clock a.m. Rev. William R. Harvey, Woods Me- morial Presbyterian ...",
39,GPO,GPO-CRECB-1977-pt24,,"Volume 123, Part 24 (September 21, 1977 to September 28, 1977)","123 Cong. Rec. (Bound) - Volume 123, Part 24 (September 21, 1977 to September 28, 1977)","Congressional Record (Bound Edition). Wednesday, September 28, 1977.",https://www.govinfo.gov/app/details/GPO-CRECB-1977-pt24,https://www.govinfo.gov/content/pkg/GPO-CRECB-1977-pt24/pdf/GPO-CRECB-1977-pt24.pdf,,,,,"SEPTEMBER 28, 1977 (PAGES 30065 TO 31508) UNITED STATES GOVERNMENT PRINTING OFFICE, WASHINGTON, 1977 United States of America <iongrcssional Record PROCEEDINGS AND DEBATES OF THE 9 5th CONGRESS, FIRST SESSION HOUSE OF REPRESENTATIVES-Wednesday, September 21, 1977 The House met at 10 o'clock a.m. The Chaplain, Rev. Edward G. Latch, D.D, offered ...",
40,GPO,GPO-CRECB-1977-pt23,,"Volume 123, Part 23 (September 12, 1977 to September 20, 1977)","123 Cong. Rec. (Bound) - Volume 123, Part 23 (September 12, 1977 to September 20, 1977)","Congressional Record (Bound Edition). Tuesday, September 20, 1977.",https://www.govinfo.gov/app/details/GPO-CRECB-1977-pt23,https://www.govinfo.gov/content/pkg/GPO-CRECB-1977-pt23/pdf/GPO-CRECB-1977-pt23.pdf,,,,,"20, 1977 (PAGES 28633 TO 30064) CONGRESS UNITED STATES GOVERNMENT PRINTING OFFICE, WASHINGTON, 1977 United States of America <rongrcssional Record PROCEEDINGS AND DEBATES OF THE 95th CONGRESS, FIRST SESSION SENATE-Monday, September 12, 1977 The Senate met at 12:30 p.m. and was called to order by the President protem- pore (Mr. EASTLAND) . PRAYER ...",
41,GPO,GPO-CRECB-1977-pt22,,"Volume 123, Part 22 (August 5, 1977 to September 9, 1977)","123 Cong. Rec. (Bound) - Volume 123, Part 22 (August 5, 1977 to September 9, 1977)","Congressional Record (Bound Edition). Friday, September 9, 1977.",https://www.govinfo.gov/app/details/GPO-CRECB-1977-pt22,https://www.govinfo.gov/content/pkg/GPO-CRECB-1977-pt22/pdf/GPO-CRECB-1977-pt22.pdf,,,,,,
42,GPO,GPO-CRECB-1977-pt21,,"Volume 123, Part 21 (August 1, 1977 to August 4, 1977)","123 Cong. Rec. (Bound) - Volume 123, Part 21 (August 1, 1977 to August 4, 1977)","Congressional Record (Bound Edition). Thursday, August 4, 1977.",https://www.govinfo.gov/app/details/GPO-CRECB-1977-pt21,https://www.govinfo.gov/content/pkg/GPO-CRECB-1977-pt21/pdf/GPO-CRECB-1977-pt21.pdf,,,,,"4, 1977 (PAGES 25811 TO 27180) UNITED STATES GOVERNMENT PRINTING OFFICE, WASHINGTON, 1977 United States of America ~ongrrssional 1Rrcord PROCEEDINGS AND DEBATES OF THE 9 5th CONGRESS, FIRST SESSION SENATE-Monday, August 1, 1977 The Senate met at 3 p.m., on the ex- piration of the recess, and was called to order by Hon. ROBERT C.. BYRD, a ...",
43,GPO,GPO-CRECB-1977-pt20,,"Volume 123, Part 20 (July 22, 1977 to July 29, 1977)","123 Cong. Rec. (Bound) - Volume 123, Part 20 (July 22, 1977 to July 29, 1977)","Congressional Record (Bound Edition). Friday, July 29, 1977.",https://www.govinfo.gov/app/details/GPO-CRECB-1977-pt20,https://www.govinfo.gov/content/pkg/GPO-CRECB-1977-pt20/pdf/GPO-CRECB-1977-pt20.pdf,,,,,"29, 1977 (PAGES 24505 TO 25810) UNITED STATES GOVERNMENT PRINTING OFFICE, WASHINGTON, 1977 United States of America Q:ongrrssional Rrcord PROCEEDINGS AND DEBATES OP THE 9 5th CONGRESS, FIRST SESSION SENATE-Friday, July 22, 1977 The Senate met at 11 a.m., on the ex- piration of the recess, and was called to order by Hon. EDWARD ZORINSKY, a Sen- ...",
44,GPO,GPO-CRECB-1977-pt19,,"Volume 123, Part 19 (July 15, 1977 to July 21, 1977)","123 Cong. Rec. (Bound) - Volume 123, Part 19 (July 15, 1977 to July 21, 1977)","Congressional Record (Bound Edition). Thursday, July 21, 1977.",https://www.govinfo.gov/app/details/GPO-CRECB-1977-pt19,https://www.govinfo.gov/content/pkg/GPO-CRECB-1977-pt19/pdf/GPO-CRECB-1977-pt19.pdf,,,,,", 1977 , (PAGES 23155 TO 24504) UNITED STATES GOVERNMENT PRINTING OFFICE, WASHINGTON, 1977 United States of America <rongrcssional1Rccord PROCEEDINGS AND DEBATES OF THE 95th CONGRESS, FIRST SESSION HOUSE OF REPRESENTATIVES-Friday, July 15, 1977 The House met at 10 o'clock a.m. The Chaplain, Rev. Edward G. Latch, D.D., offered the following prayer:...",
45,GPO,GPO-CRECB-1977-pt18,,"Volume 123, Part 18 (July 1, 1977 to July 14, 1977)","123 Cong. Rec. (Bound) - Volume 123, Part 18 (July 1, 1977 to July 14, 1977)","Congressional Record (Bound Edition). Thursday, July 14, 1977.",https://www.govinfo.gov/app/details/GPO-CRECB-1977-pt18,https://www.govinfo.gov/content/pkg/GPO-CRECB-1977-pt18/pdf/GPO-CRECB-1977-pt18.pdf,,,,,"14, 1977 (PAGES 21955 TO 23154) UNITED STATES GOVERNMENT PRINTING OFFICE, WASHINGTON, 1977 United States of America <rongrcssional Record PROCEEDINGS AND DEBATES OF THE 9 5th CONGRESS, FIRST SESSION SENATE-Friday, July 1, 1977 (Legislative day of Wednesday, May 18, 1977) The Senate met at 9 a.m., on the ex- piration of the recess, and was called to...",
46,GPO,GPO-CRECB-1977-pt17,,"Volume 123, Part 17 (June 23, 1977 to June 30, 1977)","123 Cong. Rec. (Bound) - Volume 123, Part 17 (June 23, 1977 to June 30, 1977)","Congressional Record (Bound Edition). Thursday, June 30, 1977.",https://www.govinfo.gov/app/details/GPO-CRECB-1977-pt17,https://www.govinfo.gov/content/pkg/GPO-CRECB-1977-pt17/pdf/GPO-CRECB-1977-pt17.pdf,,,,,"TO JUNE 30, .1977 (PAGES 20481 TO 21954) UNITED STATES GOVERNMENT PRINTING O FFICE, WASHINGTON, 1917 ·,, . ' United StateS Dj America «rongr(ssional1R(cord PROCEEDINGS AND DEBATES OP THE 9 511J CONGRESS, PIRST SESSION SENATE-Thursday, June 23, 1977 <Legislative day of Wednesday, May 18,1977> The Senate met at 10:15 a.m., on the expiration of the ...",
47,GPO,GPO-CRECB-1977-pt16,,"Volume 123, Part 16 (June 15, 1977 to June 22, 1977)","123 Cong. Rec. (Bound) - Volume 123, Part 16 (June 15, 1977 to June 22, 1977)","Congressional Record (Bound Edition). Wednesday, June 22, 1977.",https://www.govinfo.gov/app/details/GPO-CRECB-1977-pt16,https://www.govinfo.gov/content/pkg/GPO-CRECB-1977-pt16/pdf/GPO-CRECB-1977-pt16.pdf,,,,,", 1977 (PAGES 19053 TO 20480) UNITED STATES GOVERNMENT PRINTING OFFICE, WASHINGTON, 1977 1 United States of America <rongr(ssional R(co d PRO-cEEDINGS AND DEBATES OF THE 95th CONGRESS, FIRST SESSION HOUSE OF REPRESENTATIVES-Wednesday, June 15, 1977 The House met at 10 o'clock a.m. The Chaplain, Rev. Edward G. Latch, D.D., o1fered the following ...",
48,GPO,GPO-CRECB-1977-pt15,,"Volume 123, Part 15 (June 7, 1977 to June 14, 1977)","123 Cong. Rec. (Bound) - Volume 123, Part 15 (June 7, 1977 to June 14, 1977)","Congressional Record (Bound Edition). Tuesday, June 14, 1977.",https://www.govinfo.gov/app/details/GPO-CRECB-1977-pt15,https://www.govinfo.gov/content/pkg/GPO-CRECB-1977-pt15/pdf/GPO-CRECB-1977-pt15.pdf,,,,,"PAGES 17695 TO 19052) ...... UNITED STATES GOVERNMENT PRINTING OFFICE, WASHINGTON, 1977 United States of America ~ongrcssional Record PROCEEDINGS AND DEBATES OF THE 9 5th CONGRESS, FIRST SESSION HOUSE OF REPRESENTATIVES-Tuesday, June 7, 1977 The House met at 12 o'clock noon. Rev. Msgr. Frank J. Hendrick, pastor, St. Agnes Catholic Church, Arlington...",
49,GPO,GPO-CRECB-1977-pt14,,"Volume 123, Part 14 (May 25, 1977 to June 6, 1977)","123 Cong. Rec. (Bound) - Volume 123, Part 14 (May 25, 1977 to June 6, 1977)","Congressional Record (Bound Edition). Monday, June 6, 1977.",https://www.govinfo.gov/app/details/GPO-CRECB-1977-pt14,https://www.govinfo.gov/content/pkg/GPO-CRECB-1977-pt14/pdf/GPO-CRECB-1977-pt14.pdf,,,,,"1977 (PAGES 16509 TO 17694) t UNITED STATES GOVERNMENT PRINTING OFFICE, WASHINGTON, 1977 ' United States of America «!ongrrssional Rr cord PROCEEDINGS AND DEBATES OF THE 9 5th CONGRESS, FIRST SESSION SENATE-Wednesday, May 25, 1977 <Legislative day of Wednesday, May 18, 1977> The Senate met at 10 a.m., on the ex- piration of the recess, and was ...",
50,GPO,GPO-CRECB-1977-pt13,,"Volume 123, Part 13 (May 18, 1977 to May 24, 1977)","123 Cong. Rec. (Bound) - Volume 123, Part 13 (May 18, 1977 to May 24, 1977)","Congressional Record (Bound Edition). Tuesday, May 24, 1977.",https://www.govinfo.gov/app/details/GPO-CRECB-1977-pt13,https://www.govinfo.gov/content/pkg/GPO-CRECB-1977-pt13/pdf/GPO-CRECB-1977-pt13.pdf,,,,,"(PAGES 15199 TO 16508) UNITED STATES GOVERNMENT PRINTING OFFICE, WASHINGTON, 1977 United States of America Q:ongr(ssion.al R(c.or PROCEEDINGS AND DEBATES OF THE 95th CONGRESS, FIRST SESSION SENATE-Wednesday, May 18, 1977 The Senate met at 12:30 p.m., on the expiration of the recess, and was called to order by Hon. FLOYD K. HAsKELL, a Senator ...",
51,GPO,GPO-CRECB-1977-pt12,,"Volume 123, Part 12 (May 9, 1977 to May 17, 1977)","123 Cong. Rec. (Bound) - Volume 123, Part 12 (May 9, 1977 to May 17, 1977)","Congressional Record (Bound Edition). Tuesday, May 17, 1977.",https://www.govinfo.gov/app/details/GPO-CRECB-1977-pt12,https://www.govinfo.gov/content/pkg/GPO-CRECB-1977-pt12/pdf/GPO-CRECB-1977-pt12.pdf,,,,,", 1977 (PAGES 13933 TO 15198) UNITED STATES GOVERNMENT PRINTING OFFICE, WASHINGTON, 1977 United States of America <rongrcssional Record PROCEEDINGS AND DEBATES OF THE 9 5th CONGRESS, FIRST SESSION HOUSE OF REPRESENTATIVES-Monday, May 9, 1977 The House met at 12 o'clock noon. The Chaplain, Rev. Edward G. Latch, DD .• offered the following prayer: ...",
52,GPO,GPO-CRECB-1977-pt11,,"Volume 123, Part 11 (April 28, 1977 to May 6, 1977)","123 Cong. Rec. (Bound) - Volume 123, Part 11 (April 28, 1977 to May 6, 1977)","Congressional Record (Bound Edition). Friday, May 6, 1977.",https://www.govinfo.gov/app/details/GPO-CRECB-1977-pt11,https://www.govinfo.gov/content/pkg/GPO-CRECB-1977-pt11/pdf/GPO-CRECB-1977-pt11.pdf,,,,,", 1977 (PAGES 12617 TO 13932) UNITED STATES GOVERNMENT PRINTING OFFICE, WASHINGTON, 1977 J. United States of America Q:ongr(ssional1R(cord PROCEEDINGS AND DEBATES OF THE 95th CONGRESS, FIRST SESSION HOUSE OF REPRESENTATIVES-Thursday, April 28, 1977 The House met at 11 o'clock a.m. Rabbi Chaim U. Lipschitz, Mesivta Talmudical Seminary, Brooklyn, N.Y...",
53,GPO,GPO-CRECB-1977-pt10,,"Volume 123, Part 10 (April 20, 1977 to April 27, 1977)","123 Cong. Rec. (Bound) - Volume 123, Part 10 (April 20, 1977 to April 27, 1977)","Congressional Record (Bound Edition). Wednesday, April 27, 1977.",https://www.govinfo.gov/app/details/GPO-CRECB-1977-pt10,https://www.govinfo.gov/content/pkg/GPO-CRECB-1977-pt10/pdf/GPO-CRECB-1977-pt10.pdf,,,,,"PRINTING OFFICE, WASHINGTON, 1977 United States of America <tongrcssionai1Rccord PROCEEDINGS AND DEBATES OF THE 95th CONGRESS, FIRST SESSION SENATE-Wednesday, April 20, 1977 The Senate met at 12:30 p.m., on the expiration of the recess, and was called to order by Hon. GARY HART, a Senator from the State of Oklahoma. PRAYER The Chaplain, the ...",
54,GPO,GPO-CRECB-1977-pt9,,"Volume 123, Part 9 (April 4, 1977 to April 19, 1977)","123 Cong. Rec. (Bound) - Volume 123, Part 9 (April 4, 1977 to April 19, 1977)","Congressional Record (Bound Edition). Tuesday, April 19, 1977.",https://www.govinfo.gov/app/details/GPO-CRECB-1977-pt9,https://www.govinfo.gov/content/pkg/GPO-CRECB-1977-pt9/pdf/GPO-CRECB-1977-pt9.pdf,,,,,"10137 TO 11324) UNITED STATES GOVERNMENT PRINTING OFFICE, WASHINGTO_N, 1977 \ United States of America <iongrtssional 1Rtcord PROCEEDINGS AND DEBATES OF THE 9 5th CONGRESS, FIRST SESSION SENATE-Monday, April 4, 1977 (Legislative day of Monday, February 21, 1977) The Senate met at 12: 30 p.m., on the expiration of the recess, and was called to ...",
55,GPO,GPO-CRECB-1977-pt8,,"Volume 123, Part 8 (March 24, 1977 to April 1, 1977)","123 Cong. Rec. (Bound) - Volume 123, Part 8 (March 24, 1977 to April 1, 1977)","Congressional Record (Bound Edition). Friday, April 1, 1977.",https://www.govinfo.gov/app/details/GPO-CRECB-1977-pt8,https://www.govinfo.gov/content/pkg/GPO-CRECB-1977-pt8/pdf/GPO-CRECB-1977-pt8.pdf,,,,,"1, 1977 (PAGES 8909 TO 10136) UNITED STATES GOVERNMENT PRINTING OF~ICE, WASHINGTON, 1977 United States of America <iongrrssional Rrcord PROCEEDINGS AND DEBATES OF THE 9 5th CONGRESS, FIRST SESSION HOUSE OF REPRESENTATIVES-Thursday, March 24, 1977 The House met at 11 o'clock a.m. The Very Reverend Sviatoslaw Kous, St. Cyril of Turov Byelorussian ...",
56,GPO,GPO-CRECB-1977-pt7,,"Volume 123, Part 7 (March 16, 1977 to March 23, 1977)","123 Cong. Rec. (Bound) - Volume 123, Part 7 (March 16, 1977 to March 23, 1977)","Congressional Record (Bound Edition). Wednesday, March 23, 1977.",https://www.govinfo.gov/app/details/GPO-CRECB-1977-pt7,https://www.govinfo.gov/content/pkg/GPO-CRECB-1977-pt7/pdf/GPO-CRECB-1977-pt7.pdf,,,,,"23, 1977 (PAGES 7705 TO 8908) UNITED STATES GOVERNMENT PRINTING OFFICE, WASHINGTON, 1977 . , ' United States of America <tongrcssional 1Rtc·ord PROCEEDINGS AND DEBATES OF THE 9 5th CONGRESS, FIRST SESSION HOUSEi OF REPRESENTATIVES-Wednesday, March 16, 1977 The House met at 12 o'clock noon. The Chaplain, Rev. Edward G. Latch, D.D., offered the ...",
57,GPO,GPO-CRECB-1977-pt6,,"Volume 123, Part 6 (March 7, 1977 to March 15, 1977)","123 Cong. Rec. (Bound) - Volume 123, Part 6 (March 7, 1977 to March 15, 1977)","Congressional Record (Bound Edition). Tuesday, March 15, 1977.",https://www.govinfo.gov/app/details/GPO-CRECB-1977-pt6,https://www.govinfo.gov/content/pkg/GPO-CRECB-1977-pt6/pdf/GPO-CRECB-1977-pt6.pdf,,,,,"TO 7704) UNITED STATES GOVERNMENT PRINTING OFFICE, WASHINGTON, 1977 United States of America Q: ng cssi PROCEEDINGS AND DEBATES OF THE 95th CONGRESS, FIRST SESSION HOUSE OF REPRESENTATIVES-Monday, March 7, 1977 The House met at 12 o'clock noon. The Chaplain, Rev. Edward G. Latch, D.D., offered the following prayer: Now there/ore fear the Lord and ...",
58,GPO,GPO-CRECB-1977-pt5,,"Volume 123, Part 5 (February 24, 1977 to March 4, 1977)","123 Cong. Rec. (Bound) - Volume 123, Part 5 (February 24, 1977 to March 4, 1977)","Congressional Record (Bound Edition). Friday, March 4, 1977.",https://www.govinfo.gov/app/details/GPO-CRECB-1977-pt5,https://www.govinfo.gov/content/pkg/GPO-CRECB-1977-pt5/pdf/GPO-CRECB-1977-pt5.pdf,,,,,"TO MARCH 4, 1977 (PAGES 5157 TO 6446) UNITED STATES GOVERNMENT PRINTING OFFICE, WASHINGTON, 1977 United States of America <Long rssional 1Rrcord PROCEEDINGS AND DEBATES OF THE 95th CONGRESS, FIRST -SESSION SENATE-Thursday, February 24, 1977 The Senate met at 1 p.m., on the ex- piration of the recess, and was called to order by Hon. JAMES R. ...",
59,GPO,GPO-CRECB-1977-pt4,,"Volume 123, Part 4 (February 8, 1977 to February 23, 1977)","123 Cong. Rec. (Bound) - Volume 123, Part 4 (February 8, 1977 to February 23, 1977)","Congressional Record (Bound Edition). Wednesday, February 23, 1977.",https://www.govinfo.gov/app/details/GPO-CRECB-1977-pt4,https://www.govinfo.gov/content/pkg/GPO-CRECB-1977-pt4/pdf/GPO-CRECB-1977-pt4.pdf,,,,,"23, 1977 (PAGES 3885 TO 5156) UNITED STATES GOVERNMENT PRINTING OFFICE, WASHINGTON, 1977 United States of America <iongrcssionai1Rcrord PROCEEDINGS AND DEBATES OF THE 95th CONGRESS, FIRST SESSION HOUSE, OF REPRESENTATIVES-Tuesday, February 8, 1977 The House met at 12 o'clock noon. Rabbi I. Usher Kirshblum, Jewish Center of Kew Gardens Hills, ...",
60,GPO,GPO-CRECB-1977-pt3,,"Volume 123, Part 3 (January 31, 1977 to February 7, 1977)","123 Cong. Rec. (Bound) - Volume 123, Part 3 (January 31, 1977 to February 7, 1977)","Congressional Record (Bound Edition). Monday, February 7, 1977.",https://www.govinfo.gov/app/details/GPO-CRECB-1977-pt3,https://www.govinfo.gov/content/pkg/GPO-CRECB-1977-pt3/pdf/GPO-CRECB-1977-pt3.pdf,,,,,"TO 3884) UNITED STATES GOVERNMENT PRINTING OFFICE, WASHINGTON, 1977 • United States of America Q:ongrcssional Record PROCEEDINGS AND DEBATES OF THE 95th CONGRESS, FIRST SESSION HOUSE OF REPRESENTATIVES-Monday, January 31, 1977 The House met at 12 o'clock noon. APPOINTMENT AS ADDITIONALon the use to which this gas should be The Chaplain, Rev. ...",
61,GPO,GPO-CRECB-1977-pt2,,"Volume 123, Part 2 (January 18, 1977 to January 28, 1977)","123 Cong. Rec. (Bound) - Volume 123, Part 2 (January 18, 1977 to January 28, 1977)","Congressional Record (Bound Edition). Friday, January 28, 1977.",https://www.govinfo.gov/app/details/GPO-CRECB-1977-pt2,https://www.govinfo.gov/content/pkg/GPO-CRECB-1977-pt2/pdf/GPO-CRECB-1977-pt2.pdf,,,,,"28, 1977 UNITED STATES GOVERNMENT PRINTING OFFICE, WASHINGTON, 1977 United States of America <rongrrssional Record PROCEEDINGS AND DEBATES OF THE 9 5th CONGRESS, FIRST SESSION SENATE-Tuesday, January 18, 1977 The Senate met at 1: 45 p.m. and was called to order by the Vice President. PRAYER The Chaplain, the Reverend Edward L. R. Elson. D.D.,...",
62,GPO,GPO-CRECB-1977-pt1,,"Volume 123, Part 1 (January 4, 1977 to January 17, 1977)","123 Cong. Rec. (Bound) - Volume 123, Part 1 (January 4, 1977 to January 17, 1977)","Congressional Record (Bound Edition). Monday, January 17, 1977.",https://www.govinfo.gov/app/details/GPO-CRECB-1977-pt1,https://www.govinfo.gov/content/pkg/GPO-CRECB-1977-pt1/pdf/GPO-CRECB-1977-pt1.pdf,,,,,"17, 1977 (PAGES 3 TO 1356) · UNITED STATES . GOVERNMENT PRINTING OFFICE, WASHINGTON, 1977 ·'· United States of America <iongrcssional- Record PROCEEDINGS AND DEBATES OF THE 95th CONGRESS, FIRST SESSION SENATE-Tuesday, January 4, 1977 The 4th day of January being the day prescribed by Public Law 94-494, 94th Congress, 2d session, for the meeting...",