index,collectionCode,packageId,granuleId,title,line1,line2,detailsLink,pdfLink,htmlLink,xmlLink,otherLink1,otherLink2,teaser,historical
1,GPO,GPO-CRECB-1970-pt33,,"Volume 116, Part 33 (December 28, 1970 to January 2, 1971)","116 Cong. Rec. (Bound) - Volume 116, Part 33 (December 28, 1970 to January 2, 1971)","Congressional Record (Bound Edition). Saturday, January 2, 1971.",https://www.govinfo.gov/app/details/GPO-CRECB-1970-pt33,https://www.govinfo.gov/content/pkg/GPO-CRECB-1970-pt33/pdf/GPO-CRECB-1970-pt33.pdf,,,,,"JANUARY 2, 1971 (PAGES 43589 TO 44876) UNITED STATES GOVERNMENT PRINTING OFFICE, WASHINGTON, 1970 .. r ... TvVII 2 I 1.. Zl J/1 .H 2 'iT - United States of America <iongrcssional Record PROCEEDINGS AND DEBATES OF THE 9 I st CONGRESS, SECOND SESSION SENATE-Monday, December 28, 1970 The Senate met at 12 o'clock meridian, and was called to order by ...",
2,GPO,GPO-CRECB-1970-pt34,,"Volume 116, Part 34 (January 19, 1970 to December 31, 1970)","116 Cong. Rec. (Bound) - Volume 116, Part 34 (January 19, 1970 to December 31, 1970)","Congressional Record (Bound Edition). Thursday, December 31, 1970.",https://www.govinfo.gov/app/details/GPO-CRECB-1970-pt34,https://www.govinfo.gov/content/pkg/GPO-CRECB-1970-pt34/pdf/GPO-CRECB-1970-pt34.pdf,,,,,", TO JANUARY 2, 1971 UNITED STATES GOVERNMENT PRINTING OFFICE, WASHINGTON, 1970 NA~IES AND POST-OFFICE ADDRESSES OF MEMBERS OF THE UNITED STATES SENATE IN THE SECOND SESSION OF THE NINETY-FIRST CONGRESS SPIRO T. AGNEW, Vice President, Washington, D.C.; RICHARD B. RusSELL, President pro tempore, Winder, Ga. Name Home post office Name Home post ...",
3,GPO,GPO-CRECB-1970-pt35,,"Volume 116, Part 35 (January 19, 1970 to December 31, 1970)","116 Cong. Rec. (Bound) - Volume 116, Part 35 (January 19, 1970 to December 31, 1970)","Congressional Record (Bound Edition). Thursday, December 31, 1970.",https://www.govinfo.gov/app/details/GPO-CRECB-1970-pt35,https://www.govinfo.gov/content/pkg/GPO-CRECB-1970-pt35/pdf/GPO-CRECB-1970-pt35.pdf,,,,,"OFFICE, WASHINGTON, 1970 Daily pigest Monday, January 19, 1970 Senate Chamber Action Routine Proceedings, pages 66-137 Bills Introduced: Three bills and four resolutions were introduced, as follows: S. 3305-3307; S.J. Res. 169; and S. Res. 304-307. Pages 69,74-75 Procedural Resolutions Adopted: Three procedural resolutions were adopted as ...",
4,GPO,GPO-CRECB-1970-pt32,,"Volume 116, Part 32 (December 18, 1970 to December 22, 1970)","116 Cong. Rec. (Bound) - Volume 116, Part 32 (December 18, 1970 to December 22, 1970)","Congressional Record (Bound Edition). Tuesday, December 22, 1970.",https://www.govinfo.gov/app/details/GPO-CRECB-1970-pt32,https://www.govinfo.gov/content/pkg/GPO-CRECB-1970-pt32/pdf/GPO-CRECB-1970-pt32.pdf,,,,,"TO DECEMBER 22, 1970 (PAGES 42329 TO 43588) UNITED STATES GOVERNMENT PRINTING OFFICE, WASHINGTON, 1970 Q:ongr(ssional ll{(cord PROCEEDINGS AND DEBATES OF THE 9 1st CONGRESS, SECOND SESSION SENATE-Friday, December 18, 1970 <Legislative day of Tuesday, December 15, 1970> The Senate met at 9 a.m., on the ex- piration of the recess, and was called to ...",
5,GPO,GPO-CRECB-1970-pt31,,"Volume 116, Part 31 (December 11, 1970 to December 17, 1970)","116 Cong. Rec. (Bound) - Volume 116, Part 31 (December 11, 1970 to December 17, 1970)","Congressional Record (Bound Edition). Thursday, December 17, 1970.",https://www.govinfo.gov/app/details/GPO-CRECB-1970-pt31,https://www.govinfo.gov/content/pkg/GPO-CRECB-1970-pt31/pdf/GPO-CRECB-1970-pt31.pdf,,,,,"TO DECEMBER 17, 1970 (PAGES 41105 TO 42328) UNITED STATES GOVERNMENT PRINTING OFFICE, WASHINGTON, 1970 United States of America Q:ongrcssionai1Rccord st PROCEEDINGS AND DEBATES OF . THE 9 I CONGRESS, SECOND SESSION HOUS.E OF REPRESENTATIVE~S-Friday, December 11, 1970 The House met at 12 o'clock noon. The Chaplain, Rev. Edward G. Latch, D.D., ...",
6,GPO,GPO-CRECB-1970-pt30,,"Volume 116, Part 30 (December 4, 1970 to December 10, 1970)","116 Cong. Rec. (Bound) - Volume 116, Part 30 (December 4, 1970 to December 10, 1970)","Congressional Record (Bound Edition). Thursday, December 10, 1970.",https://www.govinfo.gov/app/details/GPO-CRECB-1970-pt30,https://www.govinfo.gov/content/pkg/GPO-CRECB-1970-pt30/pdf/GPO-CRECB-1970-pt30.pdf,,,,,"4, 1970, TO DECEMBER 10, 1970 (PAGES 39929 TO 41104) UNITED STATES GOVERNMENT PRINTING OFFICE, WASHINGTON, 1970 • J // r United States of America .<tongrcssio·nal Record PROeEEDINGS AND DEBATES OF THE 9 1st €0NGRESS, SECOND SESSION SENATE-Friday, December 4, 1970 The Senate met at 10 a.m. and was called to order by the Acting President pro ...",
7,GPO,GPO-CRECB-1970-pt29,,"Volume 116, Part 29 (November 24, 1970 to December 3, 1970)","116 Cong. Rec. (Bound) - Volume 116, Part 29 (November 24, 1970 to December 3, 1970)","Congressional Record (Bound Edition). Thursday, December 3, 1970.",https://www.govinfo.gov/app/details/GPO-CRECB-1970-pt29,https://www.govinfo.gov/content/pkg/GPO-CRECB-1970-pt29/pdf/GPO-CRECB-1970-pt29.pdf,,,,,"DECEMBER 3, 1970 (PAGES 38593 TO 39928) UNITED STATES GOVERNMENT PRINTING OFFICE, WASHINGTON, 1970 United States of America <rongrrssional Rrcord PROCEEDINGS AND DEBATES OF THE 9 1st CONGRESS, SECOND SESSION SENATE-Tuesday, November 24, 1970 The Senate met at 10 a.m., and was called to order by Hon. THoMAS F. EAGLE- TON, a Senator from the State ...",
8,GPO,GPO-CRECB-1970-pt28,,"Volume 116, Part 28 (November 16, 1970 to November 23, 1970)","116 Cong. Rec. (Bound) - Volume 116, Part 28 (November 16, 1970 to November 23, 1970)","Congressional Record (Bound Edition). Monday, November 23, 1970.",https://www.govinfo.gov/app/details/GPO-CRECB-1970-pt28,https://www.govinfo.gov/content/pkg/GPO-CRECB-1970-pt28/pdf/GPO-CRECB-1970-pt28.pdf,,,,,"NOVEMBER 23, 1970 PAGES 37263 TO 38592 UNITED STATES GOVERNMENT PRINTING OFFICE, WASHINGTON, 1970 United States of America <rongrrssional Rrrord PROCEEDINGS AND DEBATES OF THE 9 1st CONGRESS, SECOND SESSION SENATE-Monday, November 16, 1970 The Senate met at 12 o'clock merid- ian and was called to order by the Vice President. The Chaplain, the ...",
9,GPO,GPO-CRECB-1970-pt27,,"Volume 116, Part 27 (October 9, 1970 to October 14, 1970)","116 Cong. Rec. (Bound) - Volume 116, Part 27 (October 9, 1970 to October 14, 1970)","Congressional Record (Bound Edition). Wednesday, October 14, 1970.",https://www.govinfo.gov/app/details/GPO-CRECB-1970-pt27,https://www.govinfo.gov/content/pkg/GPO-CRECB-1970-pt27/pdf/GPO-CRECB-1970-pt27.pdf,,,,,", TO OCTOBER 14, 1970 (PAGES 35917 TO 37262) UNITED STATES GOVERNMENT PRINTING OFFICE, WASHINGTON, 1970 United States of America ~ongrtssional 1Rtcord PROCEEDINGS AND DEBATES OF THE 91st CONGRESS, SECOND SESSION SE.NATE-Friday, October 9, 1970 The Senate met at 10 a.m. and was called to order by Hon. GEORGE McGOV- ERN, a Senator from the State ...",
10,GPO,GPO-CRECB-1970-pt26,,"Volume 116, Part 26 (October 1, 1970 to October 8, 1970)","116 Cong. Rec. (Bound) - Volume 116, Part 26 (October 1, 1970 to October 8, 1970)","Congressional Record (Bound Edition). Thursday, October 8, 1970.",https://www.govinfo.gov/app/details/GPO-CRECB-1970-pt26,https://www.govinfo.gov/content/pkg/GPO-CRECB-1970-pt26/pdf/GPO-CRECB-1970-pt26.pdf,,,,,"34493 TO 35916) UNITED STATES GOVERNMENT PRINTING OFFICE, WASHINGTON, 1970 'l '' United States of America Q:ongr£ssionai1R£cord PROCEEDINGS AND DEBATES OF THB 9 I st CONGRESS, SECOND SESSION SENATE-Thursday, October 1, 1970 The Senate met at 11 a.m. and was called to order by Hon. PAUL J. FANNIN, a Senator from the State of Arizona. The Chaplain, ...",
11,GPO,GPO-CRECB-1970-pt25,,"Volume 116, Part 25 (September 23, 1970 to September 30, 1970)","116 Cong. Rec. (Bound) - Volume 116, Part 25 (September 23, 1970 to September 30, 1970)","Congressional Record (Bound Edition). Wednesday, September 30, 1970.",https://www.govinfo.gov/app/details/GPO-CRECB-1970-pt25,https://www.govinfo.gov/content/pkg/GPO-CRECB-1970-pt25/pdf/GPO-CRECB-1970-pt25.pdf,,,,,"23, 1970, TO SEPTEMBER 30, 1970 (PAGES 33259 TO 34492) UNITED STATES GOVERNMENT PRINTING OFFICE, WASHINGTON, 1970 c.:: United States of America . (tongrcssional ltccord PROCEEDINGS AND DEBATES OF THE 91st CONGRESS, SECOND SESSION HOUSE OF REPRESENTATIVES-Wednesday, September 23, 1970 The House met at 12 o'clock noon. Rev. Irvin C. Wise, Slocum ...",
12,GPO,GPO-CRECB-1970-pt24,,"Volume 116, Part 24 (September 16, 1970 to September 22, 1970)","116 Cong. Rec. (Bound) - Volume 116, Part 24 (September 16, 1970 to September 22, 1970)","Congressional Record (Bound Edition). Tuesday, September 22, 1970.",https://www.govinfo.gov/app/details/GPO-CRECB-1970-pt24,https://www.govinfo.gov/content/pkg/GPO-CRECB-1970-pt24/pdf/GPO-CRECB-1970-pt24.pdf,,,,,"SEPTEMBER 22, 1970 (PAGES 31967 TO 33258) UNITED STATES GOVERNMENT PRINTING OFFICE, WASHINGTON, 1970 United States of America ngr£ssionalR£cord PROCEEDINGS AND DEBATES OF THE 9 I st <::ONGRESS, SEGOND SESSION SE.NATE-Wednesday, September 16, 1970 The Senate met at 9:30a.m. and was called to order by Hon. QUENTIN N. BUR- DICK, a Senator from the ...",
13,GPO,GPO-CRECB-1970-pt23,,"Volume 116, Part 23 (September 1, 1970 to September 15, 1970)","116 Cong. Rec. (Bound) - Volume 116, Part 23 (September 1, 1970 to September 15, 1970)","Congressional Record (Bound Edition). Tuesday, September 15, 1970.",https://www.govinfo.gov/app/details/GPO-CRECB-1970-pt23,https://www.govinfo.gov/content/pkg/GPO-CRECB-1970-pt23/pdf/GPO-CRECB-1970-pt23.pdf,,,,,"TO SEPTEMBER 15, 1970 {PAGES 30549 TO 31966) UNITED STATES GOVERNMENT PRINTING OFFICE, WASHINGTON, 1970 ,, United States of America Q:ongrrssional llrcord PROCEEDINGS AND DEBATES OF THE 91 51 CONGRESS, SECOND SESSION SE.NATE-Tuesday, September 1, 1970 The Senate met at 8 a.m. and was called to order by Hon. JAMES B. ALLEN, a Senator from the State ...",
14,GPO,GPO-CRECB-1970-pt22,,"Volume 116, Part 22 (August 17, 1970 to August 31, 1970)","116 Cong. Rec. (Bound) - Volume 116, Part 22 (August 17, 1970 to August 31, 1970)","Congressional Record (Bound Edition). Monday, August 31, 1970.",https://www.govinfo.gov/app/details/GPO-CRECB-1970-pt22,https://www.govinfo.gov/content/pkg/GPO-CRECB-1970-pt22/pdf/GPO-CRECB-1970-pt22.pdf,,,,,"31, 1970 (PAGES 29177 TO 30548) UNITED STATES GOVERNMENT PRINTING OFFICE, WASHINGTON, 1970 United States of America <!ongrrssionai1Rrcord PROCEEDINGS AND DEBATES OF THE 9 1st CONGRESS, SECOND SESSION SE.NATE~Monday, August 17, 1970 The Senate met at 11 a.m. and was called to order by Hon. HAROLD E. HUGHES, a Senator from the State of Iowa. ...",
15,GPO,GPO-CRECB-1970-pt21,,"Volume 116, Part 21 (August 10, 1970 to August 14, 1970)","116 Cong. Rec. (Bound) - Volume 116, Part 21 (August 10, 1970 to August 14, 1970)","Congressional Record (Bound Edition). Friday, August 14, 1970.",https://www.govinfo.gov/app/details/GPO-CRECB-1970-pt21,https://www.govinfo.gov/content/pkg/GPO-CRECB-1970-pt21/pdf/GPO-CRECB-1970-pt21.pdf,,,,,"AUGUST 14, 1970 (PAGES 27853 TO 29176) UNITED STATES GOVERNMENT PRINTING OFFICE, WASHINGTON, 1970 United States of America <ron§r(ssional R(cord PROCEEDINGS AND DEBATES OF THE 91 51 CONGRESS, SECOND SESSION SENATE-Monday, August 10, 1970 The Senate met at 10:30 a.m. and was called to order by Hon. SPESSARD L. HOL- LAND, a Senator from the State ...",
16,GPO,GPO-CRECB-1970-pt20,,"Volume 116, Part 20 (July 30, 1970 to August 7, 1970)","116 Cong. Rec. (Bound) - Volume 116, Part 20 (July 30, 1970 to August 7, 1970)","Congressional Record (Bound Edition). Friday, August 7, 1970.",https://www.govinfo.gov/app/details/GPO-CRECB-1970-pt20,https://www.govinfo.gov/content/pkg/GPO-CRECB-1970-pt20/pdf/GPO-CRECB-1970-pt20.pdf,,,,,"7, 1970 (PAGES 26489 TO 27852) UNITED STATES GOVERNMENT PRINTING OFFICE, WASHINGTON, 1970 United States oj America Q:ongrcssional Record PROCEEDINGS AND DEBATES OF THE 91st CONGRESS, SECOND SESSION HOUSE OF REPRESENTATIVES-Thursday, July 30, 1970 The 'House met at 12 o'clock noon. Rev. Luke Fuqua, Dalewood Methodist Church, Nashville, Tenn., ...",
17,GPO,GPO-CRECB-1970-pt19,,"Volume 116, Part 19 (July 21, 1970 to July 29, 1970)","116 Cong. Rec. (Bound) - Volume 116, Part 19 (July 21, 1970 to July 29, 1970)","Congressional Record (Bound Edition). Wednesday, July 29, 1970.",https://www.govinfo.gov/app/details/GPO-CRECB-1970-pt19,https://www.govinfo.gov/content/pkg/GPO-CRECB-1970-pt19/pdf/GPO-CRECB-1970-pt19.pdf,,,,,", TO JULY 29, 1970 (PAGES 25135 TO 26488) UNITED STATES GOVERNMENT PRINTING OFFICE, WASHINGTON, 1970 VI ~1 '!.·· United States of America Q:ongr~ssional R(c0rd PROCEEDINGS AND DEBATES OF THE 9 1st CONGRESS, SECOND SESSION SENATE-Tuesday, July 21, 1970 The SenaJte met at 11 a.m. and was called to order by Hon. JAMES B. ALLEN, a Senator from the ...",
18,GPO,GPO-CRECB-1970-pt18,,"Volume 116, Part 18 (July 13, 1970 to July 20, 1970)","116 Cong. Rec. (Bound) - Volume 116, Part 18 (July 13, 1970 to July 20, 1970)","Congressional Record (Bound Edition). Monday, July 20, 1970.",https://www.govinfo.gov/app/details/GPO-CRECB-1970-pt18,https://www.govinfo.gov/content/pkg/GPO-CRECB-1970-pt18/pdf/GPO-CRECB-1970-pt18.pdf,,,,,"20, 1970 (PAGES 23819 TO 25134) UNITED STATES GOVERNMENT PRINTING OFFICE, WASHINGTON, 1970 United States of America Q:ongrcssionai1Rccord PROCEEDINGS AND DEBATES OF THE 9 I st CONGRESS, SECOND SESSION SE.NATE-Monday, July 13, 1970 The Senate met at 12 noon and was called to order by the President pro tempore (Mr. RUSSELL). The Chaplain, the ...",
19,GPO,GPO-CRECB-1970-pt17,,"Volume 116, Part 17 (July 1, 1970 to July 10, 1970)","116 Cong. Rec. (Bound) - Volume 116, Part 17 (July 1, 1970 to July 10, 1970)","Congressional Record (Bound Edition). Friday, July 10, 1970.",https://www.govinfo.gov/app/details/GPO-CRECB-1970-pt17,https://www.govinfo.gov/content/pkg/GPO-CRECB-1970-pt17/pdf/GPO-CRECB-1970-pt17.pdf,,,,,"JULY 10, 1970 (PAGES 22355 TO 23818) UNITED STATES GOVERNMENT PRINTING OFFICE, WASHINGTON, 1970 United States of America ttongrcssional Record PROCEEDINGS AND DEBATES OF .THE 91st CONGRESS, SECOND SESSION SENATE~Wednesday, July 1, 1970 The Senate met at 9 a.m. and was called to order by the Vice President. The Chaplain, the Reverend Edward L. R. ...",
20,GPO,GPO-CRECB-1970-pt16,,"Volume 116, Part 16 (June 24, 1970 to June 30, 1970)","116 Cong. Rec. (Bound) - Volume 116, Part 16 (June 24, 1970 to June 30, 1970)","Congressional Record (Bound Edition). Tuesday, June 30, 1970.",https://www.govinfo.gov/app/details/GPO-CRECB-1970-pt16,https://www.govinfo.gov/content/pkg/GPO-CRECB-1970-pt16/pdf/GPO-CRECB-1970-pt16.pdf,,,,,"30, 1970 (PAGES 21101 TO 22354) UNITED STATES GOVERNMENT PRINTING OFFICE, WASHINGTON, 1970 United States of America SE.NATE-Wednesday, June 24, 1970 The Senate met at 1(} a.m. and was called to order by Hon. JAMES B. ALLEN, a Senator from the State of AlaJbama. The Chaplain, the Reverend Edward L. R. Elson, D.D., offered the following prayer: ...",
21,GPO,GPO-CRECB-1970-pt15,,"Volume 116, Part 15 (June 15, 1970 to June 23, 1970)","116 Cong. Rec. (Bound) - Volume 116, Part 15 (June 15, 1970 to June 23, 1970)","Congressional Record (Bound Edition). Tuesday, June 23, 1970.",https://www.govinfo.gov/app/details/GPO-CRECB-1970-pt15,https://www.govinfo.gov/content/pkg/GPO-CRECB-1970-pt15/pdf/GPO-CRECB-1970-pt15.pdf,,,,,"23, 1970 (PAGES 19651 TO 21100) UNITED STATES GOVERNMENT PRINTING OFFICE, WASHINGTON, 1970 United States of America Q:ongrcssionalRcrord PROCEEDINGS AND DEBATES OF THE 9 1st CONGRESS, SECOND SESSION SENATE-Monday, June 15, 1970 The Senate met at 12 noon and was called to order by the Honorable WILLIAM B. SPONG, JR., a Senator from the State of ...",
22,GPO,GPO-CRECB-1970-pt14,,"Volume 116, Part 14 (June 4, 1970 to June 12, 1970)","116 Cong. Rec. (Bound) - Volume 116, Part 14 (June 4, 1970 to June 12, 1970)","Congressional Record (Bound Edition). Friday, June 12, 1970.",https://www.govinfo.gov/app/details/GPO-CRECB-1970-pt14,https://www.govinfo.gov/content/pkg/GPO-CRECB-1970-pt14/pdf/GPO-CRECB-1970-pt14.pdf,,,,,"12, 1970 (PAGES 18275 TO 19650) UN~TED STATES GOVERNMENT PRINTING OFFICE, WASHINGTON, 1970 • United States of America <rongrcssional Record PROCEEDINGS AND DEBATES OF THE 9 1st GONGRESS, SEGOND SESSION SENATE-Thursday, June 4, 1970 The Senate met at 12 o'clock noon and was called to order by Hon. FRED R. HARRIS, a Senator from the State of ...",
23,GPO,GPO-CRECB-1970-pt13,,"Volume 116, Part 13 (May 25, 1970 to June 3, 1970)","116 Cong. Rec. (Bound) - Volume 116, Part 13 (May 25, 1970 to June 3, 1970)","Congressional Record (Bound Edition). Wednesday, June 3, 1970.",https://www.govinfo.gov/app/details/GPO-CRECB-1970-pt13,https://www.govinfo.gov/content/pkg/GPO-CRECB-1970-pt13/pdf/GPO-CRECB-1970-pt13.pdf,,,,,"3, 1970 (PAGES 16851 TO 18274) UNITED STATES GOVERNMENT PRINTING OFFICE, WASHINGTON, 1970 United States of America ttongrrssional Rrrord PROCEEDINGS AND DEBATES OF THE 9 yst CONGRESS, SECOND SESSION SENATE-Monday, May 25, 1970 The Senate met at 11:30 o'clock a.m. and was called to order by Hon. JAMEs B. ALLEN, a Senator from the State of Ala- bama...",
24,GPO,GPO-CRECB-1970-pt12,,"Volume 116, Part 12 (May 14, 1970 to May 22, 1970)","116 Cong. Rec. (Bound) - Volume 116, Part 12 (May 14, 1970 to May 22, 1970)","Congressional Record (Bound Edition). Friday, May 22, 1970.",https://www.govinfo.gov/app/details/GPO-CRECB-1970-pt12,https://www.govinfo.gov/content/pkg/GPO-CRECB-1970-pt12/pdf/GPO-CRECB-1970-pt12.pdf,,,,,"22, 1970 (PAGES 15505 TO 16850) UNITED STATES GOVERNMENT PRINTING OFFICE, WASHINGTON, 1970 United States of America (tongrtssional Record PROCEEDINGS AND DEBATES OF THE 91st CONGRESS, SECOND SESSION SENATE-Thursday, May 14, 1970 The Senate met at 10: 30 o'clock a.m. and was called to order by the Acting President pro tempore (Mr. METCALF). The ...",
25,GPO,GPO-CRECB-1970-pt11,,"Volume 116, Part 11 (May 5, 1970 to May 13, 1970)","116 Cong. Rec. (Bound) - Volume 116, Part 11 (May 5, 1970 to May 13, 1970)","Congressional Record (Bound Edition). Wednesday, May 13, 1970.",https://www.govinfo.gov/app/details/GPO-CRECB-1970-pt11,https://www.govinfo.gov/content/pkg/GPO-CRECB-1970-pt11/pdf/GPO-CRECB-1970-pt11.pdf,,,,,"TO 15504) UNITED STATES GOVERNMENT PRINTING OFFICE, WASHINGTON, 1970 United States of America Q:ongrcssional Record PROCEEDINGS AND DEBATES OF THE 91st CONGRESS, SECOND SESSION SENATE-Tuesday, May 5, 1970 The Senate met at 11 o'clock a.m. and was called to order by the Acting Presi- dent pro tempore <Mr. METCALF). The Chaplain, the Reverend Edward...",
26,GPO,GPO-CRECB-1970-pt10,,"Volume 116, Part 10 (April 23, 1970 to May 4, 1970)","116 Cong. Rec. (Bound) - Volume 116, Part 10 (April 23, 1970 to May 4, 1970)","Congressional Record (Bound Edition). Monday, May 4, 1970.",https://www.govinfo.gov/app/details/GPO-CRECB-1970-pt10,https://www.govinfo.gov/content/pkg/GPO-CRECB-1970-pt10/pdf/GPO-CRECB-1970-pt10.pdf,,,,,"4, 1970 (PAGES 12657 TO 14096) UNITED STATES GOVERNMENT PRINTING OFFICE, WASHINGTON, 1970 United States of America Q:ongrrssional Rrcord PROCEEDINGS AND DEBATES OF THE 9 1st CONGRESS 1 SECOND SESSION SENATE-Thursday, April 23, 1970 The Senate met at 12 o'clock meridian and was called to order by Hon. SPESSARD L. HoLLAND, a Senator from the State...",
27,GPO,GPO-CRECB-1970-pt9,,"Volume 116, Part 9 (April 13, 1970 to April 21, 1970)","116 Cong. Rec. (Bound) - Volume 116, Part 9 (April 13, 1970 to April 21, 1970)","Congressional Record (Bound Edition). Tuesday, April 21, 1970.",https://www.govinfo.gov/app/details/GPO-CRECB-1970-pt9,https://www.govinfo.gov/content/pkg/GPO-CRECB-1970-pt9/pdf/GPO-CRECB-1970-pt9.pdf,,,,,"APRIL 21, 1970 (PAGES 11271 TO 12656) UNITED STATES GOVERNMENT PRINTING OFFICE, WASHINGTON, 1970 United States of America <rongrcssional Record PROCEEDINGS AND DEBATES OF THE 91st CONGRESS, SECOND SESSION HOUSE OF RE.PRESE.NTATIVES-Monday, April 13, 1970 The House met at 12 o'clock noon. Rev. Eugene V. Stime, president, Lutheran Biblical Institute,...",
28,GPO,GPO-CRECB-1970-pt8,,"Volume 116, Part 8 (April 1, 1970 to April 10, 1970)","116 Cong. Rec. (Bound) - Volume 116, Part 8 (April 1, 1970 to April 10, 1970)","Congressional Record (Bound Edition). Friday, April 10, 1970.",https://www.govinfo.gov/app/details/GPO-CRECB-1970-pt8,https://www.govinfo.gov/content/pkg/GPO-CRECB-1970-pt8/pdf/GPO-CRECB-1970-pt8.pdf,,,,,"APRIL 10, 1970 (PAGES 9923 TO 11270) UNITED STATES GOVERNMENT PRINTING OFFICE, WASHINGTON, 1970 \ ( I United States of America <rongrcssionat Record PROCEEDINGS AND DEBATES OF THE 9 Ist CONGRESS, SECOND SESSION SENATE-Wednesday, April 1, 1970 The Senat e met at 10 o'clock a.m. and was called to order by the Vice President. The Chaplain, the ...",
29,GPO,GPO-CRECB-1970-pt7,,"Volume 116, Part 7 (March 23, 1970 to March 31, 1970)","116 Cong. Rec. (Bound) - Volume 116, Part 7 (March 23, 1970 to March 31, 1970)","Congressional Record (Bound Edition). Tuesday, March 31, 1970.",https://www.govinfo.gov/app/details/GPO-CRECB-1970-pt7,https://www.govinfo.gov/content/pkg/GPO-CRECB-1970-pt7/pdf/GPO-CRECB-1970-pt7.pdf,,,,,"31, 1970 (PAGES 8495 TO 9922) UNITED STATES GOVERNMENT PRINTING OFFICE, WASHINGTON, 1970 United States of America Q:ongrcssional Record PROCEEDINGS AND DEBATES OF THE 9 I st CONGRESS, SECOND SESSION HOUSE OF REPRESENTATIVE;S-Monday, March 23, 1970 The House met as 12 o'clock noon. The Chaplain, Rev. Edward G. Latch, D.D., offered the fol~owing ...",
30,GPO,GPO-CRECB-1970-pt6,,"Volume 116, Part 6 (March 12, 1970 to March 20, 1970)","116 Cong. Rec. (Bound) - Volume 116, Part 6 (March 12, 1970 to March 20, 1970)","Congressional Record (Bound Edition). Friday, March 20, 1970.",https://www.govinfo.gov/app/details/GPO-CRECB-1970-pt6,https://www.govinfo.gov/content/pkg/GPO-CRECB-1970-pt6/pdf/GPO-CRECB-1970-pt6.pdf,,,,,"20, 1970 (PAGES 1071 TO 8494) UNITED STATES GOVERNMENT PRINTING OFFICE, WASHINGTON, 1970 United States of America <iongrcssional Record PROCEEDINGS AND DEBATES OF THE 9 ! 51 CONGRESS, SECOND SESSION SENA·TE-Thursday, March 12, 1970 <Legislative day of Wednesday, March 11, 1970) The Senate met at 10 o'clock a.m., on the expiration of the recess, ...",
31,GPO,GPO-CRECB-1970-pt5,,"Volume 116, Part 5 (March 3, 1970 to March 11, 1970)","116 Cong. Rec. (Bound) - Volume 116, Part 5 (March 3, 1970 to March 11, 1970)","Congressional Record (Bound Edition). Wednesday, March 11, 1970.",https://www.govinfo.gov/app/details/GPO-CRECB-1970-pt5,https://www.govinfo.gov/content/pkg/GPO-CRECB-1970-pt5/pdf/GPO-CRECB-1970-pt5.pdf,,,,,"11, 1970 (PAGES 5597 TO 7070) UNITED STATES GOVERNMENT PRINTING OFFICE, WASHINGTON, 1970 United States of America <tongrrssional Rrcord PROCEEDINGS AND DEBATES OF THE 9 I 51 CONGRESS, SECOND SESSION SENA·TE-Tuesday, March 3, 1970 The Senate met at 11:30 o'clock a.m. and was called to order by the President pro tempore (Mr. RUSSELL). The Chaplain,...",
32,GPO,GPO-CRECB-1970-pt4,,"Volume 116, Part 4 (February 20, 1970 to March 2, 1970)","116 Cong. Rec. (Bound) - Volume 116, Part 4 (February 20, 1970 to March 2, 1970)","Congressional Record (Bound Edition). Monday, March 2, 1970.",https://www.govinfo.gov/app/details/GPO-CRECB-1970-pt4,https://www.govinfo.gov/content/pkg/GPO-CRECB-1970-pt4/pdf/GPO-CRECB-1970-pt4.pdf,,,,,"1970 (PAGES 4247 TO 5596) UNITED STATES GOVERNMENT PRINTING OFFICE, WASHINGTON, 1970 United States of America Q:ongrcssional Record PROCEEDINGS AND DEBATES OF THE 9 1st CONGRESS, SECOND SESSION SENATE-Friday, February 20, 1970 The Senate met at 10 o'clock a.m. and was called to order by the President pro tempore (Mr. RUSSELL). The Chaplain, the ...",
33,GPO,GPO-CRECB-1970-pt3,,"Volume 116, Part 3 (February 9, 1970 to February 19, 1970)","116 Cong. Rec. (Bound) - Volume 116, Part 3 (February 9, 1970 to February 19, 1970)","Congressional Record (Bound Edition). Thursday, February 19, 1970.",https://www.govinfo.gov/app/details/GPO-CRECB-1970-pt3,https://www.govinfo.gov/content/pkg/GPO-CRECB-1970-pt3/pdf/GPO-CRECB-1970-pt3.pdf,,,,,"19, 1970 ·(PAGES 2777 TO 4246) UNITED STATES GOVERNMENT PRINTING OFFICE, WASHINGTON, 1970 United States of America <iongr(ssional1R(cord PROCEEDINGS AND DEBATES OF THE 9 ! 51 CONGRESS, SECOND SESSION HOUSE OF REPRESENTATIVES-Monday, February 9, 1970 The House met at 12 o'clock noon. Father Jerry McAndrews, S.J., superior at Loyola College, ...",
34,GPO,GPO-CRECB-1970-pt2,,"Volume 116, Part 2 (January 28, 1970 to February 6, 1970)","116 Cong. Rec. (Bound) - Volume 116, Part 2 (January 28, 1970 to February 6, 1970)","Congressional Record (Bound Edition). Friday, February 6, 1970.",https://www.govinfo.gov/app/details/GPO-CRECB-1970-pt2,https://www.govinfo.gov/content/pkg/GPO-CRECB-1970-pt2/pdf/GPO-CRECB-1970-pt2.pdf,,,,,"FEBRUARY 6, 1970 (PAGES 1483 TO 2776) UNITED STATES GOVERNMENT PRINTING OFFICE, WASHINGTON, 1970 United States oj America <rongrcssional Record PROCEEDINGS AND DEBATES OF THE 91st CONGRESS, SECOND SESSION HOUS.E OF REPRESENTATIVES-Wednesday, January 28, 1970 The House met at 12 o'clock noon. The Chaplain, Rev. Edward G. Latch, D.D., offered the ...",
35,GPO,GPO-CRECB-1970-pt1,,"Volume 116, Part 1 (January 19, 1970 to January 27, 1970)","116 Cong. Rec. (Bound) - Volume 116, Part 1 (January 19, 1970 to January 27, 1970)","Congressional Record (Bound Edition). Tuesday, January 27, 1970.",https://www.govinfo.gov/app/details/GPO-CRECB-1970-pt1,https://www.govinfo.gov/content/pkg/GPO-CRECB-1970-pt1/pdf/GPO-CRECB-1970-pt1.pdf,,,,,"27, 1970 -(PAGES 3 TO 1482) UNITED STATES GOVERNMENT PRINTING OFFICE, WASHINGTON, 1970 United States of America <rongrrssional Rrcord PROCEEDINGS AND DEBATES OF THE 9 I st CONGRESS, SECOND SESSION SENATE-Monday, January 19, 1970 The 19th day of January being the day prescribed by Public Law 91-182, 91st Congress, first session, for the ...",
36,GPO,GPO-CRECB-1969-pt32,,"Volume 115, Part 32 (January 3, 1969 to December 23, 1969)","115 Cong. Rec. (Bound) - Volume 115, Part 32 (January 3, 1969 to December 23, 1969)","Congressional Record (Bound Edition). Tuesday, December 23, 1969.",https://www.govinfo.gov/app/details/GPO-CRECB-1969-pt32,https://www.govinfo.gov/content/pkg/GPO-CRECB-1969-pt32/pdf/GPO-CRECB-1969-pt32.pdf,,,,,", WASHINGTON, 1969 Daily Digest Friday, January 3, 1969 Senate Chamber Action Routine Proceedings, pages 3-12 Resolutions Submitted: Nine resolutions were sub- mitted, as follows: S. Res. 1-8; and S. Con. Res. 1. Pages 8-9 President Pro Tempore: S. Res. 4, providing for the election of Senator Russell, of Georgia, as President pro tempore of ...",
37,GPO,GPO-CRECB-1969-pt30,,"Volume 115, Part 30 (December 19, 1969 to December 23, 1969)","115 Cong. Rec. (Bound) - Volume 115, Part 30 (December 19, 1969 to December 23, 1969)","Congressional Record (Bound Edition). Tuesday, December 23, 1969.",https://www.govinfo.gov/app/details/GPO-CRECB-1969-pt30,https://www.govinfo.gov/content/pkg/GPO-CRECB-1969-pt30/pdf/GPO-CRECB-1969-pt30.pdf,,,,,"DECEMBER 23, 1969 (PAGES 40115 TO 41455) UNITED STATES GOVERNMENT PRINTING OFFICE, WASHINGTON, 1969 United States of America <Longrrssional 1Rrrord PROCEEDINGS AND DEBATES OF THE 9 I st CONGRESS, FIRST SESSION SENATE-Friday, December 19, 1969 The Senate met at 11 o'clock a.m. and was called to order by Hon. JAMES B. ALLEN, a Senator from the State...",
38,GPO,GPO-CRECB-1969-pt31,,"Volume 115, Part 31 (January 3, 1969 to December 23, 1969)","115 Cong. Rec. (Bound) - Volume 115, Part 31 (January 3, 1969 to December 23, 1969)","Congressional Record (Bound Edition). Tuesday, December 23, 1969.",https://www.govinfo.gov/app/details/GPO-CRECB-1969-pt31,https://www.govinfo.gov/content/pkg/GPO-CRECB-1969-pt31/pdf/GPO-CRECB-1969-pt31.pdf,,,,,", TO DECEMBER 23, 1969 UNITED STATES GOVERNMENT PRINTING OFFICE, WASHINGTON, 1969 NAMES AND POST-OFFICE ADDRESSES OF MEMBERS OF THE UNITED .STATES SENATE IN THiil FIRST SESSION OF THE NINETY-FIRST CONGRESS SPIRO T. AGNEW, Vice President, Washington, D.C.; RICHARD B. RUSSELL, President pro tempore, Winder, Ga. Name Home post office Name Home post ...",
39,GPO,GPO-CRECB-1969-pt29,,"Volume 115, Part 29 (December 12, 1969 to December 18, 1969)","115 Cong. Rec. (Bound) - Volume 115, Part 29 (December 12, 1969 to December 18, 1969)","Congressional Record (Bound Edition). Thursday, December 18, 1969.",https://www.govinfo.gov/app/details/GPO-CRECB-1969-pt29,https://www.govinfo.gov/content/pkg/GPO-CRECB-1969-pt29/pdf/GPO-CRECB-1969-pt29.pdf,,,,,"18, 1969 (PAGES 38621 TO 40114) UNITED STATES GOVERNMENT PRINTING OFFICE, WASHINGTON, 1969 United States of America <rongrcssional Record PROCEEDINGS AND DEBATES OF THE 9 I st CONGRESS, FIRST SESSION SENATE-Friday, December 12, 1969 . The Senate met at 10 o'clock a.m. and was called to order by the Acting Presi- dent pro tempore <Mr. METCALF). ...",
40,GPO,GPO-CRECB-1969-pt28,,"Volume 115, Part 28 (December 5, 1969 to December 11, 1969)","115 Cong. Rec. (Bound) - Volume 115, Part 28 (December 5, 1969 to December 11, 1969)","Congressional Record (Bound Edition). Thursday, December 11, 1969.",https://www.govinfo.gov/app/details/GPO-CRECB-1969-pt28,https://www.govinfo.gov/content/pkg/GPO-CRECB-1969-pt28/pdf/GPO-CRECB-1969-pt28.pdf,,,,,"DECEMBER 11, 1969 (PAGES 37183 TO 38620) ~ •• '; .. !'.~ ... ~=======~ UNITED STATES GOVERNMENT PRINTING OFFICE, WASHINGTON, 1969 j United States of America <rongrrssionat1Rrrord PROCEEDINGS AND DEBATES OF THE 9 I st CONGRESS, FIRST SESSION SENATE-Friday, December 5, 1969 The Senate met at 9:30 a.m. and was called to order by the Acting President ...",
41,GPO,GPO-CRECB-1969-pt27,,"Volume 115, Part 27 (November 26, 1969 to December 4, 1969)","115 Cong. Rec. (Bound) - Volume 115, Part 27 (November 26, 1969 to December 4, 1969)","Congressional Record (Bound Edition). Thursday, December 4, 1969.",https://www.govinfo.gov/app/details/GPO-CRECB-1969-pt27,https://www.govinfo.gov/content/pkg/GPO-CRECB-1969-pt27/pdf/GPO-CRECB-1969-pt27.pdf,,,,,"DECEMBER 4, 1969 (PAGES 35895 TO 37182) UNITED STATES GOVERNMENT PRINTING OFFICE, WASHINGTON, 1969 United States of America <iongrrssional 1Rrrord PROCEEDINGS AND DEBATES OF THE 9 I st CONGRESS, FIRST SESSION .SENAT'E-Wednesday, November 26, 1969 The Senate met at 10 o'clock a.m., and was called to order by Hon. JAMES B. ALLEN, a Senator from the...",
42,GPO,GPO-CRECB-1969-pt26,,"Volume 115, Part 26 (November 18, 1969 to November 25, 1969)","115 Cong. Rec. (Bound) - Volume 115, Part 26 (November 18, 1969 to November 25, 1969)","Congressional Record (Bound Edition). Tuesday, November 25, 1969.",https://www.govinfo.gov/app/details/GPO-CRECB-1969-pt26,https://www.govinfo.gov/content/pkg/GPO-CRECB-1969-pt26/pdf/GPO-CRECB-1969-pt26.pdf,,,,,"TO NOVEMBER 25, 1969 (PAGES 34517 TO 35894) UNITED STATES GOVERNMENT PRINTING OFFICE, WASHINGTON, 1969 United States of America <iongrrssional 1Rrcord PROCEEDINGS AND DEBATES OF THE 9 I st CONGRESS, FIRST SESSION . SENATE-Tuesday, November 18, 1969 The Senate met in executive session at 12 o'clock meridian and was called to order by the President ...",
43,GPO,GPO-CRECB-1969-pt25,,"Volume 115, Part 25 (November 6, 1969 to November 17, 1969)","115 Cong. Rec. (Bound) - Volume 115, Part 25 (November 6, 1969 to November 17, 1969)","Congressional Record (Bound Edition). Monday, November 17, 1969.",https://www.govinfo.gov/app/details/GPO-CRECB-1969-pt25,https://www.govinfo.gov/content/pkg/GPO-CRECB-1969-pt25/pdf/GPO-CRECB-1969-pt25.pdf,,,,,"NOVEMBER 17, 1969 (PAGES 33255 TO 34516) UNITED STATES GOVERNMENT PRINTING OFFICE, WASHINGTON, 1969 United States of America Q:ongrrssional Rrcord PROCEEDINGS AND DEBATES OF THE 9 I st CONGRESS, FIRST SESSION HOUSE OF REPRESENTATIVES-Thursday, November 6, 1969 The House met at 12 o'c1ock noon. The Chaplain, Rev. Edward G. Latch, D.O., offered the ...",
44,GPO,GPO-CRECB-1969-pt24,,"Volume 115, Part 24 (October 29, 1969 to November 5, 1969)","115 Cong. Rec. (Bound) - Volume 115, Part 24 (October 29, 1969 to November 5, 1969)","Congressional Record (Bound Edition). Wednesday, November 5, 1969.",https://www.govinfo.gov/app/details/GPO-CRECB-1969-pt24,https://www.govinfo.gov/content/pkg/GPO-CRECB-1969-pt24/pdf/GPO-CRECB-1969-pt24.pdf,,,,,", TO NOVEMBER 5, 1969 (PAGES 32005 TO 33254) UNITED STATES GOVERNMENT PRINTING OFFICE, WASHINGTON, 1969 1 '\ I 1 r/ .I , l I I I ( United States of America Q:ongrcssional Record PROCEEDINGS AND DEBATES OF THE 9 I st CONGRESS, FIRST SESSION HOUSE O·F REPR.E.SENTATIVE~S-Wednesday, October 29, 1969 The House met at 12 o'clock noon. Rev. Paul Suder,...",
45,GPO,GPO-CRECB-1969-pt23,,"Volume 115, Part 23 (October 21, 1969 to October 28, 1969)","115 Cong. Rec. (Bound) - Volume 115, Part 23 (October 21, 1969 to October 28, 1969)","Congressional Record (Bound Edition). Tuesday, October 28, 1969.",https://www.govinfo.gov/app/details/GPO-CRECB-1969-pt23,https://www.govinfo.gov/content/pkg/GPO-CRECB-1969-pt23/pdf/GPO-CRECB-1969-pt23.pdf,,,,,"OCI'OBER 28, 1969 (PAGES 30643 TO 32004) ' UNITED STATES GOVERNMENT PRINTING OFFICE, WASHINGTON, 1969 United States of America <Longrrssional Rrcord PROCEEDINGS AND DEBATES OF THE 9 I st CONGRESS, FIRST SESSION SENATE-Tuesday, October 21, 1969 The Senate met at 12 o'clock noon and was called to order by the President pro tempore. The Chaplain, the...",
46,GPO,GPO-CRECB-1969-pt22,,"Volume 115, Part 22 (October 9, 1969 to October 20, 1969)","115 Cong. Rec. (Bound) - Volume 115, Part 22 (October 9, 1969 to October 20, 1969)","Congressional Record (Bound Edition). Monday, October 20, 1969.",https://www.govinfo.gov/app/details/GPO-CRECB-1969-pt22,https://www.govinfo.gov/content/pkg/GPO-CRECB-1969-pt22/pdf/GPO-CRECB-1969-pt22.pdf,,,,,"20, 1969 (PAGES 29313 TO 30642) UNITED STATES GOVERNMENT PRINTING OFFICE, WASHINGTON, 1969 United States of America <ionyr(ssionallt(cord PROCEEDINGS AND DEBATES OF THE 9 I st CONGRESS, FIRST SESSION HOUSE O·F ' REPRE.SENTATIVES-Thursday, October 9, 1969 The House met ·rut 12 o'clock noon. The Chaplain, Rev. Edward G. Latch, D.D., offered the...",
47,GPO,GPO-CRECB-1969-pt21,,"Volume 115, Part 21 (October 1, 1969 to October 8, 1969)","115 Cong. Rec. (Bound) - Volume 115, Part 21 (October 1, 1969 to October 8, 1969)","Congressional Record (Bound Edition). Wednesday, October 8, 1969.",https://www.govinfo.gov/app/details/GPO-CRECB-1969-pt21,https://www.govinfo.gov/content/pkg/GPO-CRECB-1969-pt21/pdf/GPO-CRECB-1969-pt21.pdf,,,,,"OCTOBER 8, 1969 ·(PAGES 27859 TO 29312) UNITED STATES GOVERNMENT PRINTING OFFICE, WASHINGTON, 1969 United States of America <tongrrssional Record PROCEEDINGS AND DEBATES OF THE 9 I st CONGRESS, FIRST SESSION SENATE-Wednesday, October 1, 1969 The Senate met at 12 o'clocx noon and was called to order by Hon. ROBERT W. PACKWOOD, a Senator from the ...",
48,GPO,GPO-CRECB-1969-pt20,,"Volume 115, Part 20 (September 23, 1969 to September 30, 1969)","115 Cong. Rec. (Bound) - Volume 115, Part 20 (September 23, 1969 to September 30, 1969)","Congressional Record (Bound Edition). Tuesday, September 30, 1969.",https://www.govinfo.gov/app/details/GPO-CRECB-1969-pt20,https://www.govinfo.gov/content/pkg/GPO-CRECB-1969-pt20/pdf/GPO-CRECB-1969-pt20.pdf,,,,,"TO SEPTEMBER 30, 1969 (PAGES 26565 TO 27858) UNITED STATES GOVERNMENT PRINTING OFFICE, WASHINGTON, 1969 United States of America <tongrcssional Record PROCEEDINGS AND DEBATES OF THE 9 I st CONGRESS, FIRST SESSION HOUSE OF REPRESENTATIVES-Tuesday, September 23, 1969 The House met at 12 o'clock noon. Rev. John E. Howell, pastor, First Baptist Church...",
49,GPO,GPO-CRECB-1969-pt19,,"Volume 115, Part 19 (September 11, 1969 to September 22, 1969)","115 Cong. Rec. (Bound) - Volume 115, Part 19 (September 11, 1969 to September 22, 1969)","Congressional Record (Bound Edition). Monday, September 22, 1969.",https://www.govinfo.gov/app/details/GPO-CRECB-1969-pt19,https://www.govinfo.gov/content/pkg/GPO-CRECB-1969-pt19/pdf/GPO-CRECB-1969-pt19.pdf,,,,,"SEPTEMBER 22, 1969 (PAGES 25125 TO 26564) UNITED STATES GOVERNMENT PRINTING OFFICE, WASHINGTON, 1969 United States of America <t_ongrcssionat Record PROCEEDINGS A~D DEBATES OF THE 9 I st CONGRESS, FIRST SESSION HOUSE OF REPRESENTATIVES-Thursday, September 11, 1969 The House met at 12 o'clock noon. The Chaplain, Rev. Edward G. Latch, D.D., offered ...",
50,GPO,GPO-CRECB-1969-pt18,,"Volume 115, Part 18 (August 13, 1969 to September 10, 1969)","115 Cong. Rec. (Bound) - Volume 115, Part 18 (August 13, 1969 to September 10, 1969)","Congressional Record (Bound Edition). Wednesday, September 10, 1969.",https://www.govinfo.gov/app/details/GPO-CRECB-1969-pt18,https://www.govinfo.gov/content/pkg/GPO-CRECB-1969-pt18/pdf/GPO-CRECB-1969-pt18.pdf,,,,,"10, 1969 (PAGES 23659 TO 25124) . ... UNITED STATES GOVERNMENT PRINTING OFFICE, WASHINGTON, 1969 United States of America <iongrcssional Record PROCEEDINGS AND DEBATES OF THE 9 I st CONGRESS, FIRST SESSION SENATE-Wednesday, August 13, 1969 The Senate met at 10 o'clock a.m. and was called to order by the President pro tempore. The Chaplain,...",
51,GPO,GPO-CRECB-1969-pt17,,"Volume 115, Part 17 (August 5, 1969 to August 12, 1969)","115 Cong. Rec. (Bound) - Volume 115, Part 17 (August 5, 1969 to August 12, 1969)","Congressional Record (Bound Edition). Tuesday, August 12, 1969.",https://www.govinfo.gov/app/details/GPO-CRECB-1969-pt17,https://www.govinfo.gov/content/pkg/GPO-CRECB-1969-pt17/pdf/GPO-CRECB-1969-pt17.pdf,,,,,"12, 1969 (PAGES 22197 TO 23658) '""'=- ?1Jf:~t. ..... · -:, .. · ==-Ia!!:::~-- UNITED STATES GOVERNMENT PRINTING OFFICE, WASHINGTON, 1969 United States of America Q:ongrrssional1Rrrord PROCEEDINGS AND DEBATES OF THE 9 I st CONGRESS, FIRST SESSION HO·USE OF REPRESENTATIVES.:._Tuesday, August 5, 1969 The House met at 12 o'clock noon. Rev. W. R. ...",
52,GPO,GPO-CRECB-1969-pt16,,"Volume 115, Part 16 (July 28, 1969 to August 4, 1969)","115 Cong. Rec. (Bound) - Volume 115, Part 16 (July 28, 1969 to August 4, 1969)","Congressional Record (Bound Edition). Monday, August 4, 1969.",https://www.govinfo.gov/app/details/GPO-CRECB-1969-pt16,https://www.govinfo.gov/content/pkg/GPO-CRECB-1969-pt16/pdf/GPO-CRECB-1969-pt16.pdf,,,,,"4, 1969 (PAGES 20847 TO 22196) UNITED STATES GOVERNMENT PRINTING OFFICE, WASHINGTON, 1969 United States of America (!ongrrssional Record PROCEEDINGS AND DEBATES OF THE 9 I st °CONGRESS, FIRST SESSION HOUSE OF REPRESENTATIVES-Monday, July 28, 1969 The House met at 12 o'clock noon. The Chaplain, Rev. Edward G. Latch, D.D., offered the following...",
53,GPO,GPO-CRECB-1969-pt15,,"Volume 115, Part 15 (July 15, 1969 to July 25, 1969)","115 Cong. Rec. (Bound) - Volume 115, Part 15 (July 15, 1969 to July 25, 1969)","Congressional Record (Bound Edition). Friday, July 25, 1969.",https://www.govinfo.gov/app/details/GPO-CRECB-1969-pt15,https://www.govinfo.gov/content/pkg/GPO-CRECB-1969-pt15/pdf/GPO-CRECB-1969-pt15.pdf,,,,,"JULY 25, 1969 (PAGES 19497 TO 20846) UNITED STATES GOVERNMENT PRINTING OFFICE, WASHINGTON. 1969 United States of America <iongrrssional Rrcord PROCEEDINGS AND DEBATES OF THE 91 st CONGRESS, FIRST SESSION SENATE,.......Tuesday, July 15, 1969 The Senate met at 11 o'clock a.m. and was called to order by the Acting Presi- dent pro tempore (Mr. METCALF)...",
54,GPO,GPO-CRECB-1969-pt14,,"Volume 115, Part 14 (July 2, 1969 to July 14, 1969)","115 Cong. Rec. (Bound) - Volume 115, Part 14 (July 2, 1969 to July 14, 1969)","Congressional Record (Bound Edition). Monday, July 14, 1969.",https://www.govinfo.gov/app/details/GPO-CRECB-1969-pt14,https://www.govinfo.gov/content/pkg/GPO-CRECB-1969-pt14/pdf/GPO-CRECB-1969-pt14.pdf,,,,,", 1969 (PAGES 18185 TO 19496) UNITED STATES GOVERNMENT PRINTING OFFICE, WASHINGTON, 1969 United States of America <iongrrssional Rrcord PROCEEDINGS AND DEBATES OF THE 9 I st CONGRESS, FIRST SESSION SENATE~Wednesday, July 2, 1969 The Senate met -at 12 o'clock noon and was called to order by the President pro tempore. The Chaplain, the Reverend Edw~...",
55,GPO,GPO-CRECB-1969-pt13,,"Volume 115, Part 13 (June 20, 1969 to July 1, 1969)","115 Cong. Rec. (Bound) - Volume 115, Part 13 (June 20, 1969 to July 1, 1969)","Congressional Record (Bound Edition). Tuesday, July 1, 1969.",https://www.govinfo.gov/app/details/GPO-CRECB-1969-pt13,https://www.govinfo.gov/content/pkg/GPO-CRECB-1969-pt13/pdf/GPO-CRECB-1969-pt13.pdf,,,,,"1, 1969 (PAGES 16711 TO 18184) UNITED STATES GOVERNMENT PRINTING OFFICE, WASHINGTON, 1969 United States of America <iongrcssional Record PROCEEDINGS AND DEBATES OF THE 9 I st CONGRESS, FIRST SESSION SENATE-Friday, lune 20, 1969 The Senate met at 11 o'clock a.m., aind was called t.o order by the Vice President. The Chaplain, the Reverend Edward L. ...",
56,GPO,GPO-CRECB-1969-pt12,,"Volume 115, Part 12 (June 10, 1969 to June 19, 1969)","115 Cong. Rec. (Bound) - Volume 115, Part 12 (June 10, 1969 to June 19, 1969)","Congressional Record (Bound Edition). Thursday, June 19, 1969.",https://www.govinfo.gov/app/details/GPO-CRECB-1969-pt12,https://www.govinfo.gov/content/pkg/GPO-CRECB-1969-pt12/pdf/GPO-CRECB-1969-pt12.pdf,,,,,"19, 1969 (PAGES 15265 TO 16710) UNITED STATES GOVERNMENT PRINTING OFFICE, WASHINGTON, 1969 United States of America <rongrrssional Record PROCEEDINGS AND DEBATES OF THE 9 I st CONGRESS, FIRST SESSION HOUSE OF REPRESENTATIVE~S-Tuesday, June 10, 1969 The House met at 12 o'clock noon. Rev. Robert W. Olewiler, Grace Re- formed Church, Washington, D.C...",
57,GPO,GPO-CRECB-1969-pt11,,"Volume 115, Part 11 (May 27, 1969 to June 9, 1969)","115 Cong. Rec. (Bound) - Volume 115, Part 11 (May 27, 1969 to June 9, 1969)","Congressional Record (Bound Edition). Monday, June 9, 1969.",https://www.govinfo.gov/app/details/GPO-CRECB-1969-pt11,https://www.govinfo.gov/content/pkg/GPO-CRECB-1969-pt11/pdf/GPO-CRECB-1969-pt11.pdf,,,,,"9, 1969 {PAGES 13881 TO 15264) UNITED STATES GOVERNMENT PRINTING OFFICE, WASHINGTON, 1969 United States of America <iongrcssional Record PROCEEDINGS AND DEBATES OF THE 9 I st CONGRESS, FIRST SESSION SENATE-Tuesday, May 27, 1969 The Senate met at 12 o'clock noon, and was called to order by the Vice President. The Chaplain, the Reverend Edward L. R. ...",
58,GPO,GPO-CRECB-1969-pt10,,"Volume 115, Part 10 (May 15, 1969 to May 26, 1969)","115 Cong. Rec. (Bound) - Volume 115, Part 10 (May 15, 1969 to May 26, 1969)","Congressional Record (Bound Edition). Monday, May 26, 1969.",https://www.govinfo.gov/app/details/GPO-CRECB-1969-pt10,https://www.govinfo.gov/content/pkg/GPO-CRECB-1969-pt10/pdf/GPO-CRECB-1969-pt10.pdf,,,,,"26, 1969 (PAGES 12645 TO 13880) UNITED STATES GOVERNMENT PRINTING OFFICE, WASHINGTON, 1969 United States of America <tongrtssional 1Rtcord PROCEEDINGS AND DEBATES OF THE 9 J st CONGRESS, FIRST SESSION HOUSE OF REPRESENTATIVES-Thursday, May 15, 1969 The House met at 12 o'clock noon. The Chaplain, Rev. Edward G. Latch, D.D., offered the following ...",
59,GPO,GPO-CRECB-1969-pt9,,"Volume 115, Part 9 (May 5, 1969 to May 14, 1969)","115 Cong. Rec. (Bound) - Volume 115, Part 9 (May 5, 1969 to May 14, 1969)","Congressional Record (Bound Edition). Wednesday, May 14, 1969.",https://www.govinfo.gov/app/details/GPO-CRECB-1969-pt9,https://www.govinfo.gov/content/pkg/GPO-CRECB-1969-pt9/pdf/GPO-CRECB-1969-pt9.pdf,,,,,"1969 (PAGES 11209 TO 12644) UNITED STATES GOVERNMENT PRINTING OFFICE, WASHINGTON, 1969 United States of America <rongrrssionat Rrcord PROCEEDINGS AND DEBATES OF THE 9 I st CONGRESS, FIRST SESSION HOUSE OF REPRESENTATIVES-Monday, May 5, 1969 The House met at 12 o'clock noon. The Chaplain, Rev. Edward G. Latch, D.D., offered the following prayer: If ...",
60,GPO,GPO-CRECB-1969-pt8,,"Volume 115, Part 8 (April 22, 1969 to May 1, 1969)","115 Cong. Rec. (Bound) - Volume 115, Part 8 (April 22, 1969 to May 1, 1969)","Congressional Record (Bound Edition). Thursday, May 1, 1969.",https://www.govinfo.gov/app/details/GPO-CRECB-1969-pt8,https://www.govinfo.gov/content/pkg/GPO-CRECB-1969-pt8/pdf/GPO-CRECB-1969-pt8.pdf,,,,,"1, 1969 (PAGES 9827 TO 11208) UNITED STATES GOVERNMENT PRINTING OFFICE, WASHINGTON, 1969 United States of America <iongrcssional1Rcrord PROCEEDINGS AND DEBATES OF THE 9 I st CONGRESS, FIRST SESSION SENATE-Tuesday, April 22, 1969 The Senate met at 12 o'clock meridian, and was called to order by the President pro tempore. The Chaplain, the Reverend...",
61,GPO,GPO-CRECB-1969-pt7,,"Volume 115, Part 7 (April 2, 1969 to April 21, 1969)","115 Cong. Rec. (Bound) - Volume 115, Part 7 (April 2, 1969 to April 21, 1969)","Congressional Record (Bound Edition). Monday, April 21, 1969.",https://www.govinfo.gov/app/details/GPO-CRECB-1969-pt7,https://www.govinfo.gov/content/pkg/GPO-CRECB-1969-pt7/pdf/GPO-CRECB-1969-pt7.pdf,,,,,"21, 1969 (PAGES 8379 TO 9826) UNITED STATES GOVERNMENT PRINTING OFFICE, WASHINGTON, 1969 United States of America <iongrrssional Rrrord PROCEEDINGS AND DEBATES OF THE 9 I st CONGRESS, FIRST SESSION • HOUSE OF REPRESENTATIVES-Wednesday, April 2, 1969 The House met at 12 o'clock noon. The Chaplain, Rev. Edward G. Latch, D.D., offered the ...",
62,GPO,GPO-CRECB-1969-pt6,,"Volume 115, Part 6 (March 20, 1969 to April 1, 1969)","115 Cong. Rec. (Bound) - Volume 115, Part 6 (March 20, 1969 to April 1, 1969)","Congressional Record (Bound Edition). Tuesday, April 1, 1969.",https://www.govinfo.gov/app/details/GPO-CRECB-1969-pt6,https://www.govinfo.gov/content/pkg/GPO-CRECB-1969-pt6/pdf/GPO-CRECB-1969-pt6.pdf,,,,,"1, 1969 (PAGES 6921 TO 8378) UNITED STATES GOVERNMENT PRINTING OFFICE, WASHINGTON, 1969 .~ 1' .. ' . United States of America Q:ongrcssional Record PROCEEDINGS AND DEBATES OF THE 9 I st CONGRESS, FIRST SESSION SENATE-Thursday, March 20, 1969 The Senate met at 12 o'clock meridi·an, and was called to order by the Vice President. The Chaplain, the ...",
63,GPO,GPO-CRECB-1969-pt5,,"Volume 115, Part 5 (March 7, 1969 to March 19, 1969)","115 Cong. Rec. (Bound) - Volume 115, Part 5 (March 7, 1969 to March 19, 1969)","Congressional Record (Bound Edition). Wednesday, March 19, 1969.",https://www.govinfo.gov/app/details/GPO-CRECB-1969-pt5,https://www.govinfo.gov/content/pkg/GPO-CRECB-1969-pt5/pdf/GPO-CRECB-1969-pt5.pdf,,,,,"19, 1969 (PAGES 5499 TO 6920) UNITED STATES GOVERNMENT PRINTING OFFICE, WASHINGTON, 1969 United States of America ~ongrrssional Record PROCEEDINGS AND DEBATES OF THE 9 I st CONGRESS, FIRST SESSION SENATE-Friday, March 7, 1969 The Senate met at 12 o'clock meridian, and was called to order by the Vice President. The Chaplain, the Reverend Edward L...",
64,GPO,GPO-CRECB-1969-pt4,,"Volume 115, Part 4 (February 24, 1969 to March 6, 1969)","115 Cong. Rec. (Bound) - Volume 115, Part 4 (February 24, 1969 to March 6, 1969)","Congressional Record (Bound Edition). Thursday, March 6, 1969.",https://www.govinfo.gov/app/details/GPO-CRECB-1969-pt4,https://www.govinfo.gov/content/pkg/GPO-CRECB-1969-pt4/pdf/GPO-CRECB-1969-pt4.pdf,,,,,", 1969, TO MARCH 6, 1969 (PAGES 4179 TO 5498) UNITED STATES GOVERNMENT PRINTING OFFICE, WASHINGTON, 1969 United States of America Q:ongrcssional Record PROCEEDINGS AND DEBATES OF THE 9 I st CONGRESS, FIRST SESSION HOUSE OF REPRESENTATIVES-Monday, February 24, 1969 The House met at 12 o'clock noon. The Reverend Rudolf Troost, Estonian Lutheran ...",
65,GPO,GPO-CRECB-1969-pt3,,"Volume 115, Part 3 (February 5, 1969 to February 21, 1969)","115 Cong. Rec. (Bound) - Volume 115, Part 3 (February 5, 1969 to February 21, 1969)","Congressional Record (Bound Edition). Friday, February 21, 1969.",https://www.govinfo.gov/app/details/GPO-CRECB-1969-pt3,https://www.govinfo.gov/content/pkg/GPO-CRECB-1969-pt3/pdf/GPO-CRECB-1969-pt3.pdf,,,,,", TO FEBRUARY 21, 1969 (PAGES 2775 TO 4178) UNITED STATES GOVERNMENT PRINTING OFFICE, WASHINGTON, 1969 United States of America Q:ongrrsstonat Rrcord PROCEEDINGS AND DEBATES OF THE 9 I st CONGRESS, FIRST SESSION HOUSE OF REPRESENTATIVES-Wednesday, February 5, 1969 The House met at 12 o'clock noon. Rev. Russell R. Lester, the United Presbyterian ...",
66,GPO,GPO-CRECB-1969-pt2,,"Volume 115, Part 2 (January 22, 1969 to February 4, 1969)","115 Cong. Rec. (Bound) - Volume 115, Part 2 (January 22, 1969 to February 4, 1969)","Congressional Record (Bound Edition). Tuesday, February 4, 1969.",https://www.govinfo.gov/app/details/GPO-CRECB-1969-pt2,https://www.govinfo.gov/content/pkg/GPO-CRECB-1969-pt2/pdf/GPO-CRECB-1969-pt2.pdf,,,,,"4, 1969 (PAGES 1381 TO 2774) UNITED STATES GOVERNMENT PRINTING OFFICE, WASHINGTON, 1969 United States of America (!ongrcssional Record PROCEEDINGS AND DEBATES OF THE 91 st GONGRESS,. FIRST SESSION SENATE-Wednesday, January 22, 1969 The Senate met at 12 meridian, on the expiration of the recess, and was called to order by the Vice President. ...",
67,GPO,GPO-CRECB-1969-pt1,,"Volume 115, Part 1 (January 3, 1969 to January 21, 1969)","115 Cong. Rec. (Bound) - Volume 115, Part 1 (January 3, 1969 to January 21, 1969)","Congressional Record (Bound Edition). Tuesday, January 21, 1969.",https://www.govinfo.gov/app/details/GPO-CRECB-1969-pt1,https://www.govinfo.gov/content/pkg/GPO-CRECB-1969-pt1/pdf/GPO-CRECB-1969-pt1.pdf,,,,,"TO JANUARY 21, 1969 (PAGES 3 TO 1380) UNITED STATES GOVERNMENT PRINTING OFFICE, WASHINGTON, 1969 United States of America <tongrrssionat Rrcord PROCEEDINGS AND DEBATES OF THE 9 I st CONGRESS, FIRST SESSION SENATE-Friday, January 3, 1969 The 3d of January being the day prescribed by the Constitution of the United States for the annual meeting of ...",