index,collectionCode,packageId,granuleId,title,line1,line2,detailsLink,pdfLink,htmlLink,xmlLink,otherLink1,otherLink2,teaser,historical
1,GPO,GPO-CRECB-1964-pt28,,"Volume 110, Part 28 (August 3, 1964 to October 3, 1964)","110 Cong. Rec. (Bound) - Volume 110, Part 28 (August 3, 1964 to October 3, 1964)","Congressional Record (Bound Edition). Saturday, October 3, 1964.",https://www.govinfo.gov/app/details/GPO-CRECB-1964-pt28,https://www.govinfo.gov/content/pkg/GPO-CRECB-1964-pt28/pdf/GPO-CRECB-1964-pt28.pdf,,,,,"the decennial census. State Attorney General John W. Reynolds sought to force action on reapportionment during the Nelson administration, but the litigation had produced no acceptable legis- lation by the time Reynolds moved into the Governor's mansion. Governor NELSON had called the legisla- ture back into session in June 1962 to a.ct on ...",
2,GPO,GPO-CRECB-1964-pt27,,"Volume 110, Part 27 (July 1, 1964 to October 3, 1964)","110 Cong. Rec. (Bound) - Volume 110, Part 27 (July 1, 1964 to October 3, 1964)","Congressional Record (Bound Edition). Saturday, October 3, 1964.",https://www.govinfo.gov/app/details/GPO-CRECB-1964-pt27,https://www.govinfo.gov/content/pkg/GPO-CRECB-1964-pt27/pdf/GPO-CRECB-1964-pt27.pdf,,,,,"Wednesday, July 1, 1964 Mrs. MAY. Mr. Speaker, on Wednes- day of last week I addressed the House on the subject of the need of American consumers for ample supplies of sugar at reasonable prices. This consumer need will be met through enactment of legislation embodying the provisions of some 30 bills now pending in the Com- mittee on Agriculture...",
3,GPO,GPO-CRECB-1964-pt19,,"Volume 110, Part 19 (January 7, 1964 to October 3, 1964)","110 Cong. Rec. (Bound) - Volume 110, Part 19 (January 7, 1964 to October 3, 1964)","Congressional Record (Bound Edition). Saturday, October 3, 1964.",https://www.govinfo.gov/app/details/GPO-CRECB-1964-pt19,https://www.govinfo.gov/content/pkg/GPO-CRECB-1964-pt19/pdf/GPO-CRECB-1964-pt19.pdf,,,,,"TO OCTOBER 3, 1964 UNITED STATES GOVERNMENT PRINTING OFFICE, WASHIN<;iTON, 1964 /. NAMES AND POST-OFFICE ADDRESSES OF MEMBERS OF THE UNITED STATES SEN ATE IN THE SECOND SESSION OF THE EIGHTY-EIGHTH CONGRESS LYNDON B. JOHNSON,1 Vice President, Johnson City, Tex.; CARL HAYDEN, President pro tempore, Phoenix, Ariz. Name Hoµie post omce Name Home post...",
4,GPO,GPO-CRECB-1964-pt22,,"Volume 110, Part 22 (February 1, 1964 to October 3, 1964)","110 Cong. Rec. (Bound) - Volume 110, Part 22 (February 1, 1964 to October 3, 1964)","Congressional Record (Bound Edition). Saturday, October 3, 1964.",https://www.govinfo.gov/app/details/GPO-CRECB-1964-pt22,https://www.govinfo.gov/content/pkg/GPO-CRECB-1964-pt22/pdf/GPO-CRECB-1964-pt22.pdf,,,,,". Mr. Speaker, I have today introduced a wheat bill which is identical to the bill introduced recently by Congressman MARK ANDREWS, of North Dakota, in the House, and in the Senate by Senators FRANK CARLSON. of Kansas, KARL MUNDT, of South Dakota, and MILT YOUNG, of North Dakota. Iowa, of course, is not one of the lead- ing wheat-producing States ...",
5,GPO,GPO-CRECB-1964-pt26,,"Volume 110, Part 26 (June 1, 1964 to October 3, 1964)","110 Cong. Rec. (Bound) - Volume 110, Part 26 (June 1, 1964 to October 3, 1964)","Congressional Record (Bound Edition). Saturday, October 3, 1964.",https://www.govinfo.gov/app/details/GPO-CRECB-1964-pt26,https://www.govinfo.gov/content/pkg/GPO-CRECB-1964-pt26/pdf/GPO-CRECB-1964-pt26.pdf,,,,,". FINO. Mr. Speaker, I am happy to insert in the Appendix of this RECORD, a speech delivered by Floyd I. Silk, on Saturday, May 30, 1964, on behalf of the United War Veterans Memorial and Ex- ecutive Committee of New York City. The speech was made at a Memorial Day break.fast. The text of Mr. Silk's speech follows: FLOYD l. Sn.K'S MESSAGE, MEMORIAL...",
6,GPO,GPO-CRECB-1964-pt24,,"Volume 110, Part 24 (April 1, 1964 to October 3, 1964)","110 Cong. Rec. (Bound) - Volume 110, Part 24 (April 1, 1964 to October 3, 1964)","Congressional Record (Bound Edition). Saturday, October 3, 1964.",https://www.govinfo.gov/app/details/GPO-CRECB-1964-pt24,https://www.govinfo.gov/content/pkg/GPO-CRECB-1964-pt24/pdf/GPO-CRECB-1964-pt24.pdf,,,,,"IN THE SENATE OF THE UNITED..STATES Wednesday, April1, 1964 ) Mr. HARTKE. ' Mr. President, Dr. Herrell DeGraff is president of the Amer- ican Meat Institute and a resident of Valparaiso, Ind. Formerly a food econ- omist on the faculty of Cornell Univer- sity, Dr. DeGraff is a man whose long experience has given him insight into the economics of ...",
7,GPO,GPO-CRECB-1964-pt21,,"Volume 110, Part 21 (January 7, 1964 to October 3, 1964)","110 Cong. Rec. (Bound) - Volume 110, Part 21 (January 7, 1964 to October 3, 1964)","Congressional Record (Bound Edition). Saturday, October 3, 1964.",https://www.govinfo.gov/app/details/GPO-CRECB-1964-pt21,https://www.govinfo.gov/content/pkg/GPO-CRECB-1964-pt21/pdf/GPO-CRECB-1964-pt21.pdf,,,,,". Mr. Speaker, the misconceptions of the nature and func- tions of Congress which cause some of our critics to demand drastic reforms in our legislative process are exposed and analyzed by our former colleague, the Honorable Frank N. Ikard, who is now president of the American Petroleum In- stitute. Mr. Ikard's timely presentation ap- pears ...",
8,GPO,GPO-CRECB-1964-pt23,,"Volume 110, Part 23 (March 2, 1964 to October 3, 1964)","110 Cong. Rec. (Bound) - Volume 110, Part 23 (March 2, 1964 to October 3, 1964)","Congressional Record (Bound Edition). Saturday, October 3, 1964.",https://www.govinfo.gov/app/details/GPO-CRECB-1964-pt23,https://www.govinfo.gov/content/pkg/GPO-CRECB-1964-pt23/pdf/GPO-CRECB-1964-pt23.pdf,,,,,"Mond.a11. March 2. 1964 Mr. FOGARTY. Mr. Speaker, under leave to extend my remarks I include e.n article from the March 1964 issue of the Retail Clerks Advocate. This article, while brief, gives further insight into the makeup of our respected, capable, and dynamic Speaker, JOHN w. McCOR• MACK. The article follows: AJ.n:Rl:CAYS SECOND ...",
9,GPO,GPO-CRECB-1964-pt29,,"Volume 110, Part 29 (September 1, 1964 to October 3, 1964)","110 Cong. Rec. (Bound) - Volume 110, Part 29 (September 1, 1964 to October 3, 1964)","Congressional Record (Bound Edition). Saturday, October 3, 1964.",https://www.govinfo.gov/app/details/GPO-CRECB-1964-pt29,https://www.govinfo.gov/content/pkg/GPO-CRECB-1964-pt29/pdf/GPO-CRECB-1964-pt29.pdf,,,,,", Father, and Nine Brothers and Sisters of Plebe From New York EXTENSION OF REMARKS OF HON. JENNINGS RANDOLPH OF WEST VIRGINIA • IN THE SENATE OF THE UNITED STATES Tuesday, September 1;1(1.964 Mr. RANDOLPH. Mr. President, it is my belief that among our country's most \ital investments are those in the service academies and the capable young men ...",
10,GPO,GPO-CRECB-1964-pt20,,"Volume 110, Part 20 (January 7, 1964 to October 3, 1964)","110 Cong. Rec. (Bound) - Volume 110, Part 20 (January 7, 1964 to October 3, 1964)","Congressional Record (Bound Edition). Saturday, October 3, 1964.",https://www.govinfo.gov/app/details/GPO-CRECB-1964-pt20,https://www.govinfo.gov/content/pkg/GPO-CRECB-1964-pt20/pdf/GPO-CRECB-1964-pt20.pdf,,,,,"PRINTING OFFICE, WASHINGTON, 1964 • • r, Daily Digest Tuesday, January 7, 1964 HIGHLIGHTS Second session of the Eighty-eighth Congress convened. House adjourned out of respect to the memory of Representative Baker. Senate Chamber Action Resolutions Submitted: Three resolutions were sub- mitted, as follows: S. Res. 245-247. Page 4 Procedural ...",
11,GPO,GPO-CRECB-1964-pt25,,"Volume 110, Part 25 (May 1, 1964 to October 3, 1964)","110 Cong. Rec. (Bound) - Volume 110, Part 25 (May 1, 1964 to October 3, 1964)","Congressional Record (Bound Edition). Saturday, October 3, 1964.",https://www.govinfo.gov/app/details/GPO-CRECB-1964-pt25,https://www.govinfo.gov/content/pkg/GPO-CRECB-1964-pt25/pdf/GPO-CRECB-1964-pt25.pdf,,,,,"lSOth Armored Cavalry Participate in Moving Memorial EXTENSION OF REMARKS OF HON. JEN~INGS RANDOLPH OF WEST vmGINIA IN THE SENATE OF THE UNITED STATES Friday, May 1. 1964 Mr. RANDOLPH. Mr. President, the late John F. Kennedy was a leader who captured the hearts and imaginations of mlli1ons of freedom-loving people the world over. His energy, wisdom...",
12,GPO,GPO-CRECB-1964-pt18,,"Volume 110, Part 18 (September 29, 1964 to October 3, 1964)","110 Cong. Rec. (Bound) - Volume 110, Part 18 (September 29, 1964 to October 3, 1964)","Congressional Record (Bound Edition). Saturday, October 3, 1964.",https://www.govinfo.gov/app/details/GPO-CRECB-1964-pt18,https://www.govinfo.gov/content/pkg/GPO-CRECB-1964-pt18/pdf/GPO-CRECB-1964-pt18.pdf,,,,,"1964, TO OCTOBER 3, 1964 (PAGES 23017 TO 24370) UNITED STATES GOVERNMENT PRINTING OFFICE, WASHINGTON, 1964 .. . I ., United States of America ttongrrssional Rrcord PROCEEDINGS AND DEBATES OF THE 88th CONGRESS, SECOND SESSION SENATE TUESDAY, SEPTEMBER 29, 1964 The Senate met at 12 o'clock meridian, and was called to order by the Acting President pro...",
13,GPO,GPO-CRECB-1964-pt30,,"Volume 110, Part 30 (October 1, 1964 to October 3, 1964)","110 Cong. Rec. (Bound) - Volume 110, Part 30 (October 1, 1964 to October 3, 1964)","Congressional Record (Bound Edition). Saturday, October 3, 1964.",https://www.govinfo.gov/app/details/GPO-CRECB-1964-pt30,https://www.govinfo.gov/content/pkg/GPO-CRECB-1964-pt30/pdf/GPO-CRECB-1964-pt30.pdf,,,,,"of New York. Mr. Speaker, under leave to extend my re- marks in the REcoRD, I include the fol- lowing: _) EXCERPT FROM REMARKS OF HoN. JoHN M. 1-.{URPHY, 16TH DISTRICT, NEW YoRK, AT THE 1964 PROPELLER CLUB CONVENTION AND :MERCHANT MARINE CoNFERENCE, SEPTEM- r BER 30, 1964, NEW YORK CrrY, AMERICAN GRAND BALLROOM AT THE WALDORF AsTORIA I ap}'...",
14,GPO,GPO-CRECB-1964-pt17,,"Volume 110, Part 17 (September 9, 1964 to September 28, 1964)","110 Cong. Rec. (Bound) - Volume 110, Part 17 (September 9, 1964 to September 28, 1964)","Congressional Record (Bound Edition). Monday, September 28, 1964.",https://www.govinfo.gov/app/details/GPO-CRECB-1964-pt17,https://www.govinfo.gov/content/pkg/GPO-CRECB-1964-pt17/pdf/GPO-CRECB-1964-pt17.pdf,,,,,", 1964, TO SEPTEMBER 28, 1964 (PAGES 21745 TO 23016) UNITED STATES GOVERNMENT PRINTING OFFICE, WASHINGTON, 19.64 j. United States of America <iongf.cssional Record PROCEEDINGS AND DEBATES OF THE 88th CONGRESS, SECOND SESSION SENATE WEDNESDAY, SEPTEMBER 9, 1964 The Senate met at 12 o'clock meridian, and was called to order by the Acting President ...",
15,GPO,GPO-CRECB-1964-pt16,,"Volume 110, Part 16 (August 20, 1964 to September 8, 1964)","110 Cong. Rec. (Bound) - Volume 110, Part 16 (August 20, 1964 to September 8, 1964)","Congressional Record (Bound Edition). Tuesday, September 8, 1964.",https://www.govinfo.gov/app/details/GPO-CRECB-1964-pt16,https://www.govinfo.gov/content/pkg/GPO-CRECB-1964-pt16/pdf/GPO-CRECB-1964-pt16.pdf,,,,,"SEPTEMBER 8, 1964 (PAGES 20539 TO 21744) UNITED STATES GOVERNMENT PRINTING OFFICE, WASHINGTON, 1964 United States of America <tongrrssional 1Rcr0rd PROCEEDINGS AND DEBATES OF THE 88th CONGRESS, SECOND SESSION SENATE THURSDAY, AUGUST 20, 1964 The Senate met at 10 o'clock a.m., and was called to order by the Acting Presi- dent pro tempore [Mr. ...",
16,GPO,GPO-CRECB-1964-pt15,,"Volume 110, Part 15 (August 13, 1964 to August 19, 1964)","110 Cong. Rec. (Bound) - Volume 110, Part 15 (August 13, 1964 to August 19, 1964)","Congressional Record (Bound Edition). Wednesday, August 19, 1964.",https://www.govinfo.gov/app/details/GPO-CRECB-1964-pt15,https://www.govinfo.gov/content/pkg/GPO-CRECB-1964-pt15/pdf/GPO-CRECB-1964-pt15.pdf,,,,,"13, 1964, TO AUGUST 19, 1964 (PAGES 19277 TO 20538) • UNITED STATES GOVERNMENT PRINTING OFFICE, WASHINGTON, 1964 • • United States . of Ame.r;ica HOUSE OF REPRESENTATIVES THURSDAY, AUGUST 13, 1964 The House met at 12 o'clock noon. The Chaplain, Rev. Bernard'Braskamp, D.D., offered the following prayer: II Timothy 1: 7: For God hath not given us ...",
17,GPO,GPO-CRECB-1964-pt14,,"Volume 110, Part 14 (August 4, 1964 to August 12, 1964)","110 Cong. Rec. (Bound) - Volume 110, Part 14 (August 4, 1964 to August 12, 1964)","Congressional Record (Bound Edition). Wednesday, August 12, 1964.",https://www.govinfo.gov/app/details/GPO-CRECB-1964-pt14,https://www.govinfo.gov/content/pkg/GPO-CRECB-1964-pt14/pdf/GPO-CRECB-1964-pt14.pdf,,,,,"AUGUST 12, 1964 (PAGES 17873 TO 19276) UNITED STATES GOVERNMENT PRINTING OFFICE, WASHINGTON, 1964 ..J United States of America Q:ongrcssional Record PROCEEDINGS AND DEBATES OF THE 88th CONGRESS, SECOND SESSION HOUSE OF REPRESENTATIVES TUESDAY, AUGUST 4, 1964 The House met at 12 o'clock noon. The Chaplain, Rev. Bernard Braskamp, D.D., offered the ...",
18,GPO,GPO-CRECB-1964-pt13,,"Volume 110, Part 13 (July 22, 1964 to August 3, 1964)","110 Cong. Rec. (Bound) - Volume 110, Part 13 (July 22, 1964 to August 3, 1964)","Congressional Record (Bound Edition). Monday, August 3, 1964.",https://www.govinfo.gov/app/details/GPO-CRECB-1964-pt13,https://www.govinfo.gov/content/pkg/GPO-CRECB-1964-pt13/pdf/GPO-CRECB-1964-pt13.pdf,,,,,"3, 1964 (PAGES 16505 TO 17872) _UNITED STATES GOVERNMENT PRINTING OFFICE, WASHINGTON, 1964 t . . ' [}, '· .... ...... ( United States of America <tongrcssional Record PROCEEDINGS AND DEBATES OF THE 88th CONGRESS, SECOND SESSION HOUSE OF REPRESENTATIVES WEDNESDAY, JULY 22, 1964 The House met at 12 o'clock noon. The Chaplain, Rev. Bernard ...",
19,GPO,GPO-CRECB-1964-pt12,,"Volume 110, Part 12 (June 29, 1964 to July 21, 1964)","110 Cong. Rec. (Bound) - Volume 110, Part 12 (June 29, 1964 to July 21, 1964)","Congressional Record (Bound Edition). Tuesday, July 21, 1964.",https://www.govinfo.gov/app/details/GPO-CRECB-1964-pt12,https://www.govinfo.gov/content/pkg/GPO-CRECB-1964-pt12/pdf/GPO-CRECB-1964-pt12.pdf,,,,,"JUNE 29, 1964, TO JULY 21, 1964 (PAGES 15261 TO 16504) UNITED STATES GOVERNMENT PRINTING OFFICE, WASHINGTON, 1964 United States of America <iongrcssional Record PROCEEDINGS AND DEBATES OF THE 88th CONGRESS, SECOND SESSION HOUSE OF REPRESENTATIVES MONDAY, JUNE 29, 1964 The House met at 12 o'clock noon. The Chaplain, Rev.Bernard Braskamp, D.D., ...",
20,GPO,GPO-CRECB-1964-pt11,,"Volume 110, Part 11 (June 17, 1964 to June 26, 1964)","110 Cong. Rec. (Bound) - Volume 110, Part 11 (June 17, 1964 to June 26, 1964)","Congressional Record (Bound Edition). Friday, June 26, 1964.",https://www.govinfo.gov/app/details/GPO-CRECB-1964-pt11,https://www.govinfo.gov/content/pkg/GPO-CRECB-1964-pt11/pdf/GPO-CRECB-1964-pt11.pdf,,,,,", 1964, TO JUNE 26, 1964 (PAGES 14047 TO 15260) UNITED STATES GOVERNMENT PRINTING OFFICE, WASHINGTON, 1964 · .. (~I United States of America <rong:rcssional Record PROCEEDINGS AND DEBATES OF THE 88 th CONGRESS, SECOND SESSION HOUSE OF REPRESENTATIVES WEDNESDAY, JUNE 17, 1964 The House met at 12 o'clock noon. The Chaplain, Rev. Bernard Braskamp, D.D...",
21,GPO,GPO-CRECB-1964-pt10,,"Volume 110, Part 10 (June 4, 1964 to June 16, 1964)","110 Cong. Rec. (Bound) - Volume 110, Part 10 (June 4, 1964 to June 16, 1964)","Congressional Record (Bound Edition). Tuesday, June 16, 1964.",https://www.govinfo.gov/app/details/GPO-CRECB-1964-pt10,https://www.govinfo.gov/content/pkg/GPO-CRECB-1964-pt10/pdf/GPO-CRECB-1964-pt10.pdf,,,,,"JUNE 4, 1964, TO JUNE 16, 1964 (PAGES 12633 TO 14046) UNITED STATES GOVERNMENT PRINTING OFFICE, WASHINGTON, 1964 .. • ( . '• . .. ' . United States of America Q:ongrcssional1Rccord PROCEEDINGS AND DEBATES OF THE 88th CONGRESS, SECOND SESSION SENATE THURSDAY, JUNE 4, 1964 <Legislative day of Monday, March 30, 1964) The Senate met at 9 o'clock a.m., ...",
22,GPO,GPO-CRECB-1964-pt9,,"Volume 110, Part 9 (May 19, 1964 to June 3, 1964)","110 Cong. Rec. (Bound) - Volume 110, Part 9 (May 19, 1964 to June 3, 1964)","Congressional Record (Bound Edition). Wednesday, June 3, 1964.",https://www.govinfo.gov/app/details/GPO-CRECB-1964-pt9,https://www.govinfo.gov/content/pkg/GPO-CRECB-1964-pt9/pdf/GPO-CRECB-1964-pt9.pdf,,,,,"day of Monday~ March 30~ 1964) The Senate met at 12 o'clock meridian, on the expiration of the recess, and was called to order by the Acting President pro tempore (Mr. METCALF) . The Chaplain, Rev. Frederick Brown Harris, D.D., offered the following prayer: God of all mercies, in whose love and wisdom lies our hope, still our anxious, fretful ...",
23,GPO,GPO-CRECB-1964-pt8,,"Volume 110, Part 8 (May 4, 1964 to May 18, 1964)","110 Cong. Rec. (Bound) - Volume 110, Part 8 (May 4, 1964 to May 18, 1964)","Congressional Record (Bound Edition). Monday, May 18, 1964.",https://www.govinfo.gov/app/details/GPO-CRECB-1964-pt8,https://www.govinfo.gov/content/pkg/GPO-CRECB-1964-pt8/pdf/GPO-CRECB-1964-pt8.pdf,,,,,"18, 1964 (PAGES 9873 TO 11248) UNITED STATES GOVERNMENT PRINTING OFFICE, WASHINGTON, 1964 I . t United States of America '-iongrcSsiOilOI Rccord PROCEEDINGS AND DEBATES OF THE 88th CONGRESS, SECOND SESSION SENATE Mo ND A y' MA y 4, 1964 <Legislative day of Monday, March 30, 1964) The Senate met at 10 o'clock a.m., on the expiration of the recess, ...",
24,GPO,GPO-CRECB-1964-pt7,,"Volume 110, Part 7 (April 21, 1964 to May 2, 1964)","110 Cong. Rec. (Bound) - Volume 110, Part 7 (April 21, 1964 to May 2, 1964)","Congressional Record (Bound Edition). Saturday, May 2, 1964.",https://www.govinfo.gov/app/details/GPO-CRECB-1964-pt7,https://www.govinfo.gov/content/pkg/GPO-CRECB-1964-pt7/pdf/GPO-CRECB-1964-pt7.pdf,,,,,"2, 1964 (PAGES 8523 TO 9872) UNITED STATES GOVERNMENT PRINTING OFFICE, WASHINGTON, 1964 """"• - l t • ( ,\ United States of America <iongrcssional Record PROCEEDINGS AND DEBATES OF THE 88th CONGRESS, SECOND SESSION HOUSE OF REPRESENTATIVES TUESDAY, APRIL 21, 1964 The House met at 12 o'clock noon. The Chaplain, Rev.Bernard Braskamp, D.D., offered ...",
25,GPO,GPO-CRECB-1964-pt6,,"Volume 110, Part 6 (April 7, 1964 to April 20, 1964)","110 Cong. Rec. (Bound) - Volume 110, Part 6 (April 7, 1964 to April 20, 1964)","Congressional Record (Bound Edition). Monday, April 20, 1964.",https://www.govinfo.gov/app/details/GPO-CRECB-1964-pt6,https://www.govinfo.gov/content/pkg/GPO-CRECB-1964-pt6/pdf/GPO-CRECB-1964-pt6.pdf,,,,,"110-PART 6 APRIL 7, 1964, TO APRIL 20, 1964 (PAGES 7045 TO 8522) UNITED STATES GOVERNMENT PRIN"".fll'fG OFFICE, WASHINGTON, 1964 ' t ,. United States of America <Eongrcssional mtccord PROCEEDINGS AND DEBATES OF THE 88 th ~ONGRESS, SECOND SESSION SENATE TUESDAY, APRIL 7, 1964 (Legislative day of Monday, March 30, 1964) The Senate met at 10 o'clock ...",
26,GPO,GPO-CRECB-1964-pt5,,"Volume 110, Part 5 (March 19, 1964 to April 6, 1964)","110 Cong. Rec. (Bound) - Volume 110, Part 5 (March 19, 1964 to April 6, 1964)","Congressional Record (Bound Edition). Monday, April 6, 1964.",https://www.govinfo.gov/app/details/GPO-CRECB-1964-pt5,https://www.govinfo.gov/content/pkg/GPO-CRECB-1964-pt5/pdf/GPO-CRECB-1964-pt5.pdf,,,,,"TO APRIL 6, 1964 (PAGES 5655 TO 7044) UNITED STATES GOVERNMENT PRINTING OFFICE, WASHINGTON~ 1964 J ,. . ·:.C ( ')'.,; '- .. "" . United States of America <tongrcssional Record PROCEEDINGS AND DEBATES OF THE 88 th CONGRESS, SECOND SESSION SENATE THURSDAY, MARCH 19, 1964 (Legislative day of Monday, March 9, 1964) The Senate met at 11 o'clock a.m., on ...",
27,GPO,GPO-CRECB-1964-pt4,,"Volume 110, Part 4 (March 4, 1964 to March 18, 1964)","110 Cong. Rec. (Bound) - Volume 110, Part 4 (March 4, 1964 to March 18, 1964)","Congressional Record (Bound Edition). Wednesday, March 18, 1964.",https://www.govinfo.gov/app/details/GPO-CRECB-1964-pt4,https://www.govinfo.gov/content/pkg/GPO-CRECB-1964-pt4/pdf/GPO-CRECB-1964-pt4.pdf,,,,,"SESSION VOLUME 110-PART 4 MARCH 4, 1964, TO MARCH 18, 1964 (PAGES 4273 TO 5654) UNITED STATES GOVERNMENT PRINTING OFFICE, WASHINGTON, 1964 .' ./ United States of America Q:ongrrssional1Rccord PROCEEDINGS AND DEBATES OF THE 88th CONGRESS, SECOND SESSION HOUSE OF. REPRESENTATIVES WEDNESDAY, MARCH 4, 1964 The House met at 12 o'clock noon. The ...",
28,GPO,GPO-CRECB-1964-pt3,,"Volume 110, Part 3 (February 13, 1964 to March 3, 1964)","110 Cong. Rec. (Bound) - Volume 110, Part 3 (February 13, 1964 to March 3, 1964)","Congressional Record (Bound Edition). Tuesday, March 3, 1964.",https://www.govinfo.gov/app/details/GPO-CRECB-1964-pt3,https://www.govinfo.gov/content/pkg/GPO-CRECB-1964-pt3/pdf/GPO-CRECB-1964-pt3.pdf,,,,,"1964, TO MARCH 3, 1964 (PAGES 2841 TO 4272) UNITED STATES GOVERNMENT PRINTING OFFICE, WASHINGTON, 1964 • United States of America Q:ongrcsstonal Rrrord PROCEEDINGS AND DEBATES OF THE 88th CONGRESS, SECOND SESSION HOUSE OF REPRESENTATIVES THURSDAY, FEBRUARY 13, 1964 The House met at 12 o'clock noon. Rev. Paul J. Harrell, Memorial Baptist Church, ...",
29,GPO,GPO-CRECB-1964-pt2,,"Volume 110, Part 2 (January 30, 1964 to February 10, 1964)","110 Cong. Rec. (Bound) - Volume 110, Part 2 (January 30, 1964 to February 10, 1964)","Congressional Record (Bound Edition). Monday, February 10, 1964.",https://www.govinfo.gov/app/details/GPO-CRECB-1964-pt2,https://www.govinfo.gov/content/pkg/GPO-CRECB-1964-pt2/pdf/GPO-CRECB-1964-pt2.pdf,,,,,"1964, TO FEBRUARY 10, 1964 (PAGES 1391 TO 2840) UNITED STATES GOVERNMENT PRINTING OFFICE, WASHINGTON, 1964 • United States of America Q:ongrrssional llrcord PROCEEDINGS AND DEBATES OF THE 88th CONGRESS, SECOND SESSION SENATE THURSDAY, JANUARY 30, 1964 The Senate met at 10 o'clock a.m., and was called to order by Hon. LEE MET- CALF, a Senator from ...",
30,GPO,GPO-CRECB-1964-pt1,,"Volume 110, Part 1 (January 7, 1964 to January 29, 1964)","110 Cong. Rec. (Bound) - Volume 110, Part 1 (January 7, 1964 to January 29, 1964)","Congressional Record (Bound Edition). Wednesday, January 29, 1964.",https://www.govinfo.gov/app/details/GPO-CRECB-1964-pt1,https://www.govinfo.gov/content/pkg/GPO-CRECB-1964-pt1/pdf/GPO-CRECB-1964-pt1.pdf,,,,,", TO JANUARY 29, 1964 (PAGES 1 TO 1390) UNITED STATES GOVERNMENT PRINTING OFFICE, WASHINGTON, 1964 I / United States of America (tongrrssional Rrcord PROCEEDINGS AND DEBATES OF THE 88 th CONGRESS, SECOND SESSION SENATE TUESDAY, JANUARY 7, 1964 The 7th day of January being the day prescribed by Public Law 88-247, 88th Congress, 1st session, for the ...",
31,GPO,GPO-CRECB-1963-pt21,,"Volume 109, Part 21 (January 9, 1963 to December 30, 1963)","109 Cong. Rec. (Bound) - Volume 109, Part 21 (January 9, 1963 to December 30, 1963)","Congressional Record (Bound Edition). Monday, December 30, 1963.",https://www.govinfo.gov/app/details/GPO-CRECB-1963-pt21,https://www.govinfo.gov/content/pkg/GPO-CRECB-1963-pt21/pdf/GPO-CRECB-1963-pt21.pdf,,,,,"OFFICE, _WASHINGTON, 1963 Daily Digest wednesday, January 9, 1963 HIGHLIGHTS First session of the Eighty-eighth Congress convened. Forty Senators took their oaths of office. Senate elected President pro tempore and adopted procedural resolutions. House approved enlargement of Rules Committee membership. Senate Chamber Action Resolutions ...",
32,GPO,GPO-CRECB-1963-pt22,,"Volume 109, Part 22 (January 10, 1963 to December 30, 1963)","109 Cong. Rec. (Bound) - Volume 109, Part 22 (January 10, 1963 to December 30, 1963)","Congressional Record (Bound Edition). Monday, December 30, 1963.",https://www.govinfo.gov/app/details/GPO-CRECB-1963-pt22,https://www.govinfo.gov/content/pkg/GPO-CRECB-1963-pt22/pdf/GPO-CRECB-1963-pt22.pdf,,,,,"ROSENTHAL. Mr. Speaker, I am to.king the liberty of inserting in the CONGRESSIONAL RECORD the address made by the Honorable Frank D. O'Connor, district attorney of Queens County, N.Y., at a social science forum at Siena Col- lege 1n Albany, N.Y., on December 5, 1062. After reading this speech, I certainly want to commend it to the attention of my ...",
33,GPO,GPO-CRECB-1963-pt33,,"Volume 109, Part 33 (December 2, 1963 to December 30, 1963)","109 Cong. Rec. (Bound) - Volume 109, Part 33 (December 2, 1963 to December 30, 1963)","Congressional Record (Bound Edition). Monday, December 30, 1963.",https://www.govinfo.gov/app/details/GPO-CRECB-1963-pt33,https://www.govinfo.gov/content/pkg/GPO-CRECB-1963-pt33/pdf/GPO-CRECB-1963-pt33.pdf,,,,,"Monday, December 2, 1963 Mr. BOB WILSON. Mr. Speaker, un- der leave to extend my remarks in the RECORD, I include the following article from the New York Times of November 26, 1963: THE MODERN MIRACLE AND THE ANCIENT CURSE (By Arthur Krock) WASIDNGTON, November 25.-For the first time since leaders of the nations assemblea at the bier ...",
34,GPO,GPO-CRECB-1963-pt26,,"Volume 109, Part 26 (May 1, 1963 to December 30, 1963)","109 Cong. Rec. (Bound) - Volume 109, Part 26 (May 1, 1963 to December 30, 1963)","Congressional Record (Bound Edition). Monday, December 30, 1963.",https://www.govinfo.gov/app/details/GPO-CRECB-1963-pt26,https://www.govinfo.gov/content/pkg/GPO-CRECB-1963-pt26/pdf/GPO-CRECB-1963-pt26.pdf,,,,,". Speaker, the Members of the Kansas delegation were present last night for a reception and dinner at the International Inn, sponsored by the Kansas State Chamber of Commerce. Mr. Ellis K. Cave, chairman of the board, Kansas State Chamber of Commerce, ad- dressed the group. In my opinion, his remarks clearly state the case for free enterprise and ...",
35,GPO,GPO-CRECB-1963-pt32,,"Volume 109, Part 32 (November 1, 1963 to December 30, 1963)","109 Cong. Rec. (Bound) - Volume 109, Part 32 (November 1, 1963 to December 30, 1963)","Congressional Record (Bound Edition). Monday, December 30, 1963.",https://www.govinfo.gov/app/details/GPO-CRECB-1963-pt32,https://www.govinfo.gov/content/pkg/GPO-CRECB-1963-pt32/pdf/GPO-CRECB-1963-pt32.pdf,,,,,"Address of Response Is Recommended - Reading EXTENSION OF REMARKS OF HON. ""'JENNINGS RANDOLPH OF WEST VIRGINIA IN TIIE SENATE OF THE UNITED STATES Fri.day, November 1, 1963 Mr. RANDOLPH. Mr. President, the Capital City of the United States is the centtr of governmental activity in our Nation, and is there! ore a focal Point of attention for ...",
36,GPO,GPO-CRECB-1963-pt19,,"Volume 109, Part 19 (December 13, 1963 to December 30, 1963)","109 Cong. Rec. (Bound) - Volume 109, Part 19 (December 13, 1963 to December 30, 1963)","Congressional Record (Bound Edition). Monday, December 30, 1963.",https://www.govinfo.gov/app/details/GPO-CRECB-1963-pt19,https://www.govinfo.gov/content/pkg/GPO-CRECB-1963-pt19/pdf/GPO-CRECB-1963-pt19.pdf,,,,,", TO DECEMBER 30, 1963 (PAGES 24451 TO 25696) UNITED STATES GOVERNMENT PRINTING OFFICE, WASHINGTON, 1963 United States of America <rongrrssional Record PROCEE.DINGS AND DEBATES OF THE 88 th CONGRESS, FIRST SESSION SENATE FRIDAY, DECEMBER 13, 1963 The Senate m-e-t at 12 o'clock meridian, -and was called to order by the Acting President pro tempore.,...",
37,GPO,GPO-CRECB-1963-pt24,,"Volume 109, Part 24 (March 1, 1963 to December 30, 1963)","109 Cong. Rec. (Bound) - Volume 109, Part 24 (March 1, 1963 to December 30, 1963)","Congressional Record (Bound Edition). Monday, December 30, 1963.",https://www.govinfo.gov/app/details/GPO-CRECB-1963-pt24,https://www.govinfo.gov/content/pkg/GPO-CRECB-1963-pt24/pdf/GPO-CRECB-1963-pt24.pdf,,,,,". Mr. President, the plight of the American farmer is a mat- ter of drastic importance to every think- ing citizen. The farm problem has re- mained unsolved for over 40 years now, and once again 1n this session the Con- gress will grapple with this vital issue. Mr. Peter Domer. an agricultural econ- omist at the University of Wisconsin, has ...",
38,GPO,GPO-CRECB-1963-pt31,,"Volume 109, Part 31 (October 1, 1963 to December 30, 1963)","109 Cong. Rec. (Bound) - Volume 109, Part 31 (October 1, 1963 to December 30, 1963)","Congressional Record (Bound Edition). Monday, December 30, 1963.",https://www.govinfo.gov/app/details/GPO-CRECB-1963-pt31,https://www.govinfo.gov/content/pkg/GPO-CRECB-1963-pt31/pdf/GPO-CRECB-1963-pt31.pdf,,,,,"SENATE OF THE UNITED STATES Tuesday, October 1, 1963 Mr. COOPER. Mr. President, I ask unanimous consent to have printed in the REcoRD the speech of Mayor William c. Dawahare, of Hazard, Ky., on June 12, 1963, before the U.S. Conference of Mayors, meeting in Honolulu, Hawaii. Hazard, Ky., a community of 6,000 people, is the county seat of Perry ...",
39,GPO,GPO-CRECB-1963-pt20,,"Volume 109, Part 20 (January 9, 1963 to December 30, 1963)","109 Cong. Rec. (Bound) - Volume 109, Part 20 (January 9, 1963 to December 30, 1963)","Congressional Record (Bound Edition). Monday, December 30, 1963.",https://www.govinfo.gov/app/details/GPO-CRECB-1963-pt20,https://www.govinfo.gov/content/pkg/GPO-CRECB-1963-pt20/pdf/GPO-CRECB-1963-pt20.pdf,,,,,"1:0 DECEMBER 30, 1963 UNITED STATES GOVERNMENT PRINTING OFFICE, WASHINGTON, 1963 ~ "".. ' t:· ' . ·· ._' ;;,. ... ,,/1 · ~ NAMES AND POST-OFFICE ADDRESSES OF MEMBERS OF THE UNITED STATES SEN ATE IN THE FIRST SESSION OF THE EIGHTY-EIGHTH CONGRESS LYNDON B. JOHNSON, 1 Vice President, Johnson City, Tex.; CARL HAYDEN, President pro tempore, Phoenix, ...",
40,GPO,GPO-CRECB-1963-pt30,,"Volume 109, Part 30 (September 3, 1963 to December 30, 1963)","109 Cong. Rec. (Bound) - Volume 109, Part 30 (September 3, 1963 to December 30, 1963)","Congressional Record (Bound Edition). Monday, December 30, 1963.",https://www.govinfo.gov/app/details/GPO-CRECB-1963-pt30,https://www.govinfo.gov/content/pkg/GPO-CRECB-1963-pt30/pdf/GPO-CRECB-1963-pt30.pdf,,,,,"September 3, 1963 Mr. FINO. Mr. Speaker, last week, I brought to the attention of this · House the vast amounts that are gambled every year in the State of Maryland. I pointed out how most of these moneys support every filthy ramification of underworld activity. Today, I would like to discuss the extent of gambling in the State of Louisiana. and ...",
41,GPO,GPO-CRECB-1963-pt29,,"Volume 109, Part 29 (July 31, 1963 to December 30, 1963)","109 Cong. Rec. (Bound) - Volume 109, Part 29 (July 31, 1963 to December 30, 1963)","Congressional Record (Bound Edition). Monday, December 30, 1963.",https://www.govinfo.gov/app/details/GPO-CRECB-1963-pt29,https://www.govinfo.gov/content/pkg/GPO-CRECB-1963-pt29/pdf/GPO-CRECB-1963-pt29.pdf,,,,,"Wednesday, July 3./., 1963 --· Mr. ZABLOCKI. Mr. Speaker, it W&.S my Privilege last Sunday to have partic- ipated at the diamond jubilee celebration of my parish church in Milwaukee, St. Vincent de Paul Parish. St. Vincent de Paul's has established a reputation during its 75 years for out- standing achievement in spiritual, civic and cultural ...",
42,GPO,GPO-CRECB-1963-pt25,,"Volume 109, Part 25 (April 1, 1963 to December 30, 1963)","109 Cong. Rec. (Bound) - Volume 109, Part 25 (April 1, 1963 to December 30, 1963)","Congressional Record (Bound Edition). Monday, December 30, 1963.",https://www.govinfo.gov/app/details/GPO-CRECB-1963-pt25,https://www.govinfo.gov/content/pkg/GPO-CRECB-1963-pt25/pdf/GPO-CRECB-1963-pt25.pdf,,,,,", 1963 Mr. IIECBLER. Mr. Speaker, as you drive along Route 2, the Ohio River Road, midway between Huntington and Point Pleasant, W. Va., you reach one of the most modem industrial f acllities in the entire region. the $12 million plant of the Goodyear Tire & Rubber Co. There are great industrial opportuni- ties in the booming Ohio River valley, and...",
43,GPO,GPO-CRECB-1963-pt27,,"Volume 109, Part 27 (June 3, 1963 to December 30, 1963)","109 Cong. Rec. (Bound) - Volume 109, Part 27 (June 3, 1963 to December 30, 1963)","Congressional Record (Bound Edition). Monday, December 30, 1963.",https://www.govinfo.gov/app/details/GPO-CRECB-1963-pt27,https://www.govinfo.gov/content/pkg/GPO-CRECB-1963-pt27/pdf/GPO-CRECB-1963-pt27.pdf,,,,,"Alonday, June 3, 1963 Mr. DANIELS. Mr. Speaker, one of our distinguished educators in Hudson County N.J., Dr. Frank M. Cordasco, as- sociated with the West New York Board · of Education and Seton Hall University, has been very much concerned with the problems presented by the large influx of Spanish-speaking imigrants into Hudson ...",
44,GPO,GPO-CRECB-1963-pt23,,"Volume 109, Part 23 (January 24, 1963 to December 30, 1963)","109 Cong. Rec. (Bound) - Volume 109, Part 23 (January 24, 1963 to December 30, 1963)","Congressional Record (Bound Edition). Monday, December 30, 1963.",https://www.govinfo.gov/app/details/GPO-CRECB-1963-pt23,https://www.govinfo.gov/content/pkg/GPO-CRECB-1963-pt23/pdf/GPO-CRECB-1963-pt23.pdf,,,,,"DAKOTA IN THE HOUSE OF REPRESENTATIVES Thursday, January 24, 1963 Mr. SHORT. Mr. Speaker, this sixth portion of my continued chronology on Cuba and Castro begins with the action. by President Kennedy in imposing a sea and air ''quarantine"" on the shipment of military equipment to Cuba-of which the public was informed on the evening of October ...",
45,GPO,GPO-CRECB-1963-pt28,,"Volume 109, Part 28 (June 26, 1963 to December 30, 1963)","109 Cong. Rec. (Bound) - Volume 109, Part 28 (June 26, 1963 to December 30, 1963)","Congressional Record (Bound Edition). Monday, December 30, 1963.",https://www.govinfo.gov/app/details/GPO-CRECB-1963-pt28,https://www.govinfo.gov/content/pkg/GPO-CRECB-1963-pt28/pdf/GPO-CRECB-1963-pt28.pdf,,,,,"The House in Committee of the Whole House on the State of the Union had under consideration the bill (H.R. 7179) making appropriations !or the fiscal year ending June 30, 1964, ~d for other purposes. Mr. CANNON. Mr. Chairman, the committee is to be congratulated on this bill. It meets the situation as effectively as possibly could be done under ...",
46,GPO,GPO-CRECB-1963-pt18,,"Volume 109, Part 18 (December 4, 1963 to December 12, 1963)","109 Cong. Rec. (Bound) - Volume 109, Part 18 (December 4, 1963 to December 12, 1963)","Congressional Record (Bound Edition). Thursday, December 12, 1963.",https://www.govinfo.gov/app/details/GPO-CRECB-1963-pt18,https://www.govinfo.gov/content/pkg/GPO-CRECB-1963-pt18/pdf/GPO-CRECB-1963-pt18.pdf,,,,,"DECEMBER 12, 1963 (PAGES 23189 TO 24450) UNITED STATES GOVERNMENT PRINTING OFFICE~ WASHINGTON, 1963 United States of America <rong~rcssioital,.Rccord PROCEEDINGS AND DEBATES OF THE 88th CONGRESS, FIRST SESSION SENATE WEDNESDAY, DECEMBER 4, 1963 The Senate met at 12 o'clock meridian, and was called to order by the President pro tempore. The ...",
47,GPO,GPO-CRECB-1963-pt17,,"Volume 109, Part 17 (November 18, 1963 to December 3, 1963)","109 Cong. Rec. (Bound) - Volume 109, Part 17 (November 18, 1963 to December 3, 1963)","Congressional Record (Bound Edition). Tuesday, December 3, 1963.",https://www.govinfo.gov/app/details/GPO-CRECB-1963-pt17,https://www.govinfo.gov/content/pkg/GPO-CRECB-1963-pt17/pdf/GPO-CRECB-1963-pt17.pdf,,,,,"TO DECEMBER 3, 1963 (PAGES 22015 TO 23188) UNITED STATES G.OVERNMENT PRINTING OFFICE, WASHINGTON, 1963 United States of America Q:ongrcssional Record PROCEEDINGS AND DEBATES OF THE 88th CONGRESS, FIRST SESSION HOUSE OF REPRESENTATIVES MONDAY, NOVEMBER 18, 1963 The House met at 12 o'clock noon and was called ta order by the Speaker pro tempore, Mr. ...",
48,GPO,GPO-CRECB-1963-pt16,,"Volume 109, Part 16 (November 1, 1963 to November 15, 1963)","109 Cong. Rec. (Bound) - Volume 109, Part 16 (November 1, 1963 to November 15, 1963)","Congressional Record (Bound Edition). Friday, November 15, 1963.",https://www.govinfo.gov/app/details/GPO-CRECB-1963-pt16,https://www.govinfo.gov/content/pkg/GPO-CRECB-1963-pt16/pdf/GPO-CRECB-1963-pt16.pdf,,,,,"NOVEMBER 15, 1963 (PAGES 20865 TO 22014) UNITED STATES GOVERNMENT PRINTING OFFICE, WASHINGTON, 1963 ' .. ! .'"""" r. .... . ; . -: ~ I: .. ~. / United States of America ·«rongrrs·sional .Record PROCEEDINGS AND DEBATES OF THE 88th CONGRESS, FIRST s 'ESSION SENATE FRIDAY, NOVEMBER 1, 1963 (Legislative day of Tuesday, October 22, 1963) The Senate met ...",
49,GPO,GPO-CRECB-1963-pt15,,"Volume 109, Part 15 (October 16, 1963 to October 31, 1963)","109 Cong. Rec. (Bound) - Volume 109, Part 15 (October 16, 1963 to October 31, 1963)","Congressional Record (Bound Edition). Thursday, October 31, 1963.",https://www.govinfo.gov/app/details/GPO-CRECB-1963-pt15,https://www.govinfo.gov/content/pkg/GPO-CRECB-1963-pt15/pdf/GPO-CRECB-1963-pt15.pdf,,,,,", TO OCTOBER 31, 1963 (PAGES 19609 TO 20864) UNITED STATES GOVERNMENT PRINTING OFFICE, WASHINGTON, 1963 United States of America ~ongrrssional 1Rrcord PROCEEDINGS AND DEBATES OF THE 88 th CONGRESS, FIRST SESSION HOUSE OF REPRESENTATIVES WEDNESDAY, OCTOBER 16, 1963 The House met at 12 o'clock noon. The Chaplain, Rev. Bernard Braskamp, D.D., offered...",
50,GPO,GPO-CRECB-1963-pt14,,"Volume 109, Part 14 (October 1, 1963 to October 15, 1963)","109 Cong. Rec. (Bound) - Volume 109, Part 14 (October 1, 1963 to October 15, 1963)","Congressional Record (Bound Edition). Tuesday, October 15, 1963.",https://www.govinfo.gov/app/details/GPO-CRECB-1963-pt14,https://www.govinfo.gov/content/pkg/GPO-CRECB-1963-pt14/pdf/GPO-CRECB-1963-pt14.pdf,,,,,", 1963 (PAGES 18393 TO 19608) UNITED STATES GOVERNMENT PRINTING OFFICE, WASHINGTON, 1963 United States of America <iongrrssional Record PROCEEDINGS AND DEBATES OF THE 88th CONGRESS, FIRST SESSION HOUSE OF REPRESENTATIVES TUESDAY, OCTOBER 1, 1963 The House met at 12 o'clock noon. The Chaplain, Rev. Bernard Braskamp, D.D., offered the following ...",
51,GPO,GPO-CRECB-1963-pt13,,"Volume 109, Part 13 (September 13, 1963 to September 30, 1963)","109 Cong. Rec. (Bound) - Volume 109, Part 13 (September 13, 1963 to September 30, 1963)","Congressional Record (Bound Edition). Monday, September 30, 1963.",https://www.govinfo.gov/app/details/GPO-CRECB-1963-pt13,https://www.govinfo.gov/content/pkg/GPO-CRECB-1963-pt13/pdf/GPO-CRECB-1963-pt13.pdf,,,,,"16937 TO 18392) UNITED STA):""ES GOVERNMENT PRINTING OFFICE, WASHINGTON, 1963 ... . ' r j ... I ' { United States of America Q:ongrrssional Record PROCEEDINGS AND DEBATES OF THE 88th CONGRESS, FIRST SESSION SENATE FRIDAY, SEPTEMBER 13, 1963 The senate met in executive session at 11 o'clock a.m., and was called to order by the President pro ...",
52,GPO,GPO-CRECB-1963-pt12,,"Volume 109, Part 12 (August 21, 1963 to September 12, 1963)","109 Cong. Rec. (Bound) - Volume 109, Part 12 (August 21, 1963 to September 12, 1963)","Congressional Record (Bound Edition). Thursday, September 12, 1963.",https://www.govinfo.gov/app/details/GPO-CRECB-1963-pt12,https://www.govinfo.gov/content/pkg/GPO-CRECB-1963-pt12/pdf/GPO-CRECB-1963-pt12.pdf,,,,,"12, 1963 (PAGES 15507 TO 16936) UNITED STATES GOV-ERNMENT PRINTING OFFICE, WASHINGTON, 1963 United States of America Q:ongr(SSional 1R(rord PROCEEDINGS AND DEBATES OF THE 88th CONGRESS, FIRST SESSION HOUSE OF REPRESENTATIVES WEDNESDAY, AUGUST 21, 1963 The House met at 12 o'clock noon. The Chaplain, Rev. Bernard Braskamp, D.D., offered the ...",
53,GPO,GPO-CRECB-1963-pt11,,"Volume 109, Part 11 (August 5, 1963 to August 20, 1963)","109 Cong. Rec. (Bound) - Volume 109, Part 11 (August 5, 1963 to August 20, 1963)","Congressional Record (Bound Edition). Tuesday, August 20, 1963.",https://www.govinfo.gov/app/details/GPO-CRECB-1963-pt11,https://www.govinfo.gov/content/pkg/GPO-CRECB-1963-pt11/pdf/GPO-CRECB-1963-pt11.pdf,,,,,"20, 1963 (PAGES 14059 TO 15506) UNITED STATES GOVERNMENT PRINTING OF_FICE, WASHINGTON, 1963 ""'I United States of America <rongrrssion8l Record PROCEEDINGS AND DEBATES OF THE 88 th CONGRESS, FIRST SESSION HOUSE OF REPRESENTATIVES MONDAY, AUGUST 5, 1963 The House met at 12 o'clock noon. Rabbi Joseph M. Langner, Congrega- tion B 'nai Israel, ...",
54,GPO,GPO-CRECB-1963-pt10,,"Volume 109, Part 10 (July 16, 1963 to August 2, 1963)","109 Cong. Rec. (Bound) - Volume 109, Part 10 (July 16, 1963 to August 2, 1963)","Congressional Record (Bound Edition). Friday, August 2, 1963.",https://www.govinfo.gov/app/details/GPO-CRECB-1963-pt10,https://www.govinfo.gov/content/pkg/GPO-CRECB-1963-pt10/pdf/GPO-CRECB-1963-pt10.pdf,,,,,", TO AUGUST 2, 1963 (PAGES 12617 TO 14058) UNITED STATES GOV:ERNMENT ·PRINTING OFFICE,. WASHINGTON, 1963 , A r '""fr ..._, ·""""'! .W{ United States of America Q:ongrcssional1Rccord PROCEEDINGS AND DEBATES OF THE 88th CONGRESS, FIRST SESSION SENATE TUESDAY, JULY 16, 1963 The Senate met at 12 o'clock meridian, ' and was called to order by the Vice ...",
55,GPO,GPO-CRECB-1963-pt9,,"Volume 109, Part 9 (June 20, 1963 to July 15, 1963)","109 Cong. Rec. (Bound) - Volume 109, Part 9 (June 20, 1963 to July 15, 1963)","Congressional Record (Bound Edition). Monday, July 15, 1963.",https://www.govinfo.gov/app/details/GPO-CRECB-1963-pt9,https://www.govinfo.gov/content/pkg/GPO-CRECB-1963-pt9/pdf/GPO-CRECB-1963-pt9.pdf,,,,,"15, 1963 (PAGES 11233 TO 12616) UNI'J;'ED STATES GOVERNMENT PRINTIN.G OFFICE, WASHINGTON, 1963 United. States of America ctongrcssional Record PROCEEDINGS AND DEBATES OF THE 88 th CONGRESS, FIRST SESSION HOUSE OF REPRESENTATIVES THURSDAY, JUNE 20, 1963 The House met at 12 o'clock noon. The Reverend Horace T. Allen, min- ister, Towson Presbyterian...",
56,GPO,GPO-CRECB-1963-pt8,,"Volume 109, Part 8 (May 29, 1963 to June 19, 1963)","109 Cong. Rec. (Bound) - Volume 109, Part 8 (May 29, 1963 to June 19, 1963)","Congressional Record (Bound Edition). Wednesday, June 19, 1963.",https://www.govinfo.gov/app/details/GPO-CRECB-1963-pt8,https://www.govinfo.gov/content/pkg/GPO-CRECB-1963-pt8/pdf/GPO-CRECB-1963-pt8.pdf,,,,,") UNITED STATES GOVJiRNMENT PRINTING OFFICE,~ WASHINGTON~ 196S '' ... ! .)· ' ; ]. ,i ' r li',.' t ~' '· :, • 'f : ~ 1 ~·: ""··:' ~ . •''f;! United States oj America <iongrcssionai1Rcrord PROCEEDINGS AND DEBATES OF THE 88th CONGRESS, FIRS.T SESSION HOUSE OF REPRESENTATIVES WEDNESDA-Y, MAY 29, 1963 The House met at 12 o'clock noonL The Chaplain, ...",
57,GPO,GPO-CRECB-1963-pt7,,"Volume 109, Part 7 (May 14, 1963 to May 28, 1963)","109 Cong. Rec. (Bound) - Volume 109, Part 7 (May 14, 1963 to May 28, 1963)","Congressional Record (Bound Edition). Tuesday, May 28, 1963.",https://www.govinfo.gov/app/details/GPO-CRECB-1963-pt7,https://www.govinfo.gov/content/pkg/GPO-CRECB-1963-pt7/pdf/GPO-CRECB-1963-pt7.pdf,,,,,"7 MAY 14, 1963, TO MAY 28, 1963 (PAGES 8391 TO 9796) UNITED STATES GOVERNMENT PRINTING OFFICE, WASHINGTON, 1963 United States of America <rongrrssional Rrrord PROCEEDINGS AND DEBATES OF THE 88th CONGRESS, FIRST SESSION SENATE TUESDAY, MAY 14, 1963 <Legislative day of Monday, May 13, 1963) The Senate met at 12 o'clock meridian, on the expiration of ...",
58,GPO,GPO-CRECB-1963-pt6,,"Volume 109, Part 6 (April 25, 1963 to May 13, 1963)","109 Cong. Rec. (Bound) - Volume 109, Part 6 (April 25, 1963 to May 13, 1963)","Congressional Record (Bound Edition). Monday, May 13, 1963.",https://www.govinfo.gov/app/details/GPO-CRECB-1963-pt6,https://www.govinfo.gov/content/pkg/GPO-CRECB-1963-pt6/pdf/GPO-CRECB-1963-pt6.pdf,,,,,"6 APRIL 25, 1963, TO MAY 13, 1963 (PAGES 7059 TO 8390) UNITED STATES GOVERNMENT PRINTING OFFICE, WASHINGTON, 1963 .\ .' . . , j ' J ( .: ... J ( l. ~' l: . United States of America <!ongrcssional Record PROCEEDINGS AND DEBATES OF THE 88th CONGRESS, FIRST SESSION SENATE THURSDAY, APRIL 25, 1963 <Legislative day of Wednesday, April 24, 1963) The ...",
59,GPO,GPO-CRECB-1963-pt5,,"Volume 109, Part 5 (April 4, 1963 to April 24, 1963)","109 Cong. Rec. (Bound) - Volume 109, Part 5 (April 4, 1963 to April 24, 1963)","Congressional Record (Bound Edition). Wednesday, April 24, 1963.",https://www.govinfo.gov/app/details/GPO-CRECB-1963-pt5,https://www.govinfo.gov/content/pkg/GPO-CRECB-1963-pt5/pdf/GPO-CRECB-1963-pt5.pdf,,,,,"24, 1963 (PAGES 5659 TO 7058) UNITED STATES GOVERNMENT PRINTING OFFICE, WASHINGTON, 1963 United States of America <rongrcssional Record PROCEEDINGS AND DEBATES OF THE 88th CONGRESS, FIRST SESSION SENATE THURSDAY, APRIL 4, 1963 The Senate met at 11 o'clock a.m., and was called to order by the Vice President. Rev. Wayne R. Woods, pastor, Au- ...",
60,GPO,GPO-CRECB-1963-pt4,,"Volume 109, Part 4 (March 15, 1963 to April 3, 1963)","109 Cong. Rec. (Bound) - Volume 109, Part 4 (March 15, 1963 to April 3, 1963)","Congressional Record (Bound Edition). Wednesday, April 3, 1963.",https://www.govinfo.gov/app/details/GPO-CRECB-1963-pt4,https://www.govinfo.gov/content/pkg/GPO-CRECB-1963-pt4/pdf/GPO-CRECB-1963-pt4.pdf,,,,,"3, 1963 (PAGES 4307 TO 5658) UNITED STATES GOVERNMENT PRINTING OFFICE'- WASHINGTON, 1963 • • United States of America ~ongrcssional Record PROCEEDINGS AND DEBATES OF THE 88th CONGRESS, FIRST SESSION SENATE FRIDAY, MARCH 15, 1963 The Senate met at 11 o'clock a.m., and was called to order by the Vice Presi- dent. Msgr. Bela Varga, chairman, the ...",
61,GPO,GPO-CRECB-1963-pt3,,"Volume 109, Part 3 (February 22, 1963 to March 14, 1963)","109 Cong. Rec. (Bound) - Volume 109, Part 3 (February 22, 1963 to March 14, 1963)","Congressional Record (Bound Edition). Thursday, March 14, 1963.",https://www.govinfo.gov/app/details/GPO-CRECB-1963-pt3,https://www.govinfo.gov/content/pkg/GPO-CRECB-1963-pt3/pdf/GPO-CRECB-1963-pt3.pdf,,,,,"MARCH 14, 1963 (PAGES 2869 TO 4306) UNITED STATES GOVERNMENT PRINTING OFFICE, WASHINGTON, 1963 United States of America <Eongrcssional Record PROCEEDINGS AND DEBATES OF THE 88 th CONGRESS, FIRST SESSION SENATE· FRIDAY, FEBRUARY 22, 1963 The Senate met at 12 o'clock meridian, and was called to order by the President pro tempore. Rev. B. Pascale, ...",
62,GPO,GPO-CRECB-1963-pt2,,"Volume 109, Part 2 (January 31, 1963 to February 21, 1963)","109 Cong. Rec. (Bound) - Volume 109, Part 2 (January 31, 1963 to February 21, 1963)","Congressional Record (Bound Edition). Thursday, February 21, 1963.",https://www.govinfo.gov/app/details/GPO-CRECB-1963-pt2,https://www.govinfo.gov/content/pkg/GPO-CRECB-1963-pt2/pdf/GPO-CRECB-1963-pt2.pdf,,,,,"21, 1963 (PAGES 1427 TO 2868) UNI!ED· ST~TES GOVERNMENT PRINTING OFFICE, WASHINGTON, 1963 ·,, ·, United States of America Q:ongressionat1Record PROCEEDINGS AND DEBATES OF THE 88th CONGRESS, FIRST SESSION SENATE T HURS DAY, J AN UARY 31 , 1963 (Legislative day of Tuesday, January 15, 1963) The Senate met at 12 o'clock merid- ian, on the ...",
63,GPO,GPO-CRECB-1963-pt1,,"Volume 109, Part 1 (January 9, 1963 to January 30, 1963)","109 Cong. Rec. (Bound) - Volume 109, Part 1 (January 9, 1963 to January 30, 1963)","Congressional Record (Bound Edition). Wednesday, January 30, 1963.",https://www.govinfo.gov/app/details/GPO-CRECB-1963-pt1,https://www.govinfo.gov/content/pkg/GPO-CRECB-1963-pt1/pdf/GPO-CRECB-1963-pt1.pdf,,,,,"30, 1963 (PAGES 1 TO 1426) UNITED STATES GOVERNMENT PRINTING OFFICE, WASHINGTON, 1963 United States of America <tongrrssional Rrcord PROCEEDINGS AND DEBATES OF THE 88th CONGRESS, FIRST SESSION SENATE WEDNESDAY, JANUARY 9, 1963 The 9th day of January being the day prescribed by Public Law No. 864, 87th Congress, 2d session, for the meeting of ...",