index,collectionCode,packageId,granuleId,title,line1,line2,detailsLink,pdfLink,htmlLink,xmlLink,otherLink1,otherLink2,teaser,historical
1,GPO,GPO-CRECB-1960-pt18,,"Volume 106, Part 18 (February 1, 1960 to September 21, 1960)","106 Cong. Rec. (Bound) - Volume 106, Part 18 (February 1, 1960 to September 21, 1960)","Congressional Record (Bound Edition). Wednesday, September 21, 1960.",https://www.govinfo.gov/app/details/GPO-CRECB-1960-pt18,https://www.govinfo.gov/content/pkg/GPO-CRECB-1960-pt18/pdf/GPO-CRECB-1960-pt18.pdf,,,,,"appropriate that tonight your gathering will honor one who has helped to solve so many problems in the field of . interstate and foreign commerce, the Honorable SAM RAYBURN of the great State HON. JOE L. EVINS , of Tex:i.s. OF TENNESSEE IN~ HOUSE OF REPRESENTATIVES Monday, February 1, 1960 Mr. EVINS. Mr. Speaker, it was my Prhilege along ...",
2,GPO,GPO-CRECB-1960-pt20,,"Volume 106, Part 20 (April 1, 1960 to September 21, 1960)","106 Cong. Rec. (Bound) - Volume 106, Part 20 (April 1, 1960 to September 21, 1960)","Congressional Record (Bound Edition). Wednesday, September 21, 1960.",https://www.govinfo.gov/app/details/GPO-CRECB-1960-pt20,https://www.govinfo.gov/content/pkg/GPO-CRECB-1960-pt20/pdf/GPO-CRECB-1960-pt20.pdf,,,,,"Mr. RANDOLPH. Mr. President , the United States will consume 25 billion tons of coal during the next four decades and will be using 75 percent more coal in 1975 than at present. That is an esti- mate made in Dr. Joseph L. Fisher's ad- dress to the national dinner meeting of the National Coal Policy Conference at the Statler-Hilton Hotel here ...",
3,GPO,GPO-CRECB-1960-pt21,,"Volume 106, Part 21 (May 2, 1960 to September 21, 1960)","106 Cong. Rec. (Bound) - Volume 106, Part 21 (May 2, 1960 to September 21, 1960)","Congressional Record (Bound Edition). Wednesday, September 21, 1960.",https://www.govinfo.gov/app/details/GPO-CRECB-1960-pt21,https://www.govinfo.gov/content/pkg/GPO-CRECB-1960-pt21/pdf/GPO-CRECB-1960-pt21.pdf,,,,,"1960 EXTENSION OF REMARKS OJ' HON. JOHN W. McCORMACK OJ' llolASSACHUSETI""S IN THE HOUSE OF REPRESENTATIVES Monday, May 2,1960 1-.tr. McCORMACK. Mr. Speaker, due to cultural 1nfluences end geographical POSition, as well as other basic infiuences, the peoples and governments ·of the Western Hemisphere have a strong com- lllunity of interest with each...",
4,GPO,GPO-CRECB-1960-pt17,,"Volume 106, Part 17 (January 7, 1960 to September 21, 1960)","106 Cong. Rec. (Bound) - Volume 106, Part 17 (January 7, 1960 to September 21, 1960)","Congressional Record (Bound Edition). Wednesday, September 21, 1960.",https://www.govinfo.gov/app/details/GPO-CRECB-1960-pt17,https://www.govinfo.gov/content/pkg/GPO-CRECB-1960-pt17/pdf/GPO-CRECB-1960-pt17.pdf,,,,,". Janul!.r' 1,1960 II Mr. SMITH of Kansas. Mr. Speaker, I SUPllOSe there are many who believe that the. setUement of the steel dispute 1t'aa a ln'&lld and glorioua achievement fu_or .. ~ America....;.and should be a feather lloUC cap of those who put it across. 'Jo me, however, this is simply the white 41a'eatber of surrender to international bor ...",
5,GPO,GPO-CRECB-1960-pt23,,"Volume 106, Part 23 (July 1, 1960 to September 21, 1960)","106 Cong. Rec. (Bound) - Volume 106, Part 23 (July 1, 1960 to September 21, 1960)","Congressional Record (Bound Edition). Wednesday, September 21, 1960.",https://www.govinfo.gov/app/details/GPO-CRECB-1960-pt23,https://www.govinfo.gov/content/pkg/GPO-CRECB-1960-pt23/pdf/GPO-CRECB-1960-pt23.pdf,,,,,"IN THE SENATE OF THE UNITED STATES Friday, July 1, 1960 Mr. DIRKSEN. Mr. President, I ask llnanimous consent to have printed in ~he Appendix of the RECORD a statement Y the very distinguished Senator from California and the Republican whip, Mr. KucHEL, on tha accomplishments of l?'·S. space exploration under the Repub- lican administration. ...",
6,GPO,GPO-CRECB-1960-pt22,,"Volume 106, Part 22 (June 1, 1960 to September 21, 1960)","106 Cong. Rec. (Bound) - Volume 106, Part 22 (June 1, 1960 to September 21, 1960)","Congressional Record (Bound Edition). Wednesday, September 21, 1960.",https://www.govinfo.gov/app/details/GPO-CRECB-1960-pt22,https://www.govinfo.gov/content/pkg/GPO-CRECB-1960-pt22/pdf/GPO-CRECB-1960-pt22.pdf,,,,," OF REMARKS OP' U. I( r· v. Appendix I have often thought that a joint plan- ning conference of leaders from our farm areas, from labor, and from small busi- ness would be a very healthy develop- ment, and it could very properly be called by the National Federation of Independ- ent Business. I hope definite steps to- ward such a conference will...",
7,GPO,GPO-CRECB-1960-pt15,,"Volume 106, Part 15 (January 6, 1960 to September 21, 1960)","106 Cong. Rec. (Bound) - Volume 106, Part 15 (January 6, 1960 to September 21, 1960)","Congressional Record (Bound Edition). Wednesday, September 21, 1960.",https://www.govinfo.gov/app/details/GPO-CRECB-1960-pt15,https://www.govinfo.gov/content/pkg/GPO-CRECB-1960-pt15/pdf/GPO-CRECB-1960-pt15.pdf,,,,,"TO SEPTEMBER 1, 1960 UNITED STATES GOVERNMENT PRINTING OFFICE, WASHINGTON, 1960 NAMES AND POST-OFFICE ADDRESSES OF MEMBERS OF THE UN.ITED STATES SENATE IN THE SECOND SESSION OF THE EIGHTY-SIXTH CONGRESS RICHARD M. NIXON, Vice President, Whittier, Calif.; CARL HAYDEN, President pro tempore, Phoenix, Ariz. ~ Name Home post office Name Home post ...",
8,GPO,GPO-CRECB-1960-pt16,,"Volume 106, Part 16 (January 6, 1960 to September 21, 1960)","106 Cong. Rec. (Bound) - Volume 106, Part 16 (January 6, 1960 to September 21, 1960)","Congressional Record (Bound Edition). Wednesday, September 21, 1960.",https://www.govinfo.gov/app/details/GPO-CRECB-1960-pt16,https://www.govinfo.gov/content/pkg/GPO-CRECB-1960-pt16/pdf/GPO-CRECB-1960-pt16.pdf,,,,,"OPFICE1 WASHINGTON1 1960 .Daily Digest Wednesday, January 6, 1960 HIGHLIGHTS Second session of the Eighty-sixth Congress convened. Senate Chamber Action Resolutions Submitted: Four resolutions were sub- mitted, as follows: S. Res. 203-206. Pages 4, 5 Senator Langer: Senate adopted S. Res. 203, expressing condolences on the death of Senator ...",
9,GPO,GPO-CRECB-1960-pt24,,"Volume 106, Part 24 (September 1, 1960 to September 21, 1960)","106 Cong. Rec. (Bound) - Volume 106, Part 24 (September 1, 1960 to September 21, 1960)","Congressional Record (Bound Edition). Wednesday, September 21, 1960.",https://www.govinfo.gov/app/details/GPO-CRECB-1960-pt24,https://www.govinfo.gov/content/pkg/GPO-CRECB-1960-pt24/pdf/GPO-CRECB-1960-pt24.pdf,,,,,":r M:ISSOUB.I IN THE SENATE OF THE UNITED STATES Thursday, September 1, 1960 Mr. SYMINGTON. ' Mr. President, it ts a. signlficant achievement for a Sen- ator to be recognized and to receive un- rteserved endorsement for his record by he newspaper 1n his home State with the largest circulation and, perhaps, the Widest geographical coverage. This ...",
10,GPO,GPO-CRECB-1960-pt19,,"Volume 106, Part 19 (February 17, 1960 to September 21, 1960)","106 Cong. Rec. (Bound) - Volume 106, Part 19 (February 17, 1960 to September 21, 1960)","Congressional Record (Bound Edition). Wednesday, September 21, 1960.",https://www.govinfo.gov/app/details/GPO-CRECB-1960-pt19,https://www.govinfo.gov/content/pkg/GPO-CRECB-1960-pt19/pdf/GPO-CRECB-1960-pt19.pdf,,,,,"JERSEY IN THE HOUSE OF REPRESENTATIVES Wednesday, February 17,1960 Mr. THOMFSON of New Jersey. Mr. Speaker, the Federal Trade Commission recently ordered three oil companies to stop coercing their dealers to handle certain brands of tires, batteries and other automobile accessories. Testimony presented to the FTC Showed that the major oil ...",
11,GPO,GPO-CRECB-1960-pt14,,"Volume 106, Part 14 (August 29, 1960 to September 1, 1960)","106 Cong. Rec. (Bound) - Volume 106, Part 14 (August 29, 1960 to September 1, 1960)","Congressional Record (Bound Edition). Thursday, September 1, 1960.",https://www.govinfo.gov/app/details/GPO-CRECB-1960-pt14,https://www.govinfo.gov/content/pkg/GPO-CRECB-1960-pt14/pdf/GPO-CRECB-1960-pt14.pdf,,,,,"1, 1960 (PAGES 18071 TO 19568) UNITED STATES GOVERNMENT PRINTING OFFICE. WASHINGTON. 1960 United States of America Q:ongrrssional1Rrrord PROCEEDINGS AND DEBATES OF THE 86th CONGRESS, SECOND SESSION SENATE MoN DAY, AuGusT 29, 1960 (Legislative day ot Wednesday, August 24, 1960) The Senate met at 10 o'clock a.m. , on the expiration of the ...",
12,GPO,GPO-CRECB-1960-pt13,,"Volume 106, Part 13 (August 19, 1960 to August 27, 1960)","106 Cong. Rec. (Bound) - Volume 106, Part 13 (August 19, 1960 to August 27, 1960)","Congressional Record (Bound Edition). Saturday, August 27, 1960.",https://www.govinfo.gov/app/details/GPO-CRECB-1960-pt13,https://www.govinfo.gov/content/pkg/GPO-CRECB-1960-pt13/pdf/GPO-CRECB-1960-pt13.pdf,,,,,"27, 1960 (PAGES 16739 TO 18070) UNITED STATES GO.VERNMENT PRINTING OFFICE, WASHINGTON, 1960 ·' United States of America <iongrcssional Record PROCEEDINGS AND DEBATES OF THE 86th CONGRESS, SECOND SESSION SENATE FRIDAY, AUG UST 19, 1960 The Senate met at 10:30 o'clock a.m., and was called to order by the Vice Pres- ident. The Chaplain, Rev. ...",
13,GPO,GPO-CRECB-1960-pt12,,"Volume 106, Part 12 (July 1, 1960 to August 18, 1960)","106 Cong. Rec. (Bound) - Volume 106, Part 12 (July 1, 1960 to August 18, 1960)","Congressional Record (Bound Edition). Thursday, August 18, 1960.",https://www.govinfo.gov/app/details/GPO-CRECB-1960-pt12,https://www.govinfo.gov/content/pkg/GPO-CRECB-1960-pt12/pdf/GPO-CRECB-1960-pt12.pdf,,,,,"18, 1960 (PAGES 15293 TO 16738) UNITED STATES GO,VERNMENT PRINTING OFFICE,. WASHINGTON1 1960 .... United States of America <rongrrssional Rrcord PROCEEDINGS AND DEBATES OF THE 86th CONGRESS, SECOND SESSION SENATE FRIDAY, JULY 1,1960 The Senate met at 10:30 o'clock a.m., and was called to order by Senator MIKE MANSFIELD, Of Montana. The Chaplain,...",
14,GPO,GPO-CRECB-1960-pt11,,"Volume 106, Part 11 (June 23, 1960 to June 30, 1960)","106 Cong. Rec. (Bound) - Volume 106, Part 11 (June 23, 1960 to June 30, 1960)","Congressional Record (Bound Edition). Thursday, June 30, 1960.",https://www.govinfo.gov/app/details/GPO-CRECB-1960-pt11,https://www.govinfo.gov/content/pkg/GPO-CRECB-1960-pt11/pdf/GPO-CRECB-1960-pt11.pdf,,,,,"30, 1960 (PAGES 13903 TO 1S292) UNITED STATES GO.VERNMENT PRINTING OFFICE, WASHINGTON, 1960 United States of America Q:ongrcssional Record PROCEEDINGS AND DEBATES OF THE 86th CONGRESS, SECOND SESSION SENATE THURSDAY, J UNE 23,1960 (Legislative day of Wednesday, June 22, 1960) The Senate met in executive session at 9:30 o'clock a.m., on the ...",
15,GPO,GPO-CRECB-1960-pt10,,"Volume 106, Part 10 (June 14, 1960 to June 22, 1960)","106 Cong. Rec. (Bound) - Volume 106, Part 10 (June 14, 1960 to June 22, 1960)","Congressional Record (Bound Edition). Wednesday, June 22, 1960.",https://www.govinfo.gov/app/details/GPO-CRECB-1960-pt10,https://www.govinfo.gov/content/pkg/GPO-CRECB-1960-pt10/pdf/GPO-CRECB-1960-pt10.pdf,,,,,"22, 1960 (PAGES 12497 TO 13902) UNITED STATES GO,VERNMENT PRINTING OFFICE'- WASHINGTON 1 1960 i United States of America Q:ongrrssionai1Rrcord PROCEEDINGS AND DEBATES OF THE 86th CONGRESS, SECOND SESSION SENATE TUESDAY, JUNE i4, 1960 The Senate met at 12 o'clock meridian, and was called to order by Senator GEORGE D . .AIKEN, of Vermont. The ...",
16,GPO,GPO-CRECB-1960-pt9,,"Volume 106, Part 9 (May 26, 1960 to June 13, 1960)","106 Cong. Rec. (Bound) - Volume 106, Part 9 (May 26, 1960 to June 13, 1960)","Congressional Record (Bound Edition). Monday, June 13, 1960.",https://www.govinfo.gov/app/details/GPO-CRECB-1960-pt9,https://www.govinfo.gov/content/pkg/GPO-CRECB-1960-pt9/pdf/GPO-CRECB-1960-pt9.pdf,,,,,", 1960 (PAGES 11137 TO 12496) UNITED STATES GO.VERNMENT PRINTING OFFICE,. WASHINGTON'- 1960 United States of America <rongrcssional Record PROCEEDINGS AND DEBATES OF THE 86th CONGRESS, SECOND SESSION SENATE THURSDAY, MAY 26, 1960 The Senate met at 10 o'clock a.m., and was called to order by Senator MIKE MANSFIELD, of Montana. The Chaplain, Rev. ...",
17,GPO,GPO-CRECB-1960-pt8,,"Volume 106, Part 8 (May 6, 1960 to May 25, 1960)","106 Cong. Rec. (Bound) - Volume 106, Part 8 (May 6, 1960 to May 25, 1960)","Congressional Record (Bound Edition). Wednesday, May 25, 1960.",https://www.govinfo.gov/app/details/GPO-CRECB-1960-pt8,https://www.govinfo.gov/content/pkg/GPO-CRECB-1960-pt8/pdf/GPO-CRECB-1960-pt8.pdf,,,,,"1960 (PAGES 9685 TO 11136) UNITED STATES GO.VERNMENT PRINTING OFFICE1. WASHINGTON1 1960 ... : ., ·, ' ~ ... ' J' United States of America <tongrCssional Rrrord PROCEEDINGS. AND DEBATES OF THE 86th CONGRESS, SECOND S·ESSION SENATE FRIDAY, MAY 6, 1960 The Senate met at 9:30 o'clock a.m., and was called to order by the President pro tempore. The ...",
18,GPO,GPO-CRECB-1960-pt7,,"Volume 106, Part 7 (April 20, 1960 to May 5, 1960)","106 Cong. Rec. (Bound) - Volume 106, Part 7 (April 20, 1960 to May 5, 1960)","Congressional Record (Bound Edition). Thursday, May 5, 1960.",https://www.govinfo.gov/app/details/GPO-CRECB-1960-pt7,https://www.govinfo.gov/content/pkg/GPO-CRECB-1960-pt7/pdf/GPO-CRECB-1960-pt7.pdf,,,,,"5, 1960 (PAGES 8297 TO 9684) UNITED STATES GO.VERNMENT PRINTING OFFICE, WASHINGTON1 1960 United States of America Q:ongrrssional Rrcord PROCEEDINGS AND DEBATES OF THE 86th CONGRESS, SECOND SESSION SENATE WEDNESDAY, APRIL 20, 1960 (Legislative day of Tuesday, April19, 1960) The Senate met at 12 o'clock meridian, in executive session, on the ...",
19,GPO,GPO-CRECB-1960-pt6,,"Volume 106, Part 6 (March 30, 1960 to April 19, 1960)","106 Cong. Rec. (Bound) - Volume 106, Part 6 (March 30, 1960 to April 19, 1960)","Congressional Record (Bound Edition). Tuesday, April 19, 1960.",https://www.govinfo.gov/app/details/GPO-CRECB-1960-pt6,https://www.govinfo.gov/content/pkg/GPO-CRECB-1960-pt6/pdf/GPO-CRECB-1960-pt6.pdf,,,,,"19, 1960 (PAGES 6919 TO 8296) UNITED STATES GO.VERNMENT PRINTING OFFICE, WASHINGTON, 1960 United States of America <rong·rrsstonal Rrcord .PROCEEDINGS AND DEBATES OF THE 86th CONGRESS, SECOND SESSION SENATE VVEDNESDAY~ ~ARCH 30, 1960 The Senate met at 12 o'clock meridian, and was called to order by the Vice Pres- ident. Archbishop Iakovos of the...",
20,GPO,GPO-CRECB-1960-pt5,,"Volume 106, Part 5 (March 15, 1960 to March 29, 1960)","106 Cong. Rec. (Bound) - Volume 106, Part 5 (March 15, 1960 to March 29, 1960)","Congressional Record (Bound Edition). Tuesday, March 29, 1960.",https://www.govinfo.gov/app/details/GPO-CRECB-1960-pt5,https://www.govinfo.gov/content/pkg/GPO-CRECB-1960-pt5/pdf/GPO-CRECB-1960-pt5.pdf,,,,,"29, 1960 (PAGES 5525 TO 6918) UNITED STATES GO.VERNMENT PRINTING OPPIGE1 WASHINGTON1 1960 / . ' "" United States of America cLongrrssion·al Rrcord PROCEEDINGS AND DEBATES OP THE '86th CONGRESS, SECOND SESSION SENATE TUESDAY, MARCH 15, 1960 The Senate met at 12 o'clock meridian, and was called to order by the Vice Presi- dent. Rev. Thomas L. Painter...",
21,GPO,GPO-CRECB-1960-pt4,,"Volume 106, Part 4 (March 2, 1960 to March 14, 1960)","106 Cong. Rec. (Bound) - Volume 106, Part 4 (March 2, 1960 to March 14, 1960)","Congressional Record (Bound Edition). Monday, March 14, 1960.",https://www.govinfo.gov/app/details/GPO-CRECB-1960-pt4,https://www.govinfo.gov/content/pkg/GPO-CRECB-1960-pt4/pdf/GPO-CRECB-1960-pt4.pdf,,,,,"MARCH 14, 1960 (PAGES 4081 TO 5524) UNITED STATES GOVERNMENT PRINTING OFFICE, WASHINGTON"" 1960 United States of America <rongrrssionQl1Rrrord PROCEEDINGS AND DEBATES OF THE 86th CONGRESS'- SECOND SESSION SENATE WEDNESDAY, MARCH 2, 1960 <Legislative day of Monday, February 15,1960) LEASING OF PORTION OF FORT CROWDER, MO.-CIVIL RIGHTS The PRESIDING...",
22,GPO,GPO-CRECB-1960-pt3,,"Volume 106, Part 3 (February 17, 1960 to March 1, 1960)","106 Cong. Rec. (Bound) - Volume 106, Part 3 (February 17, 1960 to March 1, 1960)","Congressional Record (Bound Edition). Tuesday, March 1, 1960.",https://www.govinfo.gov/app/details/GPO-CRECB-1960-pt3,https://www.govinfo.gov/content/pkg/GPO-CRECB-1960-pt3/pdf/GPO-CRECB-1960-pt3.pdf,,,,,"1, 1960 (PAGES 2709 TO 4080) UNITED STATES · qO,V-ER~MEN1;.· PRlNTING. OFFICE, WASHINGTON, 1960 ... , United States of America Q:ongrrssional Record· PROCEEDINGS AND DEBATES OF THE~86th CONGRESS, SECOND SESSION SENATE W E DNES DAY, FEBRUARY 17, 1960 Legislative day of Monday, Febru ary 15, 196(} The Senate met at 11 o'clock a.m., on the ...",
23,GPO,GPO-CRECB-1960-pt2,,"Volume 106, Part 2 (January 27, 1960 to February 16, 1960)","106 Cong. Rec. (Bound) - Volume 106, Part 2 (January 27, 1960 to February 16, 1960)","Congressional Record (Bound Edition). Tuesday, February 16, 1960.",https://www.govinfo.gov/app/details/GPO-CRECB-1960-pt2,https://www.govinfo.gov/content/pkg/GPO-CRECB-1960-pt2/pdf/GPO-CRECB-1960-pt2.pdf,,,,,"16, 1960 (PAGES 1369 TO 2708) UNITED STATES GO.VERNMENT PRINTING OFFICE. WASHINGTON,. 1960 / United States of America <iongrrssional1Rrrord PROCEEDINGS AND DEBATES OF THE 86th CONGRESS, SECOND SESSION SENATE WEDNESDAY, JANUARY 27, 1960 The Chaplain, Rev. Frederick Brown Harris, D.D., offered the following prayer: Our Father God, before ever ...",
24,GPO,GPO-CRECB-1960-pt1,,"Volume 106, Part 1 (January 6, 1960 to January 26, 1960)","106 Cong. Rec. (Bound) - Volume 106, Part 1 (January 6, 1960 to January 26, 1960)","Congressional Record (Bound Edition). Tuesday, January 26, 1960.",https://www.govinfo.gov/app/details/GPO-CRECB-1960-pt1,https://www.govinfo.gov/content/pkg/GPO-CRECB-1960-pt1/pdf/GPO-CRECB-1960-pt1.pdf,,,,,"1960 bread. And forgive us our trespasses, as we torgive those who trespass against us. And lead us not into temptation, but de- liver us from evil. For Thine is the king- · The 6th day of ,;J{!.n1fary being the d8tY- · dom, and ·the powe1', and the glory, prescribed by Public Law 305, 86th Con_- forever. gress, 1st session, for the meeti~g of the ...",