index,collectionCode,packageId,granuleId,title,line1,line2,detailsLink,pdfLink,htmlLink,xmlLink,otherLink1,otherLink2,teaser,historical
1,GPO,GPO-CRECB-1988-pt24A,,"Volume 134, Part 24A (January 25, 1988 to October 21, 1988)","134 Cong. Rec. (Bound) - Volume 134, Part 24A (January 25, 1988 to October 21, 1988)","Congressional Record (Bound Edition). Friday, October 21, 1988.",https://www.govinfo.gov/app/details/GPO-CRECB-1988-pt24A,https://www.govinfo.gov/content/pkg/GPO-CRECB-1988-pt24A/pdf/GPO-CRECB-1988-pt24A.pdf,,,,,", TO OCTOBER 21, 1988 A-K UNITED STATES GOVERNMENT .PRINTING OFFICE, WASHINGTON, 1988 For sale by the U.S. Government Printing Office Superintendent of Documents, Mail Stop: SSOP, Washington, OC 20402-9328 COMPILED UNDER THE DIRECTION OF THE JOINT COMMITTEE ON PRINTING FRANK ANNUNZIO, REPRESENTATIVE FROM ILLINOIS , CHAIRMAN WENDELL H. FORD , ...",
2,GPO,GPO-CRECB-1988-pt25,,"Volume 134, Part 25 (January 25, 1988 to October 21, 1988)","134 Cong. Rec. (Bound) - Volume 134, Part 25 (January 25, 1988 to October 21, 1988)","Congressional Record (Bound Edition). Friday, October 21, 1988.",https://www.govinfo.gov/app/details/GPO-CRECB-1988-pt25,https://www.govinfo.gov/content/pkg/GPO-CRECB-1988-pt25/pdf/GPO-CRECB-1988-pt25.pdf,,,,,"OFFICE, WASHINGTON, 1988 • f ~ ... '. For sale by the Superintendent of Documents, U.S. Government Printing Office, Washington, D.C. 20402 Daily Monday, january 25, 1988 Senate Chamber Action Routine Proceedings, pages 3-37 Measures Introduced: Five bills and four resolu- tions were introduced, as follows: S. 1999-2003, S. Con. Res. 96, S. Res. ...",
3,GPO,GPO-CRECB-1988-pt23,,"Volume 134, Part 23 (October 21, 1988 to October 21, 1988)","134 Cong. Rec. (Bound) - Volume 134, Part 23 (October 21, 1988 to October 21, 1988)","Congressional Record (Bound Edition). Friday, October 21, 1988.",https://www.govinfo.gov/app/details/GPO-CRECB-1988-pt23,https://www.govinfo.gov/content/pkg/GPO-CRECB-1988-pt23/pdf/GPO-CRECB-1988-pt23.pdf,,,,,"(PAGES 32417 TO 33598) UNITED STATES GOVERNMENT PRINTING OFFICE, WASHINGTON, 1988 For sale by the Superintendent of Documents, U.S. Government Printing Office, Washington, D.C. 20402 <tongrtssional Rtcord United States of America PROCEEDINGS AND DEBATES OF THE 1 ooth CONGRESS, SECOND SESSION SENATE-Friday, October 21, 1988 The Senate met at 12 ...",
4,GPO,GPO-CRECB-1988-pt24B,,"Volume 134, Part 24B (January 25, 1988 to October 21, 1988)","134 Cong. Rec. (Bound) - Volume 134, Part 24B (January 25, 1988 to October 21, 1988)","Congressional Record (Bound Edition). Friday, October 21, 1988.",https://www.govinfo.gov/app/details/GPO-CRECB-1988-pt24B,https://www.govinfo.gov/content/pkg/GPO-CRECB-1988-pt24B/pdf/GPO-CRECB-1988-pt24B.pdf,,,,,", TO OCTOBER 21, 1988 L-Z and History of Bills UNITED STATES GOVERNMENT PRINTING OFFICE, WASHINGTON, 1988 For sale by the U.S. Government Printing Office Superintendent of Documents, Mail Stop: SSOP, Washington, DC 20402-9328 COMPILED UNDER THE DIRECTION OF THE JOINT COMMITI'EE ON PRINTING FRANK ANNUNZIO, REPRESENTATIVE FROM ILLINOIS, CHAIRMAN ...",
5,GPO,GPO-CRECB-1988-pt22,,"Volume 134, Part 22 (October 17, 1988 to October 20, 1988)","134 Cong. Rec. (Bound) - Volume 134, Part 22 (October 17, 1988 to October 20, 1988)","Congressional Record (Bound Edition). Thursday, October 20, 1988.",https://www.govinfo.gov/app/details/GPO-CRECB-1988-pt22,https://www.govinfo.gov/content/pkg/GPO-CRECB-1988-pt22/pdf/GPO-CRECB-1988-pt22.pdf,,,,,"20, 1988 . (PAGES 31173 TO 32415) UNITED STATES GOVERNMENT PRINTING OFFICE, WASHINGTON, 1988 Fo!"" sale by the Superintendent of Documents, U.S. Government Printing Office, Washington, D.C. 20402 <tongrtssional Rtcord United States of America PROCEEDINGS AND DEBATES OF THE } 00tb CONGRESS, SECOND SESSION SENATE-Monday, October 17, 1988 (...",
6,GPO,GPO-CRECB-1988-pt21,,"Volume 134, Part 21 (October 11, 1988 to October 14, 1988)","134 Cong. Rec. (Bound) - Volume 134, Part 21 (October 11, 1988 to October 14, 1988)","Congressional Record (Bound Edition). Friday, October 14, 1988.",https://www.govinfo.gov/app/details/GPO-CRECB-1988-pt21,https://www.govinfo.gov/content/pkg/GPO-CRECB-1988-pt21/pdf/GPO-CRECB-1988-pt21.pdf,,,,,"TO OCTOBER 14, 1988 (PAGES 29661 TO 31171) UNITED STATES GOVERNMENT PRINTING OFFICE, WASHINGTON, 1988 For sale by the Superintendent of Documents, U.S. Government Printing Office, Washington, D.C. 20402 <rongrtssional Rtcord United States of America PROCEEDINGS AND DEBATES OF THE 1 ooth CONGRESS, SECOND SESSION HOUSE OF REPRESENTATIVES-Tuesday, ...",
7,GPO,GPO-CRECB-1988-pt20,,"Volume 134, Part 20 (October 5, 1988 to October 7, 1988)","134 Cong. Rec. (Bound) - Volume 134, Part 20 (October 5, 1988 to October 7, 1988)","Congressional Record (Bound Edition). Friday, October 7, 1988.",https://www.govinfo.gov/app/details/GPO-CRECB-1988-pt20,https://www.govinfo.gov/content/pkg/GPO-CRECB-1988-pt20/pdf/GPO-CRECB-1988-pt20.pdf,,,,,"OCTOBER 7, 1988 (PAGES 28285 TO 29660) UNITED STATES GOVERNMENT PRINTING OFFICE, WASHINGTON, 1988 SURPLUS- 1 LIBRARY OF CONGRESS DUPLICATE For sale by the Superintendent of Documents, U.S. Government Printing Office, Washington, D.C. 20402 CLongrtssional Rtcord United States of America PROCEEDINGS AND DEBATES OF THE } 00th CONGRESS, SECOND ...",
8,GPO,GPO-CRECB-1988-pt19,,"Volume 134, Part 19 (September 30, 1988 to October 4, 1988)","134 Cong. Rec. (Bound) - Volume 134, Part 19 (September 30, 1988 to October 4, 1988)","Congressional Record (Bound Edition). Tuesday, October 4, 1988.",https://www.govinfo.gov/app/details/GPO-CRECB-1988-pt19,https://www.govinfo.gov/content/pkg/GPO-CRECB-1988-pt19/pdf/GPO-CRECB-1988-pt19.pdf,,,,,"OCTOBER 4, 1988 (PAGES 26857 TO 28283) UNITED STATES GOVERNMENT PRINTING OFFICE, WASHING TON, 1988 For sale by the Superintendent of Documents, U.S. Government Printing Office, Washington, D.C. 20402 Q:ongrtssional Rtcord United States of America PROCEEDINGS AND DEBATES OF THE j 00tb CONGRESS, SECOND SESSION SENATE-Friday, September 30, 1988 The ...",
9,GPO,GPO-CRECB-1988-pt18,,"Volume 134, Part 18 (September 26, 1988 to September 29, 1988)","134 Cong. Rec. (Bound) - Volume 134, Part 18 (September 26, 1988 to September 29, 1988)","Congressional Record (Bound Edition). Thursday, September 29, 1988.",https://www.govinfo.gov/app/details/GPO-CRECB-1988-pt18,https://www.govinfo.gov/content/pkg/GPO-CRECB-1988-pt18/pdf/GPO-CRECB-1988-pt18.pdf,,,,,"SEPTEMBER 29, 1988 (PAGES 25281 TO 26855) \nu(. I. ua I ~:~ R.·)~·~ r:-'Y ~ Ul UNITED STATES GOVERNMENT PRINTING OFFICE, WASHINGTON, 1988 For sale by the Superintendent of Documents, U.S. Government Printing Office, Washington, D.C. 20402 <Longrtssional1Rtcord United States of America PROCEEDINGS AND DEBATES OF THE } ooth CONGRESS, SECOND SESSION...",
10,GPO,GPO-CRECB-1988-pt17,,"Volume 134, Part 17 (September 15, 1988 to September 23, 1988)","134 Cong. Rec. (Bound) - Volume 134, Part 17 (September 15, 1988 to September 23, 1988)","Congressional Record (Bound Edition). Friday, September 23, 1988.",https://www.govinfo.gov/app/details/GPO-CRECB-1988-pt17,https://www.govinfo.gov/content/pkg/GPO-CRECB-1988-pt17/pdf/GPO-CRECB-1988-pt17.pdf,,,,,"TO SEPTEMBER 23, 1988 (PAGES 23883 TO 25279) UNITED STATES GOVERNMENT PRINTING OFFICE, WASHINGTON, 1988 1 I For sale by the Superintendent of Documents, U.S. Government Printing Office, Washington, D.C. 20402 <iongrrssional 1Rtcord United States of America PROCEEDINGS AND DEBATES OF THE 1 ooth CONGRESS, SECOND SESSION SENATE-Thursday, September 15...",
11,GPO,GPO-CRECB-1988-pt16,,"Volume 134, Part 16 (September 7, 1988 to September 14, 1988)","134 Cong. Rec. (Bound) - Volume 134, Part 16 (September 7, 1988 to September 14, 1988)","Congressional Record (Bound Edition). Wednesday, September 14, 1988.",https://www.govinfo.gov/app/details/GPO-CRECB-1988-pt16,https://www.govinfo.gov/content/pkg/GPO-CRECB-1988-pt16/pdf/GPO-CRECB-1988-pt16.pdf,,,,,"SEPTEMBER 14, 1988 (PAGES 22417 TO 23882) ~I • "" • ._ .., .. ,. UNITED STATES GOVERNMENT PRINTING OFFICE, WASHINGTON, 1988 For sale by the Superintendent of Documents, U.S. Government Printing Office, Washington, D.C. 20402 <rongrtssional Rtcord United States of America PROCEEDINGS AND DEBATES OF THE j 00tb CONGRESS, SECOND SESSION SENATE-Wednesday...",
12,GPO,GPO-CRECB-1988-pt15,,"Volume 134, Part 15 (August 8, 1988 to August 11, 1988)","134 Cong. Rec. (Bound) - Volume 134, Part 15 (August 8, 1988 to August 11, 1988)","Congressional Record (Bound Edition). Thursday, August 11, 1988.",https://www.govinfo.gov/app/details/GPO-CRECB-1988-pt15,https://www.govinfo.gov/content/pkg/GPO-CRECB-1988-pt15/pdf/GPO-CRECB-1988-pt15.pdf,,,,,"AUGUST 11, 1988 (PAGES 20757 TO 22416) UNITED STATES GOVERNMENT PRINTING OFFICE, WASHINGTON, 1988 a t For sale by the Superintendent of Documents, U.S. Government Printing Office, Washington, D.C. 20402 «rongrtssional Rtcord United States of America PROCEEDINGS AND DEBATES OF THE 1 ooth CONGRESS, SECOND SESSION SENATE-Monday, August 8, 1988 The ...",
13,GPO,GPO-CRECB-1988-pt14,,"Volume 134, Part 14 (July 28, 1988 to August 5, 1988)","134 Cong. Rec. (Bound) - Volume 134, Part 14 (July 28, 1988 to August 5, 1988)","Congressional Record (Bound Edition). Friday, August 5, 1988.",https://www.govinfo.gov/app/details/GPO-CRECB-1988-pt14,https://www.govinfo.gov/content/pkg/GPO-CRECB-1988-pt14/pdf/GPO-CRECB-1988-pt14.pdf,,,,,"AUGUST 5, 1988 (PAGES 19263 TO 20755) UNITED STATES GOVERNMENT PRINTING OFFICE, WASHINGTON, 1988 I For sale by the Superintendent of Documents, U.S. Government Printing Office, Washington, D.C. 20402 Q:ongrrssional 1Rrcord United States of America PROCEEDINGS AND DEBATES OF THE 1 ooth CONGRESS, SECOND SESSION SENATE-Thursday, July 28, 1988 The ...",
14,GPO,GPO-CRECB-1988-pt13,,"Volume 134, Part 13 (July 13, 1988 to July 27, 1988)","134 Cong. Rec. (Bound) - Volume 134, Part 13 (July 13, 1988 to July 27, 1988)","Congressional Record (Bound Edition). Wednesday, July 27, 1988.",https://www.govinfo.gov/app/details/GPO-CRECB-1988-pt13,https://www.govinfo.gov/content/pkg/GPO-CRECB-1988-pt13/pdf/GPO-CRECB-1988-pt13.pdf,,,,,"27, 1988 (PAGES 17847 TO 19262) UNITED STATES GOVERNMENT PRINTING OFFICE, WASHINGTON, 1988 For sale by the Superintendent of Documents, U.S. Government Printing Office, Washington, D.C. 20402 O:ongrrssional Rrcord United States of America PROCEEDINGS AND DEBATES OF THE 1 ooth CONGRESS, SECOND SESSION HOUSE OF REPRESENTATIVES-Wednesday, July 13,...",
15,GPO,GPO-CRECB-1988-pt12,,"Volume 134, Part 12 (June 29, 1988 to July 12, 1988)","134 Cong. Rec. (Bound) - Volume 134, Part 12 (June 29, 1988 to July 12, 1988)","Congressional Record (Bound Edition). Tuesday, July 12, 1988.",https://www.govinfo.gov/app/details/GPO-CRECB-1988-pt12,https://www.govinfo.gov/content/pkg/GPO-CRECB-1988-pt12/pdf/GPO-CRECB-1988-pt12.pdf,,,,,"12, 1988 (PAGES 16309 TO 17846) MAY t 5 UNITED STATES GOVERNMENT PRINTING OFFICE, WASHINGTON, 1988 For sale by the Superintendent of Documents, U.S. Government Printing Office, Washington, D.C. 20402 «tongrtssional Rtcord United States of America PROCEEDINGS AND DEBATES OF THE } 00tb CONGRESS, SECOND SESSION SENATE-Wednesday, June 29, 1988 The ...",
16,GPO,GPO-CRECB-1988-pt11,,"Volume 134, Part 11 (June 16, 1988 to June 28, 1988)","134 Cong. Rec. (Bound) - Volume 134, Part 11 (June 16, 1988 to June 28, 1988)","Congressional Record (Bound Edition). Tuesday, June 28, 1988.",https://www.govinfo.gov/app/details/GPO-CRECB-1988-pt11,https://www.govinfo.gov/content/pkg/GPO-CRECB-1988-pt11/pdf/GPO-CRECB-1988-pt11.pdf,,,,,"28, 1988 (PAGES 14779 TO 16308) UNITED STATES GOVERNMENT PRINTING OFFICE, WASHINGTON, 1988 For sale by the Superintendent of Documents, U.S. Government Printing Office, Washington, D.C. 20402 Q:ongrtssional Rtcord United States of America PROCEEDINGS AND DEBATES OF THE j 00th CONGRESS, SECOND SESSION HOUSE OF REPRESENTATIVES-Thursday, June 16, ...",
17,GPO,GPO-CRECB-1988-pt10,,"Volume 134, Part 10 (June 6, 1988 to June 15, 1988)","134 Cong. Rec. (Bound) - Volume 134, Part 10 (June 6, 1988 to June 15, 1988)","Congressional Record (Bound Edition). Wednesday, June 15, 1988.",https://www.govinfo.gov/app/details/GPO-CRECB-1988-pt10,https://www.govinfo.gov/content/pkg/GPO-CRECB-1988-pt10/pdf/GPO-CRECB-1988-pt10.pdf,,,,,"15, 1988 (PAGES 13401 TO 14778) /•1u r· ~, UNITED STATES GOVERNMENT PRINTING OFFICE, WASHINGTON, 1988 For sale by the Superintendent of Documents, U.S. Government Printing Office, Washington, D.C. 20402 United States of America The Senate met at 11 a.m., on the expiration of the recess, and was called to order by the Honorable TERRY SANFORD, a ...",
18,GPO,GPO-CRECB-1988-pt9,,"Volume 134, Part 9 (May 23, 1988 to June 3, 1988)","134 Cong. Rec. (Bound) - Volume 134, Part 9 (May 23, 1988 to June 3, 1988)","Congressional Record (Bound Edition). Friday, June 3, 1988.",https://www.govinfo.gov/app/details/GPO-CRECB-1988-pt9,https://www.govinfo.gov/content/pkg/GPO-CRECB-1988-pt9/pdf/GPO-CRECB-1988-pt9.pdf,,,,,"3, 1988 (PAGES 11907 TO 13399) UNITED STATES GOVERNMENT PRINTING OFFICE, WASHINGTON, 1988 For sale by the Superintendent of Documents, U.S. Government Printing Office, Washington, D.C. 20402 <rongressional Record United States of America PROCEEDINGS AND DEBATES OF THE j oath CONGRESS, SECOND SESSION HOUSE OF REPRESENTATIVES-Monday, May 23, 1988 The...",
19,GPO,GPO-CRECB-1988-pt8,,"Volume 134, Part 8 (May 11, 1988 to May 20, 1988)","134 Cong. Rec. (Bound) - Volume 134, Part 8 (May 11, 1988 to May 20, 1988)","Congressional Record (Bound Edition). Friday, May 20, 1988.",https://www.govinfo.gov/app/details/GPO-CRECB-1988-pt8,https://www.govinfo.gov/content/pkg/GPO-CRECB-1988-pt8/pdf/GPO-CRECB-1988-pt8.pdf,,,,,"20, 1988 (PAGES 10409 TO 11906) UNITED STATES GOVERNMENT PRINTING OFFICE, WASHINGTON, 1988 For sale by the Superintendent of Documents, U.S. Government Printing Office, Washington, D.C. 20402 ~ongrtssional Rtcord United States America PROCEEDINGS AND DEBATES OF THE 1 oath CONGRESS, SECOND SESSION SENATE-Wednesday, May 11, 1988 The Senate met at 9:...",
20,GPO,GPO-CRECB-1988-pt7,,"Volume 134, Part 7 (April 27, 1988 to May 10, 1988)","134 Cong. Rec. (Bound) - Volume 134, Part 7 (April 27, 1988 to May 10, 1988)","Congressional Record (Bound Edition). Tuesday, May 10, 1988.",https://www.govinfo.gov/app/details/GPO-CRECB-1988-pt7,https://www.govinfo.gov/content/pkg/GPO-CRECB-1988-pt7/pdf/GPO-CRECB-1988-pt7.pdf,,,,,"MAY 10, 1988 (PAGES 8873 TO 10408) ·l- • ~ '-. .. :t UNITED STATES GOVERNMENT PRINTING OFFICE, WASHINGTON, 1988 For sale by the Superintendent of Documents, U.S. Government Printing Office, Washington, D.C. 20402 <rongrtssional Rtcord United States of America PROCEEDINGS AND DEBATES OF THE 1 ooth CONGRESS, SECOND SESSION SENATE-Wednesday, April 27...",
21,GPO,GPO-CRECB-1988-pt6,,"Volume 134, Part 6 (April 20, 1988 to April 26, 1988)","134 Cong. Rec. (Bound) - Volume 134, Part 6 (April 20, 1988 to April 26, 1988)","Congressional Record (Bound Edition). Tuesday, April 26, 1988.",https://www.govinfo.gov/app/details/GPO-CRECB-1988-pt6,https://www.govinfo.gov/content/pkg/GPO-CRECB-1988-pt6/pdf/GPO-CRECB-1988-pt6.pdf,,,,,"26, 1988 (PAGES 7537 TO 8872) UNITED STATES GOVERNMENT PRINTING OFFICE, WASHINGTON, 1988 For sale by the Superintendent of Documents, U.S. Government Printing Office, Washington, D.C. 20402 (tongrtssional Rtcord United States rl America PROCEEDINGS AND DEBATES OF THE j ooth CONGRESS, SECOND SESSION SENATE-Wednesday, April20, 1988 The Senate met ...",
22,GPO,GPO-CRECB-1988-pt5,,"Volume 134, Part 5 (March 31, 1988 to April 19, 1988)","134 Cong. Rec. (Bound) - Volume 134, Part 5 (March 31, 1988 to April 19, 1988)","Congressional Record (Bound Edition). Tuesday, April 19, 1988.",https://www.govinfo.gov/app/details/GPO-CRECB-1988-pt5,https://www.govinfo.gov/content/pkg/GPO-CRECB-1988-pt5/pdf/GPO-CRECB-1988-pt5.pdf,,,,,"19, 1988 (PAGES 5979 TO 7535) UNITED STATES GOVERNMENT PRINTING OFFICE, WASHINGTON, 1988 For sale by the Superintendent of Documents, U.S. Government Printing Office, Washington, D.C. 20402 <tongrtssional Rtcord United States of America PROCEEDINGS AND DEBATES OF THE 1 ooth CONGRESS, SECOND SESSION HOUSE OF REPRESENTATIVES-Thursday, March 31, ...",
23,GPO,GPO-CRECB-1988-pt4,,"Volume 134, Part 4 (March 22, 1988 to March 30, 1988)","134 Cong. Rec. (Bound) - Volume 134, Part 4 (March 22, 1988 to March 30, 1988)","Congressional Record (Bound Edition). Wednesday, March 30, 1988.",https://www.govinfo.gov/app/details/GPO-CRECB-1988-pt4,https://www.govinfo.gov/content/pkg/GPO-CRECB-1988-pt4/pdf/GPO-CRECB-1988-pt4.pdf,,,,,"30, 1988 (PAGES 4625 TO 5978) UNITED STATES GOVERNMENT PRINTING OFFICE, WASHINGTON, 1988 For sale by the Superintendent of Documents, U.S. Government Printing Office, Washington, D.C. 20402 <tongrtssional Rtcord United States of America PROCEEDINGS AND DEBATES OF THE j ooth CONGRESS, SECOND SESSION SENATE-Tuesday, March 22, 1988 The Senate met at...",
24,GPO,GPO-CRECB-1988-pt3,,"Volume 134, Part 3 (March 3, 1988 to March 21, 1988)","134 Cong. Rec. (Bound) - Volume 134, Part 3 (March 3, 1988 to March 21, 1988)","Congressional Record (Bound Edition). Monday, March 21, 1988.",https://www.govinfo.gov/app/details/GPO-CRECB-1988-pt3,https://www.govinfo.gov/content/pkg/GPO-CRECB-1988-pt3/pdf/GPO-CRECB-1988-pt3.pdf,,,,,"21, 1988 (PAGES 3055 TO 4623) UNITED STATES GOVERNMENT PRINTING OFFICE, WASHINGTON, 1988 -5~ .,_, .. . ~- ,··~· :·.~:~~·:;~~~ For sale by the Superintendent of Documents, U.S. Government Printing Office, Washington, D.C. 20402 «rongrtssional Rtcord United States of America PROCEEDINGS AND DEBATES OF THE } ooth CONGRESS, SECOND SESSION ...",
25,GPO,GPO-CRECB-1988-pt2,,"Volume 134, Part 2 (February 17, 1988 to March 2, 1988)","134 Cong. Rec. (Bound) - Volume 134, Part 2 (February 17, 1988 to March 2, 1988)","Congressional Record (Bound Edition). Wednesday, March 2, 1988.",https://www.govinfo.gov/app/details/GPO-CRECB-1988-pt2,https://www.govinfo.gov/content/pkg/GPO-CRECB-1988-pt2/pdf/GPO-CRECB-1988-pt2.pdf,,,,,"1467 TO 3053) UNITED STATES GOVERNMENT PRINTING OFFICE, WASHINGTON, 1988 For sale by the Superintendent of Documents, U.S. Government Printing Office, Washington, D.C. 20402 <rongrtssional Rtcord United States America PROCEEDINGS AND DEBATES OF THE 1 ooth CONGRESS, SECOND SESSION SENATE-Wednesday, February 17, 1988 The Senate met at 10:30 a.m., on...",
26,GPO,GPO-CRECB-1988-pt1,,"Volume 134, Part 1 (January 25, 1988 to February 16, 1988)","134 Cong. Rec. (Bound) - Volume 134, Part 1 (January 25, 1988 to February 16, 1988)","Congressional Record (Bound Edition). Tuesday, February 16, 1988.",https://www.govinfo.gov/app/details/GPO-CRECB-1988-pt1,https://www.govinfo.gov/content/pkg/GPO-CRECB-1988-pt1/pdf/GPO-CRECB-1988-pt1.pdf,,,,,"FEBRUARY 16, 1988 (PAGES 3 TO 1466) . .. ~ ~ '. UNITED STATES GOVERNMENT PRINTING OFFICE, WASHINGTON, 1988 For sale by the Superintendent of Documents, U.S. Government Printing Office, Washington, D.C. 20402 Q:ongrtssional Rtcord United States America PROCEEDINGS AND DEBATES OF THE 1 ooth CONGRESS, SECOND SESSION SENATE-Monday, January 25, 1988 The...",
27,GPO,GPO-CRECB-1987-pt27B,,"Volume 133, Part 27B (January 6, 1987 to December 22, 1987)","133 Cong. Rec. (Bound) - Volume 133, Part 27B (January 6, 1987 to December 22, 1987)","Congressional Record (Bound Edition). Tuesday, December 22, 1987.",https://www.govinfo.gov/app/details/GPO-CRECB-1987-pt27B,https://www.govinfo.gov/content/pkg/GPO-CRECB-1987-pt27B/pdf/GPO-CRECB-1987-pt27B.pdf,,,,,", TO FEBRUARY 2, 1988 L-Z and · History of Bills UNITED STATES GOVERNMENT PRINTING OFFICE, WASHINGTON, 1987 For sale by the U.S. Government Printing Office Superintendent of Documents, Mail Stop: SSOP, Washington, DC 20402-9328 COMPILED UNDER THE DIRECTION OF THE JOINT COMMITTEE ON PRINTING FRANK ANNUNZIO, REPRESENTATIVE FROM ILLINOIS, CHAIRMAN ...",
28,GPO,GPO-CRECB-1987-pt26,,"Volume 133, Part 26 (December 21, 1987 to December 22, 1987)","133 Cong. Rec. (Bound) - Volume 133, Part 26 (December 21, 1987 to December 22, 1987)","Congressional Record (Bound Edition). Tuesday, December 22, 1987.",https://www.govinfo.gov/app/details/GPO-CRECB-1987-pt26,https://www.govinfo.gov/content/pkg/GPO-CRECB-1987-pt26/pdf/GPO-CRECB-1987-pt26.pdf,,,,,"22, 1987 (PAGES 36717 TO 38299) UNITED STATES GOVERNMENT PRINTING OFFICE, WASHINGTON, 1987 For sale by the Superintendent of Documents, U.S. Government Printing Office, Washington, D.C. 20402 «tongrtssional Rtcord United States of America PROCEEDINGS AND DEBATES OF THE j ooth CONGRESS, FIRST SESSION HOUSE OF REPRESENTATIVES-Monday, December...",
29,GPO,GPO-CRECB-1987-pt27A,,"Volume 133, Part 27A (January 6, 1987 to December 22, 1987)","133 Cong. Rec. (Bound) - Volume 133, Part 27A (January 6, 1987 to December 22, 1987)","Congressional Record (Bound Edition). Tuesday, December 22, 1987.",https://www.govinfo.gov/app/details/GPO-CRECB-1987-pt27A,https://www.govinfo.gov/content/pkg/GPO-CRECB-1987-pt27A/pdf/GPO-CRECB-1987-pt27A.pdf,,,,,", TO FEBRUARY 2, 1988 A-K UNITED STATES GOVERNMENT PRINTING OFFICE, WASHINGTON, 1987 For sale by the U.S. Government Printing Office Superintendent of Documents, Mail Stop: SSOP, Washington , OC 20402-9328 COMPILED UNDER THE DIRECTION OF THE JOINT COMMITTEE ON PRINTING FRANK ANNUNZIO, REPRESENTATIVE FROM ILLINOIS, CHAIRMAN WENDELL H. FORD, SENATOR...",
30,GPO,GPO-CRECB-1987-pt28,,"Volume 133, Part 28 (January 6, 1987 to December 22, 1987)","133 Cong. Rec. (Bound) - Volume 133, Part 28 (January 6, 1987 to December 22, 1987)","Congressional Record (Bound Edition). Tuesday, December 22, 1987.",https://www.govinfo.gov/app/details/GPO-CRECB-1987-pt28,https://www.govinfo.gov/content/pkg/GPO-CRECB-1987-pt28/pdf/GPO-CRECB-1987-pt28.pdf,,,,,"OFFICE., WASHINGTON, 1987 . For sale by the Superintendent of Documents, U.S. Government Printing Office, Washington, D.C. 20402 Daily Tuesday, January 6, 1987 Senate Chamber Action Routine Proceedings, pages 546-800 Measures Introduced: 282 bills and 76 resolutions were introduced, as follows: S. 1-282, S.J. Res. 1-17, . S. Con. Res. 1-6, and ...",
31,GPO,GPO-CRECB-1987-pt25,,"Volume 133, Part 25 (December 11, 1987 to December 20, 1987)","133 Cong. Rec. (Bound) - Volume 133, Part 25 (December 11, 1987 to December 20, 1987)","Congressional Record (Bound Edition). Sunday, December 20, 1987.",https://www.govinfo.gov/app/details/GPO-CRECB-1987-pt25,https://www.govinfo.gov/content/pkg/GPO-CRECB-1987-pt25/pdf/GPO-CRECB-1987-pt25.pdf,,,,,"DECEMBER 20, 1987 (PAGES 35013 TO 36715) UNITED STATES GOVERNMENT PRINTING OFFICE, WASHINGTON, 1987 For sale by the Superintendent of Documents, U.S. Government Printing Office, Washington, D.C. 20402 «rongrtssional1Rtcord United States of America PROCEEDINGS AND DEBATES OF THE JOOth CONGRESS, FIRST SESSION HOUSE OF REPRESENTATIVES-Friday, December...",
32,GPO,GPO-CRECB-1987-pt24,,"Volume 133, Part 24 (December 2, 1987 to December 10, 1987)","133 Cong. Rec. (Bound) - Volume 133, Part 24 (December 2, 1987 to December 10, 1987)","Congressional Record (Bound Edition). Thursday, December 10, 1987.",https://www.govinfo.gov/app/details/GPO-CRECB-1987-pt24,https://www.govinfo.gov/content/pkg/GPO-CRECB-1987-pt24/pdf/GPO-CRECB-1987-pt24.pdf,,,,,"DECEMBER 10, 1987 (PAGES 33559 TO 35012) ~. ""~· 0 ""'~.~i.;1~,, :·~' ~""""' ~ > .._ Q;. cw. , \:t.,' "" } '· '."" .. . ' ~ ·:-. Ir . , \ \ ~ ._· .. -~ \ ·-',' ..... ~ ..... UNITED STATES GOVERNMENT PRINTING OFFICE, WASHINGTON, 1987 For sale by the Superintendent of Documents, U .S. Government Printing Office, Washington, D.C. 20402 Q:ongrtssional Rtcord...",
33,GPO,GPO-CRECB-1987-pt23,,"Volume 133, Part 23 (November 16, 1987 to December 1, 1987)","133 Cong. Rec. (Bound) - Volume 133, Part 23 (November 16, 1987 to December 1, 1987)","Congressional Record (Bound Edition). Tuesday, December 1, 1987.",https://www.govinfo.gov/app/details/GPO-CRECB-1987-pt23,https://www.govinfo.gov/content/pkg/GPO-CRECB-1987-pt23/pdf/GPO-CRECB-1987-pt23.pdf,,,,,"DECEMBER 1, 1987 (PAGES 31919 TO 33558) UNITED STATES GOVERNMENT PRINTING OFFICE, WASHINGTON, 1987 For sale by the Superintendent of Documents, U.S. Government Printing Office, Washington, D.C. 20402 <tongrtssional Rtcord United States of America PROCEEDINGS AND DEBATES OF THE 1ooth CONGRESS, FIRST SESSION HOUSE OF REPRESENTATIVES-Monday, ...",
34,GPO,GPO-CRECB-1987-pt22,,"Volume 133, Part 22 (October 30, 1987 to November 13, 1987)","133 Cong. Rec. (Bound) - Volume 133, Part 22 (October 30, 1987 to November 13, 1987)","Congressional Record (Bound Edition). Friday, November 13, 1987.",https://www.govinfo.gov/app/details/GPO-CRECB-1987-pt22,https://www.govinfo.gov/content/pkg/GPO-CRECB-1987-pt22/pdf/GPO-CRECB-1987-pt22.pdf,,,,,"NOVEMBER 13, 1987 (PAGES 30273 TO 31917) UNITED STATES GOVERNMENT PRINTING OFFICE, WASHINGTON, 1987 For sale bv the Superintendent of Documents. U.S. Government Printimr Office. Washinirton. D.C. 20402 «rongrtssional Rtcord United States of America PROCEEDINGS AND DEBATES OF THE 1 ooth CONGRESS, FIRST SESSION HOUSE OF REPRESENTATIVES-Friday, ...",
35,GPO,GPO-CRECB-1987-pt21,,"Volume 133, Part 21 (October 22, 1987 to October 29, 1987)","133 Cong. Rec. (Bound) - Volume 133, Part 21 (October 22, 1987 to October 29, 1987)","Congressional Record (Bound Edition). Thursday, October 29, 1987.",https://www.govinfo.gov/app/details/GPO-CRECB-1987-pt21,https://www.govinfo.gov/content/pkg/GPO-CRECB-1987-pt21/pdf/GPO-CRECB-1987-pt21.pdf,,,,,"OCTOBER 29, 1987 (PAGES 28797 TO 30271) UNITED STATES GOVERNMENT PRINTING OFFICE, WASHINGTON, 1987 For sale by the Superintendent of Documents, U.S. Government Printing Office, Washington, D.C. 20402 <rongrrssional Rtcord United States of America . PROCEEDINGS AND DEBATES OF THE 1 ooth CONGRESS, FIRST SESSION HOUSE OF REPRESENTATIVES-Thursday, ...",
36,GPO,GPO-CRECB-1987-pt20,,"Volume 133, Part 20 (October 13, 1987 to October 21, 1987)","133 Cong. Rec. (Bound) - Volume 133, Part 20 (October 13, 1987 to October 21, 1987)","Congressional Record (Bound Edition). Wednesday, October 21, 1987.",https://www.govinfo.gov/app/details/GPO-CRECB-1987-pt20,https://www.govinfo.gov/content/pkg/GPO-CRECB-1987-pt20/pdf/GPO-CRECB-1987-pt20.pdf,,,,,"21, 1987 (PAGES 27341 TO 28796) UNITED STATES GOVERNMENT PRINTING OFFICE, WASHINGTON, 1987 For sale by the Superintendent of Documents, U.S. Government Printing Office, Washington, D.C. 20402 <rongrtssional Rtcord United States of America PROCEEDINGS AND DEBATES OF THE j 00 th CONGRESS, FIRST SESSION SENATE-Tuesday, October 13, 1987 The ...",
37,GPO,GPO-CRECB-1987-pt19,,"Volume 133, Part 19 (October 1, 1987 to October 9, 1987)","133 Cong. Rec. (Bound) - Volume 133, Part 19 (October 1, 1987 to October 9, 1987)","Congressional Record (Bound Edition). Friday, October 9, 1987.",https://www.govinfo.gov/app/details/GPO-CRECB-1987-pt19,https://www.govinfo.gov/content/pkg/GPO-CRECB-1987-pt19/pdf/GPO-CRECB-1987-pt19.pdf,,,,,"9, 1987 (PAGES 25943 TO 27339) n.. 30 UNITED STATES GOVERNMENT PRINTING OFFICE, WASHINGTON, 1987 For sale by the Superintendent of Documents, U.S. Government Printing Office, Washington, D.C. 20402 Q:ongrtssional Rtcord United States of America PROCEEDINGS AND DEBATES OF THE } ooth CONGRESS, FIRST SESSION HOUSE OF REPRESENTATIVES-Thursday, ...",
38,GPO,GPO-CRECB-1987-pt18,,"Volume 133, Part 18 (September 18, 1987 to September 30, 1987)","133 Cong. Rec. (Bound) - Volume 133, Part 18 (September 18, 1987 to September 30, 1987)","Congressional Record (Bound Edition). Wednesday, September 30, 1987.",https://www.govinfo.gov/app/details/GPO-CRECB-1987-pt18,https://www.govinfo.gov/content/pkg/GPO-CRECB-1987-pt18/pdf/GPO-CRECB-1987-pt18.pdf,,,,,"SEPTEMBER 30, 1987 (PAGES 24475 TO 25942) t' -·-c--~,. ~~: . UNITED STATES GOVERNMENT PRINTING OFFICE, WASHINGTON, 1987 For sale by the Superintendent of Documents, U.S. Government Printing Office, ~ashington, D.C. 20402 <rongrtssional Rtcord United States of America PROCEEDINGS AND DEBATES OF THE } 00 th CONGRESS, FIRST SESSION SENATE-Friday, ...",
39,GPO,GPO-CRECB-1987-pt17,,"Volume 133, Part 17 (August 7, 1987 to September 17, 1987)","133 Cong. Rec. (Bound) - Volume 133, Part 17 (August 7, 1987 to September 17, 1987)","Congressional Record (Bound Edition). Thursday, September 17, 1987.",https://www.govinfo.gov/app/details/GPO-CRECB-1987-pt17,https://www.govinfo.gov/content/pkg/GPO-CRECB-1987-pt17/pdf/GPO-CRECB-1987-pt17.pdf,,,,,"17, 1987 (PAGES 23021 TO 24474) UNITED STATES GOVERNMENT PRINTING OFFICE, WASHINGTON, 1987 For sale by the Superintendent of Documents, U.S. Government Printing Office, Washington, D.C. 20402 ~ongrtssional Record United States of America PROCEEDINGS AND DEBATES OF THE 1 oath CONGRESS, FIRST SESSION HOUSE OF REPRESENTATIVES-Friday, August 7,...",
40,GPO,GPO-CRECB-1987-pt16,,"Volume 133, Part 16 (July 30, 1987 to August 6, 1987)","133 Cong. Rec. (Bound) - Volume 133, Part 16 (July 30, 1987 to August 6, 1987)","Congressional Record (Bound Edition). Thursday, August 6, 1987.",https://www.govinfo.gov/app/details/GPO-CRECB-1987-pt16,https://www.govinfo.gov/content/pkg/GPO-CRECB-1987-pt16/pdf/GPO-CRECB-1987-pt16.pdf,,,,,"6, 1987 (PAGES 21579 TO 23020) ' . . ... • .. """"~ ,..~v-·-tt=~;~· .. f ·~~} -- UNITED STATES GOVERN~fENT PRINTING OFFICE, WASHINGTON, 1987 For sale by the Superintendent of Documents, U.S. Government Printing Office, Washington, D.C. 20402 «tongrtssional Rtcord United States of America PROCEEDINGS AND DEBATES OF THE j 00 th CONGRESS, FIRST ...",
41,GPO,GPO-CRECB-1987-pt15,,"Volume 133, Part 15 (July 17, 1987 to July 29, 1987)","133 Cong. Rec. (Bound) - Volume 133, Part 15 (July 17, 1987 to July 29, 1987)","Congressional Record (Bound Edition). Wednesday, July 29, 1987.",https://www.govinfo.gov/app/details/GPO-CRECB-1987-pt15,https://www.govinfo.gov/content/pkg/GPO-CRECB-1987-pt15/pdf/GPO-CRECB-1987-pt15.pdf,,,,,"29, 1987 (PAGES 20127 TO 21577) .\ UNITED STATES GOVERNMENT PRINTING OFFICE, WASHINGTON, 1987 For sale by the Superintendent of Documents, U.S. Government Printing Office, Washington, D.C. 20402 <tongrrssional Record' United States of America PROCEEDINGS AND DEBATES OF THE 1 ooth CONGRESS, FIRST SESSION SENATE-Friday, July 17, 1987 (Legislative ...",
42,GPO,GPO-CRECB-1987-pt14,,"Volume 133, Part 14 (July 1, 1987 to July 15, 1987)","133 Cong. Rec. (Bound) - Volume 133, Part 14 (July 1, 1987 to July 15, 1987)","Congressional Record (Bound Edition). Wednesday, July 15, 1987.",https://www.govinfo.gov/app/details/GPO-CRECB-1987-pt14,https://www.govinfo.gov/content/pkg/GPO-CRECB-1987-pt14/pdf/GPO-CRECB-1987-pt14.pdf,,,,,"15, 1987 (PAGES 18407 TO 20125) (i .;~ .~/-;_ --, .;..· ~, , ·' ... UNITED STATES GOVERNMENT PRINTING OFFICE, WASHINGTON, 1987 For sale by the Superintendent of Documents, U.S. Government Printing Office, Washington, D.C. 20402 <tongrtssional 1Rtcord United States of America PROCEEDINGS AND DEBATES OF THE 1 ooth CONGRESS, FIRST SESSION ...",
43,GPO,GPO-CRECB-1987-pt13,,"Volume 133, Part 13 (June 23, 1987 to June 30, 1987)","133 Cong. Rec. (Bound) - Volume 133, Part 13 (June 23, 1987 to June 30, 1987)","Congressional Record (Bound Edition). Tuesday, June 30, 1987.",https://www.govinfo.gov/app/details/GPO-CRECB-1987-pt13,https://www.govinfo.gov/content/pkg/GPO-CRECB-1987-pt13/pdf/GPO-CRECB-1987-pt13.pdf,,,,,"30, 1987 (PAGES 16975 TO 18405) \ } ..... ~ . ·';·: --.:.1~ .... it:. -'. ~ 2.,; ~ .• • UNITED STATES GOVERNMENT PRINTING OFFICE , WASHINGTON, 1987 For sale by the Superintendent of Documents, U.S. Government Printing Office, Washington, D.C. 20402 Q:ongrtssional Rtcord United States of America PROCEEDINGS AND DEBATES OF THE 1 ooth CONGRESS, ...",
44,GPO,GPO-CRECB-1987-pt12,,"Volume 133, Part 12 (June 11, 1987 to June 22, 1987)","133 Cong. Rec. (Bound) - Volume 133, Part 12 (June 11, 1987 to June 22, 1987)","Congressional Record (Bound Edition). Monday, June 22, 1987.",https://www.govinfo.gov/app/details/GPO-CRECB-1987-pt12,https://www.govinfo.gov/content/pkg/GPO-CRECB-1987-pt12/pdf/GPO-CRECB-1987-pt12.pdf,,,,,"22, 1987 (PAGES 15407 TO 16974) UNITED STATES GOVERNMENT PRINTING OFFICE, WASHINGTON, 1987 For sale by the Superintendent of Documents, U.S. Government Printing Office, Washington, D.C. 20402 <tongrtssional Rtcord lJ nited States uf America PROCEEDINGS AND DEBATES OF THE} 00 tb CONGRESS, FIRST SESSION SENATE-Thursday, June 11, 1987 The Senate met ...",
45,GPO,GPO-CRECB-1987-pt11,,"Volume 133, Part 11 (May 28, 1987 to June 10, 1987)","133 Cong. Rec. (Bound) - Volume 133, Part 11 (May 28, 1987 to June 10, 1987)","Congressional Record (Bound Edition). Wednesday, June 10, 1987.",https://www.govinfo.gov/app/details/GPO-CRECB-1987-pt11,https://www.govinfo.gov/content/pkg/GPO-CRECB-1987-pt11/pdf/GPO-CRECB-1987-pt11.pdf,,,,,"IO, 1987 (PAGES 13863 TO 15405) UNITED STATES GOVERNMENT PRINTING OFFICE, WASHINGTON, 1987 For sale by the Superintendent of Documents, U.S. Government Printing Office, Washington, D.C. 20402 <rongrtssional Rtcord United States of America PROCEEDINGS AND DEBATES OF THE 1 ooth CONGRESS, FIRST SESSION SENATE-Thursday, May 28, 1987 The Senate met at...",
46,GPO,GPO-CRECB-1987-pt10,,"Volume 133, Part 10 (May 14, 1987 to May 27, 1987)","133 Cong. Rec. (Bound) - Volume 133, Part 10 (May 14, 1987 to May 27, 1987)","Congressional Record (Bound Edition). Wednesday, May 27, 1987.",https://www.govinfo.gov/app/details/GPO-CRECB-1987-pt10,https://www.govinfo.gov/content/pkg/GPO-CRECB-1987-pt10/pdf/GPO-CRECB-1987-pt10.pdf,,,,,"27, 1987 (PAGES 12417 TO 13861) ... • .. >- UNITED STATES GOVERNMENT PRINTING OFFICE, WASHINGTON, 1987 For sale by the Superintendent of Documents, U.S. Government Printing Office, Washington, D.C. 20402 Q:ongrtssional Rtcord United States of America PROCEEDINGS AND DEBATES OF THE 1 ooth CONGRESS, FIRST SESSION HOUSE OF REPRESENTATIVES-Thursday, ...",
47,GPO,GPO-CRECB-1987-pt9,,"Volume 133, Part 9 (May 5, 1987 to May 13, 1987)","133 Cong. Rec. (Bound) - Volume 133, Part 9 (May 5, 1987 to May 13, 1987)","Congressional Record (Bound Edition). Wednesday, May 13, 1987.",https://www.govinfo.gov/app/details/GPO-CRECB-1987-pt9,https://www.govinfo.gov/content/pkg/GPO-CRECB-1987-pt9/pdf/GPO-CRECB-1987-pt9.pdf,,,,,"1987 (PAGES 11037 TO 12416) UNITED STATES GOVERNMENT PRINTING OFFICE, WASHINGTON, 1987 For sale by the Superintendent of Documents, U.S. Government Printing Office, Washington, D.C. 20402 <tongrtssional Rtcord United States America PROCEEDINGS AND DEBATES OF THE j 00 th CONGRESS, FIRST SESSION SENATE-Tuesday, Mag 5, 1987 The Senate met at 3 p.m., ...",
48,GPO,GPO-CRECB-1987-pt8,,"Volume 133, Part 8 (April 27, 1987 to May 4, 1987)","133 Cong. Rec. (Bound) - Volume 133, Part 8 (April 27, 1987 to May 4, 1987)","Congressional Record (Bound Edition). Monday, May 4, 1987.",https://www.govinfo.gov/app/details/GPO-CRECB-1987-pt8,https://www.govinfo.gov/content/pkg/GPO-CRECB-1987-pt8/pdf/GPO-CRECB-1987-pt8.pdf,,,,,", 1987 (PAGES 9753 TO 11036) ... ' ~ ·-··"""" : ...... . ; ... ~_,. ... ~ · .. .... · ..... UNITED STATES GOVERNMENT PRINTING OFFICE, WASHINGTON, 1987 !11 - 0ii!l 0 - Hfl - 1 (Pt . Rl For sale by the Superintendent of Documents, U.S. Government Printing Office, Washington, D.C. 20402 <rongrtssional Rtcord United States ,,f America PROCEEDINGS AND ...",
49,GPO,GPO-CRECB-1987-pt7,,"Volume 133, Part 7 (April 9, 1987 to April 24, 1987)","133 Cong. Rec. (Bound) - Volume 133, Part 7 (April 9, 1987 to April 24, 1987)","Congressional Record (Bound Edition). Friday, April 24, 1987.",https://www.govinfo.gov/app/details/GPO-CRECB-1987-pt7,https://www.govinfo.gov/content/pkg/GPO-CRECB-1987-pt7/pdf/GPO-CRECB-1987-pt7.pdf,,,,,"24, 1987 (PAGES 8567 TO 9752) ... 4.VV tJf. RARY UNITED STATES GOVERNMENT PRINTING OFFICE, WASHINGTON, 1987 91-059 0-89-1 (Pt. 7) For sale by the Superintendent of Documents, U.S. Government Printing Office, Washington, D.C. 20402 «tongrtssional Rtcord United States of America PROCEEDINGS AND DEBATES OF THE} 00 tb CONGRESS, FIRST SESSION HOUSE OF ...",
50,GPO,GPO-CRECB-1987-pt6,,"Volume 133, Part 6 (March 27, 1987 to April 8, 1987)","133 Cong. Rec. (Bound) - Volume 133, Part 6 (March 27, 1987 to April 8, 1987)","Congressional Record (Bound Edition). Wednesday, April 8, 1987.",https://www.govinfo.gov/app/details/GPO-CRECB-1987-pt6,https://www.govinfo.gov/content/pkg/GPO-CRECB-1987-pt6/pdf/GPO-CRECB-1987-pt6.pdf,,,,,"8, 1987 (PAGES 7103 TO 8565) UNITED STATES GOVERNMENT PRINTING OFFICE, WASHINGTON, 1987 ~ll-OS!J 0-8!J-l !Pt (il For sale by the Superintendent of Documents, U.S. Government Printing Office, Washington, D.C. 20402 «rongrtssional Rtcord United States of America PROCEEDINGS AND DEBATES OF THE JOOth CONGRESS, FIRST SESSION SENATE-Friday, March 27, ...",
51,GPO,GPO-CRECB-1987-pt5,,"Volume 133, Part 5 (March 17, 1987 to March 26, 1987)","133 Cong. Rec. (Bound) - Volume 133, Part 5 (March 17, 1987 to March 26, 1987)","Congressional Record (Bound Edition). Thursday, March 26, 1987.",https://www.govinfo.gov/app/details/GPO-CRECB-1987-pt5,https://www.govinfo.gov/content/pkg/GPO-CRECB-1987-pt5/pdf/GPO-CRECB-1987-pt5.pdf,,,,,"26, 1987 (PAGES 5749 TO 7101) UNITED STATES GOVERNMENT PRINTING OFFICE, WASHINGTON, 1987 . 91--059 0-89-1 (Pt. 5) , . ' -- -~;,_., .... ·:~' . For sale by the Superintendent of Documents, U.S. Government Printing Office, Washington, D.C. 20402 Q:ongrtssional Rtcord United States of America PROCEEDINGS AND DEBATES OF THE 1 ooth CONGRESS, FIRST ...",
52,GPO,GPO-CRECB-1987-pt4,,"Volume 133, Part 4 (March 2, 1987 to March 16, 1987)","133 Cong. Rec. (Bound) - Volume 133, Part 4 (March 2, 1987 to March 16, 1987)","Congressional Record (Bound Edition). Monday, March 16, 1987.",https://www.govinfo.gov/app/details/GPO-CRECB-1987-pt4,https://www.govinfo.gov/content/pkg/GPO-CRECB-1987-pt4/pdf/GPO-CRECB-1987-pt4.pdf,,,,,"16, 1987 (PAGES 4445 TO 5747) UNITED STATES GOVERNMENT PRINTING OFFICE, WASHINGTON, 1987 91- 059 0 -89- 1 <Pt. 4) For sale by the Superintendent of Documents, U.S. Government Printing Office, Washington, D.C. 20402 <rongrtssional Rtcord United States of America PROCEEDINGS AND DEBATES OF THE 1 ooth CONGRESS, FIRST SESSION HOUSE OF ...",
53,GPO,GPO-CRECB-1987-pt3,,"Volume 133, Part 3 (February 5, 1987 to February 27, 1987)","133 Cong. Rec. (Bound) - Volume 133, Part 3 (February 5, 1987 to February 27, 1987)","Congressional Record (Bound Edition). Friday, February 27, 1987.",https://www.govinfo.gov/app/details/GPO-CRECB-1987-pt3,https://www.govinfo.gov/content/pkg/GPO-CRECB-1987-pt3/pdf/GPO-CRECB-1987-pt3.pdf,,,,,"FEBRUARY 27, 1987 (PAGES 2959 TO 4444) UNITED STATES GOVERNMENT PRINTING OFFICE, WASHINGTON, 1987 For sale by the Superintendent of Documents, U.S. Government Printing Office, Washington, D.C. 20402 Q:ongrtssional Rtcord United States of America PROCEEDINGS AND DEBATES OF THE 1 ooth CONGRESS, FIRST SESSION HOUSE OF REPRESENTATIVES-Thursday, ...",
54,GPO,GPO-CRECB-1987-pt2,,"Volume 133, Part 2 (January 20, 1987 to February 4, 1987)","133 Cong. Rec. (Bound) - Volume 133, Part 2 (January 20, 1987 to February 4, 1987)","Congressional Record (Bound Edition). Wednesday, February 4, 1987.",https://www.govinfo.gov/app/details/GPO-CRECB-1987-pt2,https://www.govinfo.gov/content/pkg/GPO-CRECB-1987-pt2/pdf/GPO-CRECB-1987-pt2.pdf,,,,,"4, 1987 (PAGES 1421 TO 2957) :,; .i~~;;~""~'ft~ ' .. - UNITED STATES GOVERNMENT PRINTING OFFICE, WASHINGTON, 1987 91-059 0-89-1 (Pt. 2) For sale by the Superintendent of Documents, U.S. Government Printing Office, Washington, D.C. 20402 Q:ongrtssional Rtcord United States rif America PROCEEDINGS AND DEBATES OF THE J ooth CONGRESS, FIRST SESSIOI...",
55,GPO,GPO-CRECB-1987-pt1,,"Volume 133, Part 1 (January 6, 1987 to January 16, 1987)","133 Cong. Rec. (Bound) - Volume 133, Part 1 (January 6, 1987 to January 16, 1987)","Congressional Record (Bound Edition). Friday, January 16, 1987.",https://www.govinfo.gov/app/details/GPO-CRECB-1987-pt1,https://www.govinfo.gov/content/pkg/GPO-CRECB-1987-pt1/pdf/GPO-CRECB-1987-pt1.pdf,,,,,"16, 1987 (PAGES 1 TO 1419) UNITED STATES GOVERNMENT PRINTING OFFICE, WASHINGTON, 1987 \ ~ \'. \,.\IJ;·.·., For sale by the Superintendent of Documents, U .S. Government Printing Office, Washington, D.C. 20402 <rongrtssional Rtcord United States of America PROCEEDINGS AND DEBATES OF THE} ooth CONGRESS, FIRST SESSION HOUSE OF ...",