index,collectionCode,packageId,granuleId,title,line1,line2,detailsLink,pdfLink,htmlLink,xmlLink,otherLink1,otherLink2,teaser,historical
1,GPO,GPO-CRECB-1962-pt17,,"Volume 108, Part 17 (October 5, 1962 to October 13, 1962)","108 Cong. Rec. (Bound) - Volume 108, Part 17 (October 5, 1962 to October 13, 1962)","Congressional Record (Bound Edition). Saturday, October 13, 1962.",https://www.govinfo.gov/app/details/GPO-CRECB-1962-pt17,https://www.govinfo.gov/content/pkg/GPO-CRECB-1962-pt17/pdf/GPO-CRECB-1962-pt17.pdf,,,,,"22457 TO 23720) UNITED STATES GOVERNMENT PRINTING OFFICE, WASHINGTON, 1962 ·~ United States of America Q:ongrcssional Record PROCEEDINGS AND DEBATES OF THE 87th CONGRESS, SECOND SESSION SENATE FRIDAY, OCTOBER 5, 1962 The Senate met at 11 o'clock a.m., and was called to order by Hon. LEE METCALF, a Senator from the State of Montana. The Chaplain, ...",
2,GPO,GPO-CRECB-1962-pt20,,"Volume 108, Part 20 (January 10, 1962 to October 13, 1962)","108 Cong. Rec. (Bound) - Volume 108, Part 20 (January 10, 1962 to October 13, 1962)","Congressional Record (Bound Edition). Saturday, October 13, 1962.",https://www.govinfo.gov/app/details/GPO-CRECB-1962-pt20,https://www.govinfo.gov/content/pkg/GPO-CRECB-1962-pt20/pdf/GPO-CRECB-1962-pt20.pdf,,,,,"OF REPRESENTATIVES Wednesday, January 10, 1962 Mr. FLOOD. Mr. Speaker, in the course of my associations with Isthmian questions, I have become increasingly aware of the contributions made by resi- dents of my State of Pennsylvania in various :fields related to the construction, - operation, maintenance, sanitation, and Protection of the Panama ...",
3,GPO,GPO-CRECB-1962-pt23,,"Volume 108, Part 23 (April 2, 1962 to October 13, 1962)","108 Cong. Rec. (Bound) - Volume 108, Part 23 (April 2, 1962 to October 13, 1962)","Congressional Record (Bound Edition). Saturday, October 13, 1962.",https://www.govinfo.gov/app/details/GPO-CRECB-1962-pt23,https://www.govinfo.gov/content/pkg/GPO-CRECB-1962-pt23/pdf/GPO-CRECB-1962-pt23.pdf,,,,,"Read"" is televised on an 18- month ba.s1s. The average nonreading adult usually can progress in that time to a sixth- grade reading level, but Mr. Tybura em- phasizes that this will not be accomplished oF MISSOURI solely through TV watching, and he has pre- IN THE SENATE OF THE UNITED STATES pared supplementary. aids, which are sent without charge...",
4,GPO,GPO-CRECB-1962-pt26,,"Volume 108, Part 26 (July 2, 1962 to October 13, 1962)","108 Cong. Rec. (Bound) - Volume 108, Part 26 (July 2, 1962 to October 13, 1962)","Congressional Record (Bound Edition). Saturday, October 13, 1962.",https://www.govinfo.gov/app/details/GPO-CRECB-1962-pt26,https://www.govinfo.gov/content/pkg/GPO-CRECB-1962-pt26/pdf/GPO-CRECB-1962-pt26.pdf,,,,,"1962 ~Ir. ROBERTSON. Mr. President, last Saturday was the centennial of the signing of the Morrill Land Grant Act of 1862, which provided for the teaching of agriculture and the mechanical arts ""in such manner as the legislatures of the States may respectively: prescribe."" · We now have a · system of State-sup- ported, land-grant colleges, ...",
5,GPO,GPO-CRECB-1962-pt18,,"Volume 108, Part 18 (January 10, 1962 to October 13, 1962)","108 Cong. Rec. (Bound) - Volume 108, Part 18 (January 10, 1962 to October 13, 1962)","Congressional Record (Bound Edition). Saturday, October 13, 1962.",https://www.govinfo.gov/app/details/GPO-CRECB-1962-pt18,https://www.govinfo.gov/content/pkg/GPO-CRECB-1962-pt18/pdf/GPO-CRECB-1962-pt18.pdf,,,,,", TO OCTOBER 13, 1962 UNITED STATES GOVERNMENT PRINTING OFFICE, WASHINGTON, 1962 NAMES AND POST-OFFICE ADDRESSES OF MEMBERS OF THE UNITED STATES SEN ATE IN THE SECOND SESSION OF THE EIGHTY - SEVENTH CONGRESS LYNDON B. JoHNSON, Vice President, Johnson City, Tex.; CARL HAYDEN, President pro tempore, Phoenix, Ariz. Name Home post office Name Home post...",
6,GPO,GPO-CRECB-1962-pt29,,"Volume 108, Part 29 (October 1, 1962 to October 13, 1962)","108 Cong. Rec. (Bound) - Volume 108, Part 29 (October 1, 1962 to October 13, 1962)","Congressional Record (Bound Edition). Saturday, October 13, 1962.",https://www.govinfo.gov/app/details/GPO-CRECB-1962-pt29,https://www.govinfo.gov/content/pkg/GPO-CRECB-1962-pt29/pdf/GPO-CRECB-1962-pt29.pdf,,,,,", Mr. John S . Knight, president and editor of one of Ohio's leading newspapers, the Akron Beacon Journal, has written some very interesting and timely remarks con- cerning our seemingly ever-increasing foreign aid spending and activities. This editorial appeared in the Akron Beacon Journal on September 23. In or- der that editor Knight's ...",
7,GPO,GPO-CRECB-1962-pt25,,"Volume 108, Part 25 (June 1, 1962 to October 13, 1962)","108 Cong. Rec. (Bound) - Volume 108, Part 25 (June 1, 1962 to October 13, 1962)","Congressional Record (Bound Edition). Saturday, October 13, 1962.",https://www.govinfo.gov/app/details/GPO-CRECB-1962-pt25,https://www.govinfo.gov/content/pkg/GPO-CRECB-1962-pt25/pdf/GPO-CRECB-1962-pt25.pdf,,,,,", June 1, 1962 Mr. McCLELLAN. Mr. President, a week a.go today the Senate passed the omnibus farm bill with amendments. The narrow margin by which this meas- ure was approved by the Senate is illus- trative of the fact that there exists a sharp divergence of opinion as to what should constitute this Nation's agricul- tural policies. This is ...",
8,GPO,GPO-CRECB-1962-pt24,,"Volume 108, Part 24 (March 29, 1962 to October 13, 1962)","108 Cong. Rec. (Bound) - Volume 108, Part 24 (March 29, 1962 to October 13, 1962)","Congressional Record (Bound Edition). Saturday, October 13, 1962.",https://www.govinfo.gov/app/details/GPO-CRECB-1962-pt24,https://www.govinfo.gov/content/pkg/GPO-CRECB-1962-pt24/pdf/GPO-CRECB-1962-pt24.pdf,,,,,"""'i"" THE HOUSE OF REPRESENTATIVES Thursday, March 29, 1962 The House 1n Committee of the Whole l!ouse on the State of the Union had under consideration the bill (H.R. 10650) to amend the Internal Revenue Code of 1954 to provide a credit for investment in certain depreciable Property, to eliminate certain defects and inequities, and for other ...",
9,GPO,GPO-CRECB-1962-pt21,,"Volume 108, Part 21 (February 1, 1962 to October 13, 1962)","108 Cong. Rec. (Bound) - Volume 108, Part 21 (February 1, 1962 to October 13, 1962)","Congressional Record (Bound Edition). Saturday, October 13, 1962.",https://www.govinfo.gov/app/details/GPO-CRECB-1962-pt21,https://www.govinfo.gov/content/pkg/GPO-CRECB-1962-pt21/pdf/GPO-CRECB-1962-pt21.pdf,,,,,". TOLL. Mr. Speaker, I read in the ~ear East Report of January 30 a very -interesting presentation in support of the United Nations bond issue. t The material presented is so practical hat I recommend it for reading by all the Members: THE U.N. BOND lssUE President Kennedy today asked Congress !or authority to purchase $100 million of the United ...",
10,GPO,GPO-CRECB-1962-pt28,,"Volume 108, Part 28 (September 4, 1962 to October 13, 1962)","108 Cong. Rec. (Bound) - Volume 108, Part 28 (September 4, 1962 to October 13, 1962)","Congressional Record (Bound Edition). Saturday, October 13, 1962.",https://www.govinfo.gov/app/details/GPO-CRECB-1962-pt28,https://www.govinfo.gov/content/pkg/GPO-CRECB-1962-pt28/pdf/GPO-CRECB-1962-pt28.pdf,,,,,", September 4, 1962 Mr. CELLER. Mr. Speaker, during the past month the American people have been outraged by the simple, obvi- ous, human tragedy resulting from t halidomide. It was the public outcry which forced the Congress to take action on the drug bill. I bad the privilege of introducing the drug bill on April 12, 1961, jointly with ...",
11,GPO,GPO-CRECB-1962-pt27,,"Volume 108, Part 27 (August 1, 1962 to October 13, 1962)","108 Cong. Rec. (Bound) - Volume 108, Part 27 (August 1, 1962 to October 13, 1962)","Congressional Record (Bound Edition). Saturday, October 13, 1962.",https://www.govinfo.gov/app/details/GPO-CRECB-1962-pt27,https://www.govinfo.gov/content/pkg/GPO-CRECB-1962-pt27/pdf/GPO-CRECB-1962-pt27.pdf,,,,,"1962 1\Ir. KEFAUVER. Mr. President, I am always pleased when I read a new edi- torial tribute to the Siskin brothers, Mose and Garrison, of Chattanooga, Tenn. For years, the Siskin brothers have been literally giving away their fortune to help their fellow men. As Garrison Siskin says, 'We invest in people-we invest in miracles."" · .. Recently ...",
12,GPO,GPO-CRECB-1962-pt22,,"Volume 108, Part 22 (March 1, 1962 to October 13, 1962)","108 Cong. Rec. (Bound) - Volume 108, Part 22 (March 1, 1962 to October 13, 1962)","Congressional Record (Bound Edition). Saturday, October 13, 1962.",https://www.govinfo.gov/app/details/GPO-CRECB-1962-pt22,https://www.govinfo.gov/content/pkg/GPO-CRECB-1962-pt22/pdf/GPO-CRECB-1962-pt22.pdf,,,,,". :Mr. President, last January, with county officials from 16 · Western States in attendance, a midyear lVorkshop meeting of the National Asso- ciation of County Officials was held in Phoenix, the county seat of Maricopa County, Ariz. On January 26, 1962, two outstanding addresses were delivered at the Westward Ho Hotel which, as a former ...",
13,GPO,GPO-CRECB-1962-pt19,,"Volume 108, Part 19 (January 10, 1962 to October 13, 1962)","108 Cong. Rec. (Bound) - Volume 108, Part 19 (January 10, 1962 to October 13, 1962)","Congressional Record (Bound Edition). Saturday, October 13, 1962.",https://www.govinfo.gov/app/details/GPO-CRECB-1962-pt19,https://www.govinfo.gov/content/pkg/GPO-CRECB-1962-pt19/pdf/GPO-CRECB-1962-pt19.pdf,,,,,"OFFICE, WASHINGTON, 1962 .... Daily Digest Wednesday, January 10, 1962 HIGHLIGHTS Second session of the Eighty-seventh Congress convened. House elected Representative McCormack Speaker. Senate Chamber Action Resolutions Introduced: Four resolutions were sub- mitted, as follows: S. Res. 228-231. Page 4 Special Report: The following special ...",
14,GPO,GPO-CRECB-1962-pt16,,"Volume 108, Part 16 (September 28, 1962 to October 4, 1962)","108 Cong. Rec. (Bound) - Volume 108, Part 16 (September 28, 1962 to October 4, 1962)","Congressional Record (Bound Edition). Thursday, October 4, 1962.",https://www.govinfo.gov/app/details/GPO-CRECB-1962-pt16,https://www.govinfo.gov/content/pkg/GPO-CRECB-1962-pt16/pdf/GPO-CRECB-1962-pt16.pdf,,,,,"TO OCTOBER 4, 1962 (PAGES 21149 TO 22456) UNITED STATES GOVERNMENT PRINTING OFFICE, WASHINGTON,. 1962 ... .. •.,.~ United States of America <rongr(ssionat }l(cord PROCEEDINGS AND DEBATES OF THE 87th CONGRESS, SECOND SESSION HOUSE OF REPRESENTATIVES FRIDAY, SEPTEMBER 28, 1962 The House met at 12 o'clock noon. Dr. Preston Bradley, pastor, People's ...",
15,GPO,GPO-CRECB-1962-pt15,,"Volume 108, Part 15 (September 18, 1962 to September 27, 1962)","108 Cong. Rec. (Bound) - Volume 108, Part 15 (September 18, 1962 to September 27, 1962)","Congressional Record (Bound Edition). Thursday, September 27, 1962.",https://www.govinfo.gov/app/details/GPO-CRECB-1962-pt15,https://www.govinfo.gov/content/pkg/GPO-CRECB-1962-pt15/pdf/GPO-CRECB-1962-pt15.pdf,,,,,"one part of the world. But, in his own words, he would apply it ""not only in Berlin, but everywhere, including Cuba."" In yesterday's New York Times an ex- cellent article by Arthur Krock appears which discusses the choice America must make between the Bowles policy and the Clay policy. I ask unanimous consent that the article may be printed at this...",
16,GPO,GPO-CRECB-1962-pt14,,"Volume 108, Part 14 (August 31, 1962 to September 17, 1962)","108 Cong. Rec. (Bound) - Volume 108, Part 14 (August 31, 1962 to September 17, 1962)","Congressional Record (Bound Edition). Monday, September 17, 1962.",https://www.govinfo.gov/app/details/GPO-CRECB-1962-pt14,https://www.govinfo.gov/content/pkg/GPO-CRECB-1962-pt14/pdf/GPO-CRECB-1962-pt14.pdf,,,,,"SEPTEMBER 17, 1962 (PAGES 18299 TO 19692) UNITED STATES GOVERNMENT PRINTING OFFICE, WASHINGTON, 1962 United States of America <rongrrssional Rrcord PROCEEDINGS AND DEBATES OF THE 87th CONGRESS, SECOND SESSION HOUSE OF REPRESENTATIVES FRIDAY, AUGUST 31, 1962 The House met at 12 o'clock noon. The Chaplain, Rev. Bernard Braskamp, D.D., offered the ...",
17,GPO,GPO-CRECB-1962-pt13,,"Volume 108, Part 13 (August 20, 1962 to August 30, 1962)","108 Cong. Rec. (Bound) - Volume 108, Part 13 (August 20, 1962 to August 30, 1962)","Congressional Record (Bound Edition). Thursday, August 30, 1962.",https://www.govinfo.gov/app/details/GPO-CRECB-1962-pt13,https://www.govinfo.gov/content/pkg/GPO-CRECB-1962-pt13/pdf/GPO-CRECB-1962-pt13.pdf,,,,,"30, 1962 (PAGES 16957 TO 18298) UNITED STATES GOVERNMENT PRINTING OFFICEt WASHINGTON,. .1962 United States of America <rongrcssional Record PROCEEDINGS AND DEBATES OF THE 87th CONGRESS, SECOND SESSION HOUSE OF REPRESENTATIVES MONDAY, AUGUST 20, 1962 The House met at 12 o'clock noon. The Chaplain, Rev. Bernard Braskamp, D.D., o1Iered the ...",
18,GPO,GPO-CRECB-1962-pt12,,"Volume 108, Part 12 (August 6, 1962 to August 17, 1962)","108 Cong. Rec. (Bound) - Volume 108, Part 12 (August 6, 1962 to August 17, 1962)","Congressional Record (Bound Edition). Friday, August 17, 1962.",https://www.govinfo.gov/app/details/GPO-CRECB-1962-pt12,https://www.govinfo.gov/content/pkg/GPO-CRECB-1962-pt12/pdf/GPO-CRECB-1962-pt12.pdf,,,,,"12 AUGUST 6, 1962, TO AUGUST 17, 1962 (PAGES 15599 TO 16956) UNITED STATES GOVERNMENT PRINTING OFFICE,. WASHINGTON, 1962 United States of America <rongrcssional Record PROCEEDINGS AND DEBATES OF THE 87th CONGRESS, SECOND SESSION HOUSE OF REPRESENTATIVES MONDAY, AUGUST 6, 1962 The House met at 12 o'clock noon. The Chaplain, Rev. Bernard Braskamp...",
19,GPO,GPO-CRECB-1962-pt11,,"Volume 108, Part 11 (July 20, 1962 to August 3, 1962)","108 Cong. Rec. (Bound) - Volume 108, Part 11 (July 20, 1962 to August 3, 1962)","Congressional Record (Bound Edition). Friday, August 3, 1962.",https://www.govinfo.gov/app/details/GPO-CRECB-1962-pt11,https://www.govinfo.gov/content/pkg/GPO-CRECB-1962-pt11/pdf/GPO-CRECB-1962-pt11.pdf,,,,,"AUGUST 3, 1962 (PAGES 14239 TO 15598) UNITED STATES. GOVERNMENT PRINTING OFFICE, WAS.HINGTON, \962 "" ' ,""f' . ·- ~ \ : . ' ,; ·, I \ • •t •• • •• f, United States of America «rongrtssional Record PROCEEDINGS AND DEBATES OF THE 87th CONGRESS, SECOND SESSION .SENATE FRIDAY, JULY 20, 1962 The Senate met at 12 o'clock meridian, and was called to order ...",
20,GPO,GPO-CRECB-1962-pt10,,"Volume 108, Part 10 (July 9, 1962 to July 19, 1962)","108 Cong. Rec. (Bound) - Volume 108, Part 10 (July 9, 1962 to July 19, 1962)","Congressional Record (Bound Edition). Thursday, July 19, 1962.",https://www.govinfo.gov/app/details/GPO-CRECB-1962-pt10,https://www.govinfo.gov/content/pkg/GPO-CRECB-1962-pt10/pdf/GPO-CRECB-1962-pt10.pdf,,,,,"10 JULY 9, 1962, TO JULY 19, 1962 (PAGES 12869 TO 14238) . \ ""' United States of America <iongrrsstonal Rrtord PROCEEDINGS AND DEBATES OF THE 87th CONGRESS, SECOND SESSION SENATE MONDAY, JULY 9, 1962 The Senate met at 12 o'clock meridian, and was called to order by the President pro tempore. The Chaplain, Rev. Frederick Brown Harris, D.D., ...",
21,GPO,GPO-CRECB-1962-pt9,,"Volume 108, Part 9 (June 23, 1962 to July 6, 1962)","108 Cong. Rec. (Bound) - Volume 108, Part 9 (June 23, 1962 to July 6, 1962)","Congressional Record (Bound Edition). Friday, July 6, 1962.",https://www.govinfo.gov/app/details/GPO-CRECB-1962-pt9,https://www.govinfo.gov/content/pkg/GPO-CRECB-1962-pt9/pdf/GPO-CRECB-1962-pt9.pdf,,,,,", 1962 (PAGES 11445 TO 12868) UNITED STATES GOVERNMENT PRINTING OFFICE, WASHINGTON, 1962 ., .. .'J·.r·J '.' United States of America (tongrrssional Rrrord PROCEEDINGS AND DEBATES OF THE 87th CONGRESS, SECOND SESSION SENATE SATURDAY, JUNE 23, 1962 - The Senate met at 10 o'clock a.m., and was called to order by the Vice Presi- dent. The Chaplain, Rev...",
22,GPO,GPO-CRECB-1962-pt8,,"Volume 108, Part 8 (June 11, 1962 to June 22, 1962)","108 Cong. Rec. (Bound) - Volume 108, Part 8 (June 11, 1962 to June 22, 1962)","Congressional Record (Bound Edition). Friday, June 22, 1962.",https://www.govinfo.gov/app/details/GPO-CRECB-1962-pt8,https://www.govinfo.gov/content/pkg/GPO-CRECB-1962-pt8/pdf/GPO-CRECB-1962-pt8.pdf,,,,,"22, 1962 (PAGES 10037 TO 11444) UNITED STAT.ES GOVERNMENT PRINTING OFFICE, WASHINGTON,. 1962 • f"" . ) J 1 r I 1/ I < > l 1'1'. I~ t.1:;; 1.""0r.1""""11JI""' j/ United States oj .Amerka <iongrcssional ·Record PROCEEDINGS AND DEBATES OF THE 87th CONGRESS, SECOND SESSION HOUSE OF REPRESENTATIVES MONDAY, JUNE 11, 1962 The House met at 12 o'clock noon. ...",
23,GPO,GPO-CRECB-1962-pt7,,"Volume 108, Part 7 (May 17, 1962 to June 8, 1962)","108 Cong. Rec. (Bound) - Volume 108, Part 7 (May 17, 1962 to June 8, 1962)","Congressional Record (Bound Edition). Friday, June 8, 1962.",https://www.govinfo.gov/app/details/GPO-CRECB-1962-pt7,https://www.govinfo.gov/content/pkg/GPO-CRECB-1962-pt7/pdf/GPO-CRECB-1962-pt7.pdf,,,,,"8, 1962 (PAGES 8587 TO 10036) UNITED STATES GOVERNMENT PRINTING OFFICE,. WASHINGTON,. 1962 United States of America <tongrrssional Rrcord PROCEEDINGS AND DEBATES OF THE 87th ~ONGRESS, SECOND SESSION HOUSE OF REPRESENTATIVES THURSDAY, MAY 17, 1962 The House met at 12 o'clock noon. The Reverend Michael P. Hinnebusch of the Church of the Assumption,...",
24,GPO,GPO-CRECB-1962-pt6,,"Volume 108, Part 6 (April 25, 1962 to May 16, 1962)","108 Cong. Rec. (Bound) - Volume 108, Part 6 (April 25, 1962 to May 16, 1962)","Congressional Record (Bound Edition). Wednesday, May 16, 1962.",https://www.govinfo.gov/app/details/GPO-CRECB-1962-pt6,https://www.govinfo.gov/content/pkg/GPO-CRECB-1962-pt6/pdf/GPO-CRECB-1962-pt6.pdf,,,,,"16, 1962 (PAGES 7141 TO 8586) UNITED STATES GOVERNMENT PRINTING OFFICE, WASHINGTON, 1962 United States of America <iongrrssional Rrcord PROCEEDINGS AND DEBATES OF THE. 87th CONGRESS, SECOND SESSIO·N SENATE WEDNESDAY, APRIL 25, 1962 The Senate met at 12 o'clock meridian, and was called to order by the President pro tempore. The Chaplain, Rev. F.rede...",
25,GPO,GPO-CRECB-1962-pt5,,"Volume 108, Part 5 (April 3, 1962 to April 24, 1962)","108 Cong. Rec. (Bound) - Volume 108, Part 5 (April 3, 1962 to April 24, 1962)","Congressional Record (Bound Edition). Tuesday, April 24, 1962.",https://www.govinfo.gov/app/details/GPO-CRECB-1962-pt5,https://www.govinfo.gov/content/pkg/GPO-CRECB-1962-pt5/pdf/GPO-CRECB-1962-pt5.pdf,,,,,", TO APRIL 24, 1962 (PAGES 5745 TO 7140) UNITED STATES GOVERNMENT PRINTING OFFICE, WASHINGTON, 1962 United States of America (Longrcssional Record PROCEEDINGS ~ND DEBATES OF THE 87th CONGRESS, SECOND SESSION SENATE TUESDAY, APRIL 3, 1962 The Senate met at 12 o'clock meridian, and was called to order by the Vice President. Rabbi Alex J. Goldman, ...",
26,GPO,GPO-CRECB-1962-pt4,,"Volume 108, Part 4 (March 16, 1962 to April 2, 1962)","108 Cong. Rec. (Bound) - Volume 108, Part 4 (March 16, 1962 to April 2, 1962)","Congressional Record (Bound Edition). Monday, April 2, 1962.",https://www.govinfo.gov/app/details/GPO-CRECB-1962-pt4,https://www.govinfo.gov/content/pkg/GPO-CRECB-1962-pt4/pdf/GPO-CRECB-1962-pt4.pdf,,,,,"2, 1962 . (PAGES 4341 TO 5744) UNITED STATES GOVERNMENT PRINTING OFFICE, WASHINGTON, 1962 ' I .... United States of America <iongrcssional -Rccord PROCEEDINGS AND DEBATES OF THE 87th CONGRESS, SECOND SESSION SENATE FRIDAY, MARCH 16, 1962 <Legislative day of Wednesday, March 14, 1962) The Senate met at 12 o'clock meridian, on the expiration of ...",
27,GPO,GPO-CRECB-1962-pt3,,"Volume 108, Part 3 (February 26, 1962 to March 15, 1962)","108 Cong. Rec. (Bound) - Volume 108, Part 3 (February 26, 1962 to March 15, 1962)","Congressional Record (Bound Edition). Thursday, March 15, 1962.",https://www.govinfo.gov/app/details/GPO-CRECB-1962-pt3,https://www.govinfo.gov/content/pkg/GPO-CRECB-1962-pt3/pdf/GPO-CRECB-1962-pt3.pdf,,,,,"2851 TO 4340) UNITED STATES GOVERNMENT PRINTING OFFICE, WASHINGTON, 1962 . . . t '., ·""' - / I f ~· .:· United States of America '<Longrrssional R(cord PROCEEDINGS AND DEBATES OF THE 87th CONGRESS~ SECOND SESSION SENATE MONDAY,° FEBRUARY 26, 1962 The Senate met at 12 ,o'clock meridian, and was called to order by the President pro t.empore. ...",
28,GPO,GPO-CRECB-1962-pt2,,"Volume 108, Part 2 (February 2, 1962 to February 22, 1962)","108 Cong. Rec. (Bound) - Volume 108, Part 2 (February 2, 1962 to February 22, 1962)","Congressional Record (Bound Edition). Thursday, February 22, 1962.",https://www.govinfo.gov/app/details/GPO-CRECB-1962-pt2,https://www.govinfo.gov/content/pkg/GPO-CRECB-1962-pt2/pdf/GPO-CRECB-1962-pt2.pdf,,,,,"22, 1962 (PAGES 1421 TO 2850) UNITED STATES GOVERNMENT PRINTING OFFICE'- WASHINGTON'- 1962 United States. of America Q:ongrcssionai1Rcrord PROCEEDINGS AND DEBATES OF THE 87th CONGRESS, SECOND SESSION SENATE FRIDAY, FEBRUARY 2, 1962 The Senate met at 12 o'clock meridian, and was called to order by the Vice President. The Chaplain, Rev. ...",
29,GPO,GPO-CRECB-1962-pt1,,"Volume 108, Part 1 (January 10, 1962 to February 1, 1962)","108 Cong. Rec. (Bound) - Volume 108, Part 1 (January 10, 1962 to February 1, 1962)","Congressional Record (Bound Edition). Thursday, February 1, 1962.",https://www.govinfo.gov/app/details/GPO-CRECB-1962-pt1,https://www.govinfo.gov/content/pkg/GPO-CRECB-1962-pt1/pdf/GPO-CRECB-1962-pt1.pdf,,,,,"1 TO 1420) UNITED ST ATES GOVERNMENT PRINTING OFFICE'- WASHINGTON, 1962 .- ) r United States of America Q:ongrcssional Record PROCEEDINGS AND DEBATES OF THE 87th CONGRESS, SECOND SESSION SENATE WEDNESDAY, JAN UARY 10: 1962 The 10th day of January being the day prescribed by Public Law 348, 87th Con- gress, 1st session, for the meeting of the 2d ...",
30,GPO,GPO-CRECB-1961-pt27,,"Volume 107, Part 27 (September 1, 1961 to September 27, 1961)","107 Cong. Rec. (Bound) - Volume 107, Part 27 (September 1, 1961 to September 27, 1961)","Congressional Record (Bound Edition). Wednesday, September 27, 1961.",https://www.govinfo.gov/app/details/GPO-CRECB-1961-pt27,https://www.govinfo.gov/content/pkg/GPO-CRECB-1961-pt27/pdf/GPO-CRECB-1961-pt27.pdf,,,,,"serv- ices, though defense readers do hope some trtserv1ce aircraft can be developed in the future. M'NAMARA FAVORS CONSOLIDATION The entire program is in line with Sec- retary McNamara's desire to consolidate top- level control of defense operations and merge OI' MASSACHUSETTS as many activities as possible. Recently. IN THE HOUSE OF ...",
31,GPO,GPO-CRECB-1961-pt28,,"Volume 107, Part 28 (September 27, 1961 to September 27, 1961)","107 Cong. Rec. (Bound) - Volume 107, Part 28 (September 27, 1961 to September 27, 1961)","Congressional Record (Bound Edition). Wednesday, September 27, 1961.",https://www.govinfo.gov/app/details/GPO-CRECB-1961-pt28,https://www.govinfo.gov/content/pkg/GPO-CRECB-1961-pt28/pdf/GPO-CRECB-1961-pt28.pdf,,,,,"not later than Tuesday, October 17, 1961. It is requested that copy and proofs of speeches withheld for revision, or extensions of remarks as authorized by either House, be submitted to the Government Printing Office or to the Congressional Record Clerk, Statuary Hall, Capitol, before that date. · By order of the Joint Committee on Printing. {...",
32,GPO,GPO-CRECB-1961-pt18,,"Volume 107, Part 18 (January 3, 1961 to September 26, 1961)","107 Cong. Rec. (Bound) - Volume 107, Part 18 (January 3, 1961 to September 26, 1961)","Congressional Record (Bound Edition). Tuesday, September 26, 1961.",https://www.govinfo.gov/app/details/GPO-CRECB-1961-pt18,https://www.govinfo.gov/content/pkg/GPO-CRECB-1961-pt18/pdf/GPO-CRECB-1961-pt18.pdf,,,,,"OFFICE, WASHINGTON, 1961 . ( Daily Digest Tuesday, January 3, 1961 HIGHLIGHTS First session of the Eighty-seventh Congress convened. Thirty-six Senators took their oaths of office. Senate adopted procedural resolutions and debated questions of rules changes on cloture and germaneness. Senate Chamber Action Resolutions Submitted: Nine ...",
33,GPO,GPO-CRECB-1961-pt20,,"Volume 107, Part 20 (January 31, 1961 to September 26, 1961)","107 Cong. Rec. (Bound) - Volume 107, Part 20 (January 31, 1961 to September 26, 1961)","Congressional Record (Bound Edition). Tuesday, September 26, 1961.",https://www.govinfo.gov/app/details/GPO-CRECB-1961-pt20,https://www.govinfo.gov/content/pkg/GPO-CRECB-1961-pt20/pdf/GPO-CRECB-1961-pt20.pdf,,,,," under active surveillance by the U.N. Security Council. ""We urgently request that U.S. policy toward Laos be based on peaceful interna- tional negotiation rather than on regional military intervention. By agreeing with the oF WISCONSIN British and Indian position that the Inter- IN THE HOUSE OF REPRESENTATIVES national Control Commission be ...",
34,GPO,GPO-CRECB-1961-pt19,,"Volume 107, Part 19 (January 4, 1961 to September 26, 1961)","107 Cong. Rec. (Bound) - Volume 107, Part 19 (January 4, 1961 to September 26, 1961)","Congressional Record (Bound Edition). Tuesday, September 26, 1961.",https://www.govinfo.gov/app/details/GPO-CRECB-1961-pt19,https://www.govinfo.gov/content/pkg/GPO-CRECB-1961-pt19/pdf/GPO-CRECB-1961-pt19.pdf,,,,,". Mr. Speaker, an outstanding citizen and diplomat of the world. of whom the people of the Philip- Pines are justified in being proud; one who understands the evil minds and de- structive purposes of international com- munism; whose whole life has been dedicated to freedom and a government of laws, and a world leader in combating ...",
35,GPO,GPO-CRECB-1961-pt22,,"Volume 107, Part 22 (March 29, 1961 to September 26, 1961)","107 Cong. Rec. (Bound) - Volume 107, Part 22 (March 29, 1961 to September 26, 1961)","Congressional Record (Bound Edition). Tuesday, September 26, 1961.",https://www.govinfo.gov/app/details/GPO-CRECB-1961-pt22,https://www.govinfo.gov/content/pkg/GPO-CRECB-1961-pt22/pdf/GPO-CRECB-1961-pt22.pdf,,,,,"March 29, 1961 Mr. BOW. Mr. Speaker, Luis A. Ferre, business, political, and civic lead- er of Puerto Rico, has made a real con- tribution to current discussions of Latin American policy in a paper entitled ""The Crusade for Democracy in the Western Hemisphere."" Under leave granted, I include it with my remarks and urge its consideration by all who...",
36,GPO,GPO-CRECB-1961-pt21,,"Volume 107, Part 21 (February 28, 1961 to September 26, 1961)","107 Cong. Rec. (Bound) - Volume 107, Part 21 (February 28, 1961 to September 26, 1961)","Congressional Record (Bound Edition). Tuesday, September 26, 1961.",https://www.govinfo.gov/app/details/GPO-CRECB-1961-pt21,https://www.govinfo.gov/content/pkg/GPO-CRECB-1961-pt21/pdf/GPO-CRECB-1961-pt21.pdf,,,,,", February 28, 1961 Mr. RIVERS of South Carolina. Mr. Speaker, under leave to extend my re- marks in the Appendix of the REcoRD, I include therewith a magnificent ser- mon by that peerless chaplain of The Citadel, Col. Robert Hall, titled ""Spir- Itual Values in the Confederacy."" Colo- nel Hall is one of the outstanding speak- ers ever to hold the ...",
37,GPO,GPO-CRECB-1961-pt17,,"Volume 107, Part 17 (January 3, 1961 to September 26, 1961)","107 Cong. Rec. (Bound) - Volume 107, Part 17 (January 3, 1961 to September 26, 1961)","Congressional Record (Bound Edition). Tuesday, September 26, 1961.",https://www.govinfo.gov/app/details/GPO-CRECB-1961-pt17,https://www.govinfo.gov/content/pkg/GPO-CRECB-1961-pt17/pdf/GPO-CRECB-1961-pt17.pdf,,,,,"TO SEPTEMBER 27, 1961 UNITED STATES GOVERNMENT PRINTING OFFICE, WASHINGTON, 1961 NAMES AND POST-OFFICE ADDRESSES OF MEMBERS OF THE UNITED STATES SEN ATE IN THE FIRST SESSION OF THE EIGHTY-SEVENTH CONGRESS LYNDON B. JoHNSON, Vice President, Johnson City, Tex.; CARL HAYDEN, President pro tempore, Phoenix, Ariz. Name Home post office Aiken, George D ...",
38,GPO,GPO-CRECB-1961-pt23,,"Volume 107, Part 23 (May 1, 1961 to September 26, 1961)","107 Cong. Rec. (Bound) - Volume 107, Part 23 (May 1, 1961 to September 26, 1961)","Congressional Record (Bound Edition). Tuesday, September 26, 1961.",https://www.govinfo.gov/app/details/GPO-CRECB-1961-pt23,https://www.govinfo.gov/content/pkg/GPO-CRECB-1961-pt23/pdf/GPO-CRECB-1961-pt23.pdf,,,,,"Undue Speculation by Favorably Reporting the Kearns Resolution EXTENSION OF REMARKS OF HON. CARROLL D. KEARNS OF P~SYLVANTA IN THE HOUSE OF REPRESENTATIVES :Monday, May 1, 1961 Mr. KEARNS. Mr. Speaker, stock- market prices influence the personal ex- Penditures of consumers, as well as the :market for other investments such as Government bonds. ...",
39,GPO,GPO-CRECB-1961-pt24,,"Volume 107, Part 24 (June 1, 1961 to September 26, 1961)","107 Cong. Rec. (Bound) - Volume 107, Part 24 (June 1, 1961 to September 26, 1961)","Congressional Record (Bound Edition). Tuesday, September 26, 1961.",https://www.govinfo.gov/app/details/GPO-CRECB-1961-pt24,https://www.govinfo.gov/content/pkg/GPO-CRECB-1961-pt24/pdf/GPO-CRECB-1961-pt24.pdf,,,,,"OF REliARKS 01"" HON. JENNINGS RANDOLPH OF WEST vm.GINIA IN THE SENATE OF THE 'ID.'TI'ED STATES Thursday, June 1, 1961 Mr. RANDOLPIL Mr. President, it Was my privilege on May 29 to have de- livered the commencement address at Shepherd College in Shepherdstown, W. Va. · This institution, which was chartered in 1872, has an enrollment of approxi- ...",
40,GPO,GPO-CRECB-1961-pt26,,"Volume 107, Part 26 (August 1, 1961 to September 26, 1961)","107 Cong. Rec. (Bound) - Volume 107, Part 26 (August 1, 1961 to September 26, 1961)","Congressional Record (Bound Edition). Tuesday, September 26, 1961.",https://www.govinfo.gov/app/details/GPO-CRECB-1961-pt26,https://www.govinfo.gov/content/pkg/GPO-CRECB-1961-pt26/pdf/GPO-CRECB-1961-pt26.pdf,,,,,"- HALEY. Mr. Speaker, under per- mission to extend my remarks, I wish to Place in the CONGRESSIONAL RECORD an editorial which appears in the Lakeland ~edger on Thursday, July 27, entitled Overlooking the Needy at Home."" At ~his time when we are spending the Amencan taxpayers' money to assist so ~any of the so-called backward nations, seems to me ...",
41,GPO,GPO-CRECB-1961-pt16,,"Volume 107, Part 16 (September 22, 1961 to September 26, 1961)","107 Cong. Rec. (Bound) - Volume 107, Part 16 (September 22, 1961 to September 26, 1961)","Congressional Record (Bound Edition). Tuesday, September 26, 1961.",https://www.govinfo.gov/app/details/GPO-CRECB-1961-pt16,https://www.govinfo.gov/content/pkg/GPO-CRECB-1961-pt16/pdf/GPO-CRECB-1961-pt16.pdf,,,,,"TO SEPTEMBER 26, 1961 (PAGES 20679 TO 21910) UNITED STATES GOVERNMENT PRINTING OFFICE,. WASHINGTON, 1961 United States of America Q:ongrrssional Rrcord PROCEEDINGS AND DEBATES OF THE 87th CONGRESS, FIRST SESSION SENATE FRIDAY, SEPTEMBER 22, 1961 The Senate met at 10: 30 o'clock a.m., and was called to order by Hon. LEE METCALF, a Senator from the ...",
42,GPO,GPO-CRECB-1961-pt25,,"Volume 107, Part 25 (July 3, 1961 to September 26, 1961)","107 Cong. Rec. (Bound) - Volume 107, Part 25 (July 3, 1961 to September 26, 1961)","Congressional Record (Bound Edition). Tuesday, September 26, 1961.",https://www.govinfo.gov/app/details/GPO-CRECB-1961-pt25,https://www.govinfo.gov/content/pkg/GPO-CRECB-1961-pt25/pdf/GPO-CRECB-1961-pt25.pdf,,,,,", Inc., Held at Little Falls, N.Y., June 16-18 EXTENSION OF REMARKS OP' HON. SAMUEL S. STRATTON OF NEW YORK IN TilE HOUSE OF REPRESENTATIVES Monday, July 3, 1961 Mr. STRA'ITON. Mr. Speaker, the other day in upstate New York was held the 24th annual convention of the New York State department of one of the great veterans organizations of our Na...",
43,GPO,GPO-CRECB-1961-pt15,,"Volume 107, Part 15 (September 14, 1961 to September 21, 1961)","107 Cong. Rec. (Bound) - Volume 107, Part 15 (September 14, 1961 to September 21, 1961)","Congressional Record (Bound Edition). Thursday, September 21, 1961.",https://www.govinfo.gov/app/details/GPO-CRECB-1961-pt15,https://www.govinfo.gov/content/pkg/GPO-CRECB-1961-pt15/pdf/GPO-CRECB-1961-pt15.pdf,,,,,"TO SEPTEMBER 21, 1961 (PAGES 19387 TO 20678) UNITED STATES GOVERNMENT PRINTING OFFICE, WASHINGTON, 1961 ,- r ; United States of America <iongrcssional 1Rccord PROCEEDINGS AND DEBATES OF THE 87th CONGRESS, FIRST SESSION SENATE THURSDAY, SEPTEMBER 14, 1961 The Senate met at 9 o'clock a.m., and was called to order by the Vice Presi- dent. The Chaplain...",
44,GPO,GPO-CRECB-1961-pt14,,"Volume 107, Part 14 (September 6, 1961 to September 13, 1961)","107 Cong. Rec. (Bound) - Volume 107, Part 14 (September 6, 1961 to September 13, 1961)","Congressional Record (Bound Edition). Wednesday, September 13, 1961.",https://www.govinfo.gov/app/details/GPO-CRECB-1961-pt14,https://www.govinfo.gov/content/pkg/GPO-CRECB-1961-pt14/pdf/GPO-CRECB-1961-pt14.pdf,,,,,"14 SEPTEMBER 6, 1961, TO SEPTEMBER 13, 1961 (PAGES 18215 TO 19386) UNITED STATES GO.VERNMENT PRINTING OFFICE'- WASHINGTON, 1961 r• r , United States oj America <iongrrssional1Rrcord PROCEEDINGS AND DEBATES OF THE 87th CONGRESS, FIRST SESSION HOUSE OF REPRESENTATIVES WEDNESDAY, SEPTEMBER 6, 1961 The House met at 11 o'clock a.m. The Chaplain, Rev...",
45,GPO,GPO-CRECB-1961-pt13,,"Volume 107, Part 13 (August 24, 1961 to September 5, 1961)","107 Cong. Rec. (Bound) - Volume 107, Part 13 (August 24, 1961 to September 5, 1961)","Congressional Record (Bound Edition). Tuesday, September 5, 1961.",https://www.govinfo.gov/app/details/GPO-CRECB-1961-pt13,https://www.govinfo.gov/content/pkg/GPO-CRECB-1961-pt13/pdf/GPO-CRECB-1961-pt13.pdf,,,,,"5, 1961 (PAGES 16897 TO 18214) UNITED STATES GOVERNMENT PRINTING OFFICE, WASHINGTON, 1961 .. r. United States of America ~-ongrtssional Rtrord PROCEEDINGS AND DEBATES OF THE 87th CONGRESS, FIRST SESSION HOUSE OF REPRESENTATIVES FRIDAY, AUGUST 24, 1961 The House met at 12 o'clock noon. The Chaplain, Rev. Bernard Braskamp, D.D., offered the ...",
46,GPO,GPO-CRECB-1961-pt12,,"Volume 107, Part 12 (August 11, 1961 to August 23, 1961)","107 Cong. Rec. (Bound) - Volume 107, Part 12 (August 11, 1961 to August 23, 1961)","Congressional Record (Bound Edition). Wednesday, August 23, 1961.",https://www.govinfo.gov/app/details/GPO-CRECB-1961-pt12,https://www.govinfo.gov/content/pkg/GPO-CRECB-1961-pt12/pdf/GPO-CRECB-1961-pt12.pdf,,,,,"23, 1961 (PAGES 15503 TO 16896) UNITED STATES GO.VERNMENT PRINTING OFFICE, WASHINGTON, 1961 / United States of America Q:ongrrssional Rrrord PROCEEDINGS AND· DEBATES OF THE 87th CONGRESS, FIRST SESSION SENATE FRIDAY, AUGUST 11, 1961 The Senate met at 11 o'clock a.m., and was called to order by the President pro tempore. Rev. Raymond Shaheen. ...",
47,GPO,GPO-CRECB-1961-pt11,,"Volume 107, Part 11 (July 31, 1961 to August 10, 1961)","107 Cong. Rec. (Bound) - Volume 107, Part 11 (July 31, 1961 to August 10, 1961)","Congressional Record (Bound Edition). Thursday, August 10, 1961.",https://www.govinfo.gov/app/details/GPO-CRECB-1961-pt11,https://www.govinfo.gov/content/pkg/GPO-CRECB-1961-pt11/pdf/GPO-CRECB-1961-pt11.pdf,,,,,"10, 1961 (PAGES 14049 TO 15502) UNITED STATES GO.VERNMENT PRINTING OFFICE, WASHINGTON, 1961 '!I· United States of America Q:ongrrssional Rrcord PROCEEDINGS AND DEBATES OF THE 87th CONGRESS, FIRST SESSION HOUSE OF REPRESENTATIVES MON DAY, J ULY 31, 1961 The House met at 12 o'clock noon. Rev. Kenneth R. Arthur, First Meth- odist Church, Orbisonia,...",
48,GPO,GPO-CRECB-1961-pt10,,"Volume 107, Part 10 (July 17, 1961 to July 29, 1961)","107 Cong. Rec. (Bound) - Volume 107, Part 10 (July 17, 1961 to July 29, 1961)","Congressional Record (Bound Edition). Saturday, July 29, 1961.",https://www.govinfo.gov/app/details/GPO-CRECB-1961-pt10,https://www.govinfo.gov/content/pkg/GPO-CRECB-1961-pt10/pdf/GPO-CRECB-1961-pt10.pdf,,,,,"29, 1961 (PAGES 12621 TO 14048) UNITED STATES GOVERNMENT PRINTING OFFICE,. WASHINGTON, 1961 United States of America Q;ongrcssional Record PROCEEDINGS AND DEBATES OF THE 87th CONGRESS, FIRST SESSION SENATE MONDAY, JULY 17, 1961 The Senate met at 12 o'clock meridian, and was called to order by the President pro tempore. The Right Reverend S. K. ...",
49,GPO,GPO-CRECB-1961-pt9,,"Volume 107, Part 9 (June 26, 1961 to July 14, 1961)","107 Cong. Rec. (Bound) - Volume 107, Part 9 (June 26, 1961 to July 14, 1961)","Congressional Record (Bound Edition). Friday, July 14, 1961.",https://www.govinfo.gov/app/details/GPO-CRECB-1961-pt9,https://www.govinfo.gov/content/pkg/GPO-CRECB-1961-pt9/pdf/GPO-CRECB-1961-pt9.pdf,,,,,"14, 1961 (PAGES 11167 TO 12620) UNITED STATES GOVERNMENT ·PRINTING OFFICE, WASHINGTON, 1961 u .. !'~ ) ) ' 1 .• fl"" t t' t t .... ' . .L 1 •. United States oJ America <!ongrcssional Rrcord PROCEEDINGS AND DEBATES OF THE 87th CONGRESS, FIRST SESSION HOUSE OF REPRESENTATIVES MoNDAY, JuNE 26, 1961 'The House met at 12 o'clock noon. The Chaplain, Rev...",
50,GPO,GPO-CRECB-1961-pt8,,"Volume 107, Part 8 (June 8, 1961 to June 22, 1961)","107 Cong. Rec. (Bound) - Volume 107, Part 8 (June 8, 1961 to June 22, 1961)","Congressional Record (Bound Edition). Thursday, June 22, 1961.",https://www.govinfo.gov/app/details/GPO-CRECB-1961-pt8,https://www.govinfo.gov/content/pkg/GPO-CRECB-1961-pt8/pdf/GPO-CRECB-1961-pt8.pdf,,,,,"22, 1961 (PAGES 9769 TO 11166) UNITED STATES GOVERNMENT PRINTING OFFICE, WASHINGTON, 1961 - 1 ; t. '•\· ... \. ,L• United States of America (Longrrssional Record PROCEEDINGS AND DEBATES OF THE 87th CONGRESS, FIRST SESSION HOUSE OF REPRESENTATIVES THURSDAY, JUNE 8, 1961 The House met at 12 o'clock noon. Rabbi Morton M. Kanter, Sinai Re- form Temple,...",
51,GPO,GPO-CRECB-1961-pt7,,"Volume 107, Part 7 (May 18, 1961 to June 7, 1961)","107 Cong. Rec. (Bound) - Volume 107, Part 7 (May 18, 1961 to June 7, 1961)","Congressional Record (Bound Edition). Wednesday, June 7, 1961.",https://www.govinfo.gov/app/details/GPO-CRECB-1961-pt7,https://www.govinfo.gov/content/pkg/GPO-CRECB-1961-pt7/pdf/GPO-CRECB-1961-pt7.pdf,,,,,"1961 (PAGES 8299 TO 9768) UNITED STATES GOVERNMENT PRINTING OFFICE, WASHINGTON, 1961 _. {} ' J. United States of America <iongrcsSiQnai1Rccord PROCEEDINGS AND DEBATES OF THE 87th CONGRESS, FIRST SESSION SENATE THURSDAY, MAY 18, 1961 The Senate met at 12 o'clock merid- ian, and was called to order by the President pro tempore. The. Chaplain, Rev. ...",
52,GPO,GPO-CRECB-1961-pt6,,"Volume 107, Part 6 (May 1, 1961 to May 17, 1961)","107 Cong. Rec. (Bound) - Volume 107, Part 6 (May 1, 1961 to May 17, 1961)","Congressional Record (Bound Edition). Wednesday, May 17, 1961.",https://www.govinfo.gov/app/details/GPO-CRECB-1961-pt6,https://www.govinfo.gov/content/pkg/GPO-CRECB-1961-pt6/pdf/GPO-CRECB-1961-pt6.pdf,,,,,"17, 1961 (PAGES 6929 TO 8298) UNITED STATES GOVERNMENT PRINTING OFFICE,. WASHINGTON, 1961 -t United States of America <rongr tssional lltcord PROCEEDINGS AND DEBATES OF THE 87th. CONGRESS, FIRST SESSION SENATE MONDAY, MAY· 1, 1961 The Senate met at 12 o'clock meridian, and was called to order by the President pro tempore. The Chaplain, Rev. ...",
53,GPO,GPO-CRECB-1961-pt5,,"Volume 107, Part 5 (April 10, 1961 to April 27, 1961)","107 Cong. Rec. (Bound) - Volume 107, Part 5 (April 10, 1961 to April 27, 1961)","Congressional Record (Bound Edition). Thursday, April 27, 1961.",https://www.govinfo.gov/app/details/GPO-CRECB-1961-pt5,https://www.govinfo.gov/content/pkg/GPO-CRECB-1961-pt5/pdf/GPO-CRECB-1961-pt5.pdf,,,,,"27, 1961 (PAGES 5511 TO 6928) UNITED STATES GO_VERNMENT PRINTING OFFICE, WASHINGTON, 1961 United States of America Q:ongrcssional Record PROCEEDINGS AND DEBATES OF THE 87th CONGRESS, FIRST SESSION SENATE MONDAY, APRIL 10, 1961 The Senate met at 12 o'clock meridian, and was called to order by the Vice President. The Chaplain, Rev. Frederick Brown ...",
54,GPO,GPO-CRECB-1961-pt4,,"Volume 107, Part 4 (March 16, 1961 to April 6, 1961)","107 Cong. Rec. (Bound) - Volume 107, Part 4 (March 16, 1961 to April 6, 1961)","Congressional Record (Bound Edition). Thursday, April 6, 1961.",https://www.govinfo.gov/app/details/GPO-CRECB-1961-pt4,https://www.govinfo.gov/content/pkg/GPO-CRECB-1961-pt4/pdf/GPO-CRECB-1961-pt4.pdf,,,,,"107-PART 4 MARCH 16, 1961, TO APRIL 6, 1961 (PAGES 4095 TO 5510) UNITED STATES GOVERNMENT PRINTING OFFICE,. WASHINGTON, 1961 United States of America <tongrtssional Rtcord PROCEEDINGS AND DEBATES OF THE 87th CONGRESS, FIRST SESSION SENATE THURSDAY, MARCH 16, 1961 The Senate met at 12 o'clock meridian, and was called to order by the Vice ...",
55,GPO,GPO-CRECB-1961-pt3,,"Volume 107, Part 3 (February 27, 1961 to March 15, 1961)","107 Cong. Rec. (Bound) - Volume 107, Part 3 (February 27, 1961 to March 15, 1961)","Congressional Record (Bound Edition). Wednesday, March 15, 1961.",https://www.govinfo.gov/app/details/GPO-CRECB-1961-pt3,https://www.govinfo.gov/content/pkg/GPO-CRECB-1961-pt3/pdf/GPO-CRECB-1961-pt3.pdf,,,,,"15, 1961 (PAGES 2731 TO 4094) UNITED STATES GOVERNMENT PRINTING OFFICE, WASHINGTON, 1961 United States oj America Q:ongrcssional Record PROCEEDINGS AND DEBATES OF THE 87th CONGRESS, FIRST SESSION HOUSE OF REPRESENTATIVES MONDAY, FEBRUARY 27, 1961 MESSAGE FROM THE SENATE A message from the Senate by Mr. McGown, one of its clerks, announced that ...",
56,GPO,GPO-CRECB-1961-pt2,,"Volume 107, Part 2 (January 30, 1961 to February 24, 1961)","107 Cong. Rec. (Bound) - Volume 107, Part 2 (January 30, 1961 to February 24, 1961)","Congressional Record (Bound Edition). Friday, February 24, 1961.",https://www.govinfo.gov/app/details/GPO-CRECB-1961-pt2,https://www.govinfo.gov/content/pkg/GPO-CRECB-1961-pt2/pdf/GPO-CRECB-1961-pt2.pdf,,,,,"1357 TO 2730) UNITED STATES GOVERNMENT PRINTING OFFICE, WASHINGTON, 1961 f• .1' United States of America Q:ongrrssionai1Rrcord PROCEEDINGS AND DEBATES OF THE 87th CONGRESS, FIRST SESSION SENATE MONDAY, JANUARY 30, 196i The Senate met at 12 o'clock meridian, and was called to order by the Vice President. The Chaplain, Rev. Frederick Brown Harris, ...",
57,GPO,GPO-CRECB-1961-pt1,,"Volume 107, Part 1 (January 3, 1961 to January 26, 1961)","107 Cong. Rec. (Bound) - Volume 107, Part 1 (January 3, 1961 to January 26, 1961)","Congressional Record (Bound Edition). Thursday, January 26, 1961.",https://www.govinfo.gov/app/details/GPO-CRECB-1961-pt1,https://www.govinfo.gov/content/pkg/GPO-CRECB-1961-pt1/pdf/GPO-CRECB-1961-pt1.pdf,,,,,"26, 1961 (PAGES 1 TO 1356) UNITED STATES GOVERNMENT PRINTING OFFICE, WASHINGTON, 1961 ,.-.. . ·-- United States of America <iongrrssional Rrrord PROCEEDINGS AND DEBATES OF THE 87th CONGRESS, FIRST SESSION SENATE TUESDAY, JANUARY 3, 1961 The 3d of January being the day prescribed by the Constitution of the United States for the annual meeting of ...",