index,collectionCode,packageId,granuleId,title,line1,line2,detailsLink,pdfLink,htmlLink,xmlLink,otherLink1,otherLink2,teaser,historical
1,GPO,GPO-CRECB-1989-pt24,,"Volume 135, Part 24 (January 3, 1989 to November 21, 1989)","135 Cong. Rec. (Bound) - Volume 135, Part 24 (January 3, 1989 to November 21, 1989)","Congressional Record (Bound Edition). Tuesday, November 21, 1989.",https://www.govinfo.gov/app/details/GPO-CRECB-1989-pt24,https://www.govinfo.gov/content/pkg/GPO-CRECB-1989-pt24/pdf/GPO-CRECB-1989-pt24.pdf,,,,,"PRINTING OFFICE, WASHINGTON, 1989 For sale by the Superintendent of Documents, U.S. Government Printing Office, Washington, D.C. 20402 Daily Tuesday, January 3, 1989 Senate Chamber Action Routine Proceedings, pages J-o5 Measures Introduced: Eleven resolutions were in- troduced, as follows: S. Con. Res. 1-3, and S. Res . 1-8. Pages 5-7 ...",
2,GPO,GPO-CRECB-1989-pt22,,"Volume 135, Part 22 (November 21, 1989 to November 21, 1989)","135 Cong. Rec. (Bound) - Volume 135, Part 22 (November 21, 1989 to November 21, 1989)","Congressional Record (Bound Edition). Tuesday, November 21, 1989.",https://www.govinfo.gov/app/details/GPO-CRECB-1989-pt22,https://www.govinfo.gov/content/pkg/GPO-CRECB-1989-pt22/pdf/GPO-CRECB-1989-pt22.pdf,,,,,"(PAGES 30717 TO 31843) UNITED STATES GOVERNMENT PRINTING .OFFICE, WASHINGTON, 1989 For sale by the Superintendent of Documents, U.S. Government Printing Office, Washington, D.C. 2040~ «tongrtssional Rtcord United States of America PROCEEDINGS AND DEBATES OF THE j 0 j st CONGRESS, FIRST SESSION HOUSE OF REPRESENTATIVES-Tuesday, November 21, 1989 The...",
3,GPO,GPO-CRECB-1989-pt23B,,"Volume 135, Part 23B (January 3, 1989 to November 21, 1989)","135 Cong. Rec. (Bound) - Volume 135, Part 23B (January 3, 1989 to November 21, 1989)","Congressional Record (Bound Edition). Tuesday, November 21, 1989.",https://www.govinfo.gov/app/details/GPO-CRECB-1989-pt23B,https://www.govinfo.gov/content/pkg/GPO-CRECB-1989-pt23B/pdf/GPO-CRECB-1989-pt23B.pdf,,,,,", Huntington, IN; ROBERT C. BYRD, President pro tempore, Sophia, WV Name Home post office Adams, Brock ...... .... ... .. . .. .. .. ... .. . . . Seattle, WA Armstrong, William L. Englewood, CO Baucus, Max . .. .. ... .. .. . .. .. .. . .. . . .. . .. .. . Helena, MT Bentsen, Lloyd M ... Starr County, TX Biden, Joseph R., Jr Wilmington, DE ...",
4,GPO,GPO-CRECB-1989-pt23A,,"Volume 135, Part 23A (January 3, 1989 to November 21, 1989)","135 Cong. Rec. (Bound) - Volume 135, Part 23A (January 3, 1989 to November 21, 1989)","Congressional Record (Bound Edition). Tuesday, November 21, 1989.",https://www.govinfo.gov/app/details/GPO-CRECB-1989-pt23A,https://www.govinfo.gov/content/pkg/GPO-CRECB-1989-pt23A/pdf/GPO-CRECB-1989-pt23A.pdf,,,,,"OF THE 101 st CONGRESS, FIRST SESSION Index VOLUME 135-PART 23 JANUARY 3, 1989, TO JANUARY 3, 1990 • A-K UNITED STATES GOVERNMENT PRINTING OFFICE, WASHINGTON, 1989 For sale by the U.S. Government Printing Office, Superintendent of Documents, Mail Stop: SSOP, Washington, DC 20402-9328 COMPILED UNDER THE DIRECTION OF THE JOINT COMlWTI'EE ON ...",
5,GPO,GPO-CRECB-1989-pt21,,"Volume 135, Part 21 (November 16, 1989 to November 20, 1989)","135 Cong. Rec. (Bound) - Volume 135, Part 21 (November 16, 1989 to November 20, 1989)","Congressional Record (Bound Edition). Monday, November 20, 1989.",https://www.govinfo.gov/app/details/GPO-CRECB-1989-pt21,https://www.govinfo.gov/content/pkg/GPO-CRECB-1989-pt21/pdf/GPO-CRECB-1989-pt21.pdf,,,,,"NOVEMBER 20, 1989 (PAGES 29309 TO 30716) UNITED STATES GOVERNMENT PRINTING OFFICE, WASHINGTON, 1989 For sale by the Superintendent of Documents, U.S. Government Printing Office, Washington, D.C. 20402 Q:ongrtssional Rtcord United States of America PROCEEDINGS AND DEBATES OF THE 101 st CONGRESS, FIRST SESSION SENATE-Thursday, November 16, 1989 (...",
6,GPO,GPO-CRECB-1989-pt20,,"Volume 135, Part 20 (November 8, 1989 to November 15, 1989)","135 Cong. Rec. (Bound) - Volume 135, Part 20 (November 8, 1989 to November 15, 1989)","Congressional Record (Bound Edition). Wednesday, November 15, 1989.",https://www.govinfo.gov/app/details/GPO-CRECB-1989-pt20,https://www.govinfo.gov/content/pkg/GPO-CRECB-1989-pt20/pdf/GPO-CRECB-1989-pt20.pdf,,,,,"NOVEMBER 15, 1989 (PAGES 27827 TO 29307) UNITED STATES GOVERNMENT PRINTING OFFICE, WASHINGTON, 1989 For sale by the Superintendent of Documents, U.S. Government Printing Office, Washington , D.C. 20402 «tongrtssional Rtcord United States of America PROCEEDINGS AND DEBATES OF THE 101 st CONGRESS, FIRST SESSION SENATE-Wednesday, November 8, 1989 ...",
7,GPO,GPO-CRECB-1989-pt19,,"Volume 135, Part 19 (October 27, 1989 to November 7, 1989)","135 Cong. Rec. (Bound) - Volume 135, Part 19 (October 27, 1989 to November 7, 1989)","Congressional Record (Bound Edition). Tuesday, November 7, 1989.",https://www.govinfo.gov/app/details/GPO-CRECB-1989-pt19,https://www.govinfo.gov/content/pkg/GPO-CRECB-1989-pt19/pdf/GPO-CRECB-1989-pt19.pdf,,,,,"TO NOVEMBER 7, 1989 (PAGES 26365 TO 27826) UNITED STATES GOVERNMENT PRINTING OFFICE, WASHINGTON, 1989 For sale by the Superintendent of Documents, U.S. Government Printing Office, Washington, D.C. 20402 «rongrtssional 1Rtcord United States of America PROCEEDINGS AND DEBATES OF THE } 0} st CONGRESS, FIRST SESSION HOUSE OF REPRESENTATIVES-Friday,...",
8,GPO,GPO-CRECB-1989-pt18,,"Volume 135, Part 18 (October 17, 1989 to October 26, 1989)","135 Cong. Rec. (Bound) - Volume 135, Part 18 (October 17, 1989 to October 26, 1989)","Congressional Record (Bound Edition). Thursday, October 26, 1989.",https://www.govinfo.gov/app/details/GPO-CRECB-1989-pt18,https://www.govinfo.gov/content/pkg/GPO-CRECB-1989-pt18/pdf/GPO-CRECB-1989-pt18.pdf,,,,,"OCTOBER 26, 1989 (PAGES 24763 TO 26364) UNITED ST ATES GOVERNMENT PRINTING OFFICE, WASHING TON, 1989 For sale by the Superintendent of Documents, U.S . Government Printing Office, Washington, D.C. 20402 <rongrtssional Rtcord United States of America PROCEEDINGS AND DEBATES OF THE 101 st CONGRESS, FIRST SESSION HOUSE OF REPRESENTATIVES-Tuesday, ...",
9,GPO,GPO-CRECB-1989-pt17,,"Volume 135, Part 17 (October 5, 1989 to October 16, 1989)","135 Cong. Rec. (Bound) - Volume 135, Part 17 (October 5, 1989 to October 16, 1989)","Congressional Record (Bound Edition). Monday, October 16, 1989.",https://www.govinfo.gov/app/details/GPO-CRECB-1989-pt17,https://www.govinfo.gov/content/pkg/GPO-CRECB-1989-pt17/pdf/GPO-CRECB-1989-pt17.pdf,,,,,"16, 1989 (PAGES 23325 TO 24761) UNITED STATES GOVERNMENT PRINTING OFFICE, WASHINGTON, 1989 For sale by the Superintendent of Documents, U.S. Government Printing Office, Washington , D.C. 20402 Q:ongrtssional1Rtcord United States of America PROCEEDINGS AND DEBATES OF THE 101 st CONGRESS, FIRST SESSION HOUSE OF REPRESENTATIVES-Thursday, October ...",
10,GPO,GPO-CRECB-1989-pt16,,"Volume 135, Part 16 (September 27, 1989 to October 4, 1989)","135 Cong. Rec. (Bound) - Volume 135, Part 16 (September 27, 1989 to October 4, 1989)","Congressional Record (Bound Edition). Wednesday, October 4, 1989.",https://www.govinfo.gov/app/details/GPO-CRECB-1989-pt16,https://www.govinfo.gov/content/pkg/GPO-CRECB-1989-pt16/pdf/GPO-CRECB-1989-pt16.pdf,,,,,"OCTOBER 4, 1989 (PAGES 21763 TO 23324) UNITED STATES GOVERNMENT PRINTING OFFICE, WASHINGTON, 1989 For sale by the Superintendent of Documents, U.S. Government Printing Office, Washington, D.C. 20402 <rongrrssional1Rtcord United States of America PROCEEDINGS AND DEBATES OF THE 101 st CONGRESS, FIRST SESSION HOUSE OF REPRESENTATIVES-Wednesday, ...",
11,GPO,GPO-CRECB-1989-pt15,,"Volume 135, Part 15 (September 13, 1989 to September 26, 1989)","135 Cong. Rec. (Bound) - Volume 135, Part 15 (September 13, 1989 to September 26, 1989)","Congressional Record (Bound Edition). Tuesday, September 26, 1989.",https://www.govinfo.gov/app/details/GPO-CRECB-1989-pt15,https://www.govinfo.gov/content/pkg/GPO-CRECB-1989-pt15/pdf/GPO-CRECB-1989-pt15.pdf,,,,,"SEPTEMBER 26, 1989 (PAGES 20241 TO 21761) LAW LIBRARY UNITED STATES GOVERNMENT PRINTING OFFICE, WASHINGTON, 1989 For sale by the Superintendent of Documents, U.S. Government Printing Office, Washington. D.C. 20402 <tongrtssional Rtcord United States of America PROCEEDINGS AND DEBATES OF THE 101 st CONGRESS, FIRST SESSION SENATE-Wednesday, September...",
12,GPO,GPO-CRECB-1989-pt14,,"Volume 135, Part 14 (August 4, 1989 to September 12, 1989)","135 Cong. Rec. (Bound) - Volume 135, Part 14 (August 4, 1989 to September 12, 1989)","Congressional Record (Bound Edition). Tuesday, September 12, 1989.",https://www.govinfo.gov/app/details/GPO-CRECB-1989-pt14,https://www.govinfo.gov/content/pkg/GPO-CRECB-1989-pt14/pdf/GPO-CRECB-1989-pt14.pdf,,,,,"SEPTEMBER 12, 1989 (PAGES 18711 TO 20239) UNITED STATES GOVERNMENT PRINTING OFFICE, WASHINGTON, 1989 ... 1'""':""' ~. For sale by the Superintendent of Documents, U.S. Government Printing Office, Washington, D.C. 20402 «tongrrssional Rrcord United States of America PROCEEDINGS AND DEBATES OF THE } 0} st CONGRESS, FIRST SESSION SENATE-Friday, August ...",
13,GPO,GPO-CRECB-1989-pt13,,"Volume 135, Part 13 (August 1, 1989 to August 3, 1989)","135 Cong. Rec. (Bound) - Volume 135, Part 13 (August 1, 1989 to August 3, 1989)","Congressional Record (Bound Edition). Thursday, August 3, 1989.",https://www.govinfo.gov/app/details/GPO-CRECB-1989-pt13,https://www.govinfo.gov/content/pkg/GPO-CRECB-1989-pt13/pdf/GPO-CRECB-1989-pt13.pdf,,,,,"3, 1989 (PAGES 17123 TO 18710) UNITED STATES GOVERNMENT PRINTING OFFICE, WASHINGTON, 1989 For sale by the Superintendent of Documents, U.S. Government Printing Office, Washington, D.C. 20402 <tongressional Record United States of America PROCEEDINGS AND DEBATES OF THE } 0} st CONGRESS, FIRST SESSION HOUSE OF REPRESENTATIVES-Tuesday, August 1,...",
14,GPO,GPO-CRECB-1989-pt12,,"Volume 135, Part 12 (July 25, 1989 to July 31, 1989)","135 Cong. Rec. (Bound) - Volume 135, Part 12 (July 25, 1989 to July 31, 1989)","Congressional Record (Bound Edition). Monday, July 31, 1989.",https://www.govinfo.gov/app/details/GPO-CRECB-1989-pt12,https://www.govinfo.gov/content/pkg/GPO-CRECB-1989-pt12/pdf/GPO-CRECB-1989-pt12.pdf,,,,,"31, 1989 (PAGES 15981 TO 17122) UNITED ST ATES GOVERNMENT PRINTING OFFICE, WASHING TON, 1989 / ..,. , For sale by the Superintendent of Documents, U.S. Government Printing Office, Washington, D.C. 20402 Q:ongrrssional Record United States of America PROCEEDINGS AND DEBATES OF THE } 0} st CONGRESS, FIRST SESSION SENATE-Tuesday, July 25~ 1989 ...",
15,GPO,GPO-CRECB-1989-pt11,,"Volume 135, Part 11 (July 14, 1989 to July 24, 1989)","135 Cong. Rec. (Bound) - Volume 135, Part 11 (July 14, 1989 to July 24, 1989)","Congressional Record (Bound Edition). Monday, July 24, 1989.",https://www.govinfo.gov/app/details/GPO-CRECB-1989-pt11,https://www.govinfo.gov/content/pkg/GPO-CRECB-1989-pt11/pdf/GPO-CRECB-1989-pt11.pdf,,,,,"24, 1989 (PAGES 14717 TO 15979) UNITED STATES GOVERNMENT PRINTING OFFICE, WASHINGTON, 1989 For sale by the Superintendent of Documents, U.S. Government Printing Office, Washington, D.C. 20402 <rongrtssional Rtcord United States o/ America PROCEEDINGS AND DEBATES OF THE 101 st CONGRESS, FIRST SESSION SENATE-Friday, July 14, 1989 The Senate met ...",
16,GPO,GPO-CRECB-1989-pt10,,"Volume 135, Part 10 (June 23, 1989 to July 13, 1989)","135 Cong. Rec. (Bound) - Volume 135, Part 10 (June 23, 1989 to July 13, 1989)","Congressional Record (Bound Edition). Thursday, July 13, 1989.",https://www.govinfo.gov/app/details/GPO-CRECB-1989-pt10,https://www.govinfo.gov/content/pkg/GPO-CRECB-1989-pt10/pdf/GPO-CRECB-1989-pt10.pdf,,,,,"13, 1989 (PAGES 13241 TO 14715) UNITED STATES GOVERNMENT PRINTING OFFICE, WASHINGTON, 1989 For sale by the Superintendent of Documents, U.S. Government Printing Office, Washington, D.C. 20402 Q:ongrtssional1Rtcord United States of America PROCEEDINGS AND DEBATES OF THE 101 st CONGRESS, FIRST SESSION HOUSE OF REPRESENTATIVES-Friday, June 23, 1989 ...",
17,GPO,GPO-CRECB-1989-pt9,,"Volume 135, Part 9 (June 14, 1989 to June 22, 1989)","135 Cong. Rec. (Bound) - Volume 135, Part 9 (June 14, 1989 to June 22, 1989)","Congressional Record (Bound Edition). Thursday, June 22, 1989.",https://www.govinfo.gov/app/details/GPO-CRECB-1989-pt9,https://www.govinfo.gov/content/pkg/GPO-CRECB-1989-pt9/pdf/GPO-CRECB-1989-pt9.pdf,,,,,"22, 1989 (PAGES 11637 TO 13239) UNITED STATES GOVERNMENT PRINTING OFFICE, WASHINGTON, 1989 , : For sale by the Superintendent of Documents, U.S. Government Printing Office, Washington, D.C. 20402 <Longrtssional Rtcord United States of America PROCEEDINGS AND DEBATES OF THE 101 st CONGRESS, FIRST SESSION SENATE- Wednesday, June 14, 1989 The Senate ...",
18,GPO,GPO-CRECB-1989-pt8,,"Volume 135, Part 8 (May 22, 1989 to June 13, 1989)","135 Cong. Rec. (Bound) - Volume 135, Part 8 (May 22, 1989 to June 13, 1989)","Congressional Record (Bound Edition). Tuesday, June 13, 1989.",https://www.govinfo.gov/app/details/GPO-CRECB-1989-pt8,https://www.govinfo.gov/content/pkg/GPO-CRECB-1989-pt8/pdf/GPO-CRECB-1989-pt8.pdf,,,,,"13, 1989 (PAGES 9993 TO 11635) UNITED STATES GOVERNMENT PRINTING OFFICE, WASHINGTON, 1989 For sale by the Superintendent of Documents, U.S. Government Printing Office, Washington, D.C. 20402 <rongrtssional Rtcord United States of America PROCEEDINGS AND DEBATES OF THE } 0} st CONGRESS, FIRST SESSION HOUSE OF REPRESENTATIVES-Monday, May 22, 1989...",
19,GPO,GPO-CRECB-1989-pt7,,"Volume 135, Part 7 (May 9, 1989 to May 18, 1989)","135 Cong. Rec. (Bound) - Volume 135, Part 7 (May 9, 1989 to May 18, 1989)","Congressional Record (Bound Edition). Thursday, May 18, 1989.",https://www.govinfo.gov/app/details/GPO-CRECB-1989-pt7,https://www.govinfo.gov/content/pkg/GPO-CRECB-1989-pt7/pdf/GPO-CRECB-1989-pt7.pdf,,,,,"18, 1989 (PAGES 8467 TO 9992) UNITED STATES GOVERNMENT PRINTING OFFICE, WASHINGTON, 1989 For sale by the Superintendent of Documents, U.S. Government Printing Office, Washington, D.C. 20402 Q:ongrtssional Rtcord United States of America PROCEEDINGS AND DEBATES OF THE } 0} st CONGRESS, FIRST SESSION SENATE-Tuesday, May 9, 1989 The Senate met at 11 ...",
20,GPO,GPO-CRECB-1989-pt6,,"Volume 135, Part 6 (April 19, 1989 to May 8, 1989)","135 Cong. Rec. (Bound) - Volume 135, Part 6 (April 19, 1989 to May 8, 1989)","Congressional Record (Bound Edition). Monday, May 8, 1989.",https://www.govinfo.gov/app/details/GPO-CRECB-1989-pt6,https://www.govinfo.gov/content/pkg/GPO-CRECB-1989-pt6/pdf/GPO-CRECB-1989-pt6.pdf,,,,,"8, 1989 (PAGES 7093 TO 8466) UNITED STATES GOVERNMENT PRINTING OFFICE, WASHINGTON, 1989 For sale by the Superintendent of Documents, U.S. Government Printing Office, Washington, D.C. 20402 <tongressional Record United States of America PROCEEDINGS AND DEBATES OF THE 101 st CONGRESS, FIRST SESSION SENATE- Wednesday, April19, 1989 The Senate met at ...",
21,GPO,GPO-CRECB-1989-pt5,,"Volume 135, Part 5 (April 6, 1989 to April 18, 1989)","135 Cong. Rec. (Bound) - Volume 135, Part 5 (April 6, 1989 to April 18, 1989)","Congressional Record (Bound Edition). Tuesday, April 18, 1989.",https://www.govinfo.gov/app/details/GPO-CRECB-1989-pt5,https://www.govinfo.gov/content/pkg/GPO-CRECB-1989-pt5/pdf/GPO-CRECB-1989-pt5.pdf,,,,,"APRIL 18, 1989 (PAGES 5667 TO 70CJ2) UNITED STATES GOVERNMENT PRINTING OFFICE, WASHINGTON, 1989 , . .. . For sale by the Superintendent of Documents, U.S. Government Printing Office, Washington, D.C. 20402 Q:ongrtssional Rtcord United States of America PROCEEDINGS AND DEBATES OF THE j 0} st CONGRESS, FIRST SESSION HOUSE OF REPRESENTATIVES-Thursday,...",
22,GPO,GPO-CRECB-1989-pt4,,"Volume 135, Part 4 (March 15, 1989 to April 5, 1989)","135 Cong. Rec. (Bound) - Volume 135, Part 4 (March 15, 1989 to April 5, 1989)","Congressional Record (Bound Edition). Wednesday, April 5, 1989.",https://www.govinfo.gov/app/details/GPO-CRECB-1989-pt4,https://www.govinfo.gov/content/pkg/GPO-CRECB-1989-pt4/pdf/GPO-CRECB-1989-pt4.pdf,,,,,"5, 1989 (PAGES 4151 TO 5665) UNITED STATES GOVERNMENT PRINTING OFFICE, WASHINGTON, 1989 For sale by the Superintendent of Documents, U.S. Government Printing Office, Washington, D.C. 20402 <tongrtssional Rtcord United States of America PROCEEDINGS AND DEBATES OF THE } 0} st CONGRESS, FIRST SESSION HOUSE OF REPRESENTATIVES-Wednesday, March 15, ...",
23,GPO,GPO-CRECB-1989-pt3,,"Volume 135, Part 3 (February 27, 1989 to March 14, 1989)","135 Cong. Rec. (Bound) - Volume 135, Part 3 (February 27, 1989 to March 14, 1989)","Congressional Record (Bound Edition). Tuesday, March 14, 1989.",https://www.govinfo.gov/app/details/GPO-CRECB-1989-pt3,https://www.govinfo.gov/content/pkg/GPO-CRECB-1989-pt3/pdf/GPO-CRECB-1989-pt3.pdf,,,,,"MARCH 14, 1989 (PAGES 2791 TO 4150) UNITED STATES GOVERNMENT PRINTING OFFICE, WASHINGTON, 1989 .\"""" .. ·-. ( \ For sale by the Superintendent of Documents, U.S. Government Printing Office, Washington, D.C. 20402 «rongrtssional Rtcord United States of America PROCEEDINGS AND DEBATES OF THE } 0} st CONGRESS, FIRST SESSION SENATE-Monday, February 27...",
24,GPO,GPO-CRECB-1989-pt2,,"Volume 135, Part 2 (February 2, 1989 to February 23, 1989)","135 Cong. Rec. (Bound) - Volume 135, Part 2 (February 2, 1989 to February 23, 1989)","Congressional Record (Bound Edition). Thursday, February 23, 1989.",https://www.govinfo.gov/app/details/GPO-CRECB-1989-pt2,https://www.govinfo.gov/content/pkg/GPO-CRECB-1989-pt2/pdf/GPO-CRECB-1989-pt2.pdf,,,,,"FEBRUARY 23, 1989 (PAGES 1375 TO 2789) UNITED STATES GOVERNMENT PRINTING OFFICE, WASHINGTON, 1989 For sale by the Superintendent of Documents, U.S. Government Printing Office, Washington, D.C. 20402 ctongrrssional Rrcord United States of America PROCEEDINGS AND DEBATES OF THE } 0} st CONGRESS, FIRST SESSION HOUSE OF REPRESENTATIVES-Thursday, ...",
25,GPO,GPO-CRECB-1989-pt1,,"Volume 135, Part 1 (January 3, 1989 to January 31, 1989)","135 Cong. Rec. (Bound) - Volume 135, Part 1 (January 3, 1989 to January 31, 1989)","Congressional Record (Bound Edition). Tuesday, January 31, 1989.",https://www.govinfo.gov/app/details/GPO-CRECB-1989-pt1,https://www.govinfo.gov/content/pkg/GPO-CRECB-1989-pt1/pdf/GPO-CRECB-1989-pt1.pdf,,,,,"31, 1989 (PAGES 1 TO 1373) UNITED STATES GOVERNMENT PRINTING OFFICE, WASHINGTON, 1989 For sale by the Superintendent of Documents, U.S. Government Printing Office, Washington, D.C. 20402 <tongrrssional Record United States of America PROCEEDINGS AND DEBATES OF THE 101 st CONGRESS, FIRST SESSION SENATE-Tuesday, January 3, 1989 The third day of...",