index,collectionCode,packageId,granuleId,title,line1,line2,detailsLink,pdfLink,htmlLink,xmlLink,otherLink1,otherLink2,teaser,historical
1,GPO,GPO-CRECB-1966-pt21,,"Volume 112, Part 21 (October 20, 1966 to October 22, 1966)","112 Cong. Rec. (Bound) - Volume 112, Part 21 (October 20, 1966 to October 22, 1966)","Congressional Record (Bound Edition). Saturday, October 22, 1966.",https://www.govinfo.gov/app/details/GPO-CRECB-1966-pt21,https://www.govinfo.gov/content/pkg/GPO-CRECB-1966-pt21/pdf/GPO-CRECB-1966-pt21.pdf,,,,,"22, 1966 (PAGES 27879 TO 29116) UNITED STATES GOVERNMENT PRINTING OFFICE, WASHINGTON, 1966 \. United States of America <iongrcssional llccord PROCEEDINGS _AND DEBATES OF THE 89th CONGRESS, SECOND SESSION SENATE THURSDAY, OCTOBER 20, 1966 The Senate met at 10 o'clock a.m., and was called to order by Hon. Ross BASS, a Senator from the State of ...",
2,GPO,GPO-CRECB-1966-pt22,,"Volume 112, Part 22 (January 10, 1966 to October 22, 1966)","112 Cong. Rec. (Bound) - Volume 112, Part 22 (January 10, 1966 to October 22, 1966)","Congressional Record (Bound Edition). Saturday, October 22, 1966.",https://www.govinfo.gov/app/details/GPO-CRECB-1966-pt22,https://www.govinfo.gov/content/pkg/GPO-CRECB-1966-pt22/pdf/GPO-CRECB-1966-pt22.pdf,,,,,"10, 1966, TO OCTOBER 22, 1966 UNITED STATES GOVERNMENT PRINTING OFFICE, WASHINGTON, 1966 ( NAMES AND POST-OFFICE ADDRESSES OF MEMBERS OF THE UNITED STATES SENATE IN THE SECOND SESSION OF THE EIGHTY-NINTH CONGRESS HUBERT H. HUMPHREY, Vice President, Waverly, Minn.; CARL HAYDEN, President pro tempore, Phoenix, Ariz. Name Home post office Aiken, ...",
3,GPO,GPO-CRECB-1966-pt29,,"Volume 112, Part 29 (June 1, 1966 to October 22, 1966)","112 Cong. Rec. (Bound) - Volume 112, Part 29 (June 1, 1966 to October 22, 1966)","Congressional Record (Bound Edition). Saturday, October 22, 1966.",https://www.govinfo.gov/app/details/GPO-CRECB-1966-pt29,https://www.govinfo.gov/content/pkg/GPO-CRECB-1966-pt29/pdf/GPO-CRECB-1966-pt29.pdf,,,,,"orten: Nor am I implying that the corpora-erox auman aews usiness u _re challenge, we ca.n then :Point with pride t.o tion itself needs a t.otally new raison d'etre . --- --. the disoharge of our responsibilities by citing The challenges of supplying the world's best- EXTENSION OF RE?vIARKS our decisions to support higher education. to developed ...",
4,GPO,GPO-CRECB-1966-pt28,,"Volume 112, Part 28 (April 28, 1966 to October 22, 1966)","112 Cong. Rec. (Bound) - Volume 112, Part 28 (April 28, 1966 to October 22, 1966)","Congressional Record (Bound Edition). Saturday, October 22, 1966.",https://www.govinfo.gov/app/details/GPO-CRECB-1966-pt28,https://www.govinfo.gov/content/pkg/GPO-CRECB-1966-pt28/pdf/GPO-CRECB-1966-pt28.pdf,,,,,", April 28, 1966 Mr. KASTENMEIER. Mr. Speaker, our colleague the Honorable HERBERT TE:r.""ZER, from the Fifth District of New York, recently appeared as a featured speaker in a symposium on the law of the artist held at Fordham University Law School 1n New York on Aprtl 26, 1966. His address, entitled ""A Congressman Looks at Copyright Law ...",
5,GPO,GPO-CRECB-1966-pt23,,"Volume 112, Part 23 (January 10, 1966 to October 22, 1966)","112 Cong. Rec. (Bound) - Volume 112, Part 23 (January 10, 1966 to October 22, 1966)","Congressional Record (Bound Edition). Saturday, October 22, 1966.",https://www.govinfo.gov/app/details/GPO-CRECB-1966-pt23,https://www.govinfo.gov/content/pkg/GPO-CRECB-1966-pt23/pdf/GPO-CRECB-1966-pt23.pdf,,,,,"OFFICE, WASHINGTON, 1966 Daily Digest Monday, January 10, 1966 Senate Chamber Action Resolutions Submitted: Three resolutions were sub- mitted as follows: S. Res. 165-167. Pages Senator Sworn In: Senator Harry F. Byrd, Jr., of Vir- ginia, was sworn in to fill the vacancy created by the resignation of Senator Harry F. Byrd, Sr. Page 4 Procedural...",
6,GPO,GPO-CRECB-1966-pt27,,"Volume 112, Part 27 (April 1, 1966 to October 22, 1966)","112 Cong. Rec. (Bound) - Volume 112, Part 27 (April 1, 1966 to October 22, 1966)","Congressional Record (Bound Edition). Saturday, October 22, 1966.",https://www.govinfo.gov/app/details/GPO-CRECB-1966-pt27,https://www.govinfo.gov/content/pkg/GPO-CRECB-1966-pt27/pdf/GPO-CRECB-1966-pt27.pdf,,,,,". Mr. ·President, many times the foreign press is not very com- plimentary toward the United States and its policies. In view of this, it was refreshing to read the editorial, ""You Should Know,"" which appeared originally in the Sydney, Australia, Telegraph, and which the Christian Science Monitor reprinted in this country. Because I believe this ...",
7,GPO,GPO-CRECB-1966-pt30,,"Volume 112, Part 30 (July 11, 1966 to October 22, 1966)","112 Cong. Rec. (Bound) - Volume 112, Part 30 (July 11, 1966 to October 22, 1966)","Congressional Record (Bound Edition). Saturday, October 22, 1966.",https://www.govinfo.gov/app/details/GPO-CRECB-1966-pt30,https://www.govinfo.gov/content/pkg/GPO-CRECB-1966-pt30/pdf/GPO-CRECB-1966-pt30.pdf,,,,,":Monday, July 11, 1966 Mr. FASCELL. Mr. Speaker, all of us in the Congress are increasingly aware of the need for immediate action to halt the increased poisoning of our environ- ment by all sorts of physical and chemi- cal wastes. Last year the 89th Congress made a significant beginning to halt this pollu- tion and protect mankind's most ...",
8,GPO,GPO-CRECB-1966-pt24,,"Volume 112, Part 24 (January 10, 1966 to October 22, 1966)","112 Cong. Rec. (Bound) - Volume 112, Part 24 (January 10, 1966 to October 22, 1966)","Congressional Record (Bound Edition). Saturday, October 22, 1966.",https://www.govinfo.gov/app/details/GPO-CRECB-1966-pt24,https://www.govinfo.gov/content/pkg/GPO-CRECB-1966-pt24/pdf/GPO-CRECB-1966-pt24.pdf,,,,,":Monday, January 10, 1966 Mr. BARRETT. Mr. Speaker, under adverse circumstances and unforeseen crises Mayor James H.J. Tate took over the r~igns of the Philadelphia city gov- ernment. During this period Mayor Tate was faced with the difficult task of adminis- tering a. safe and efficient government. Jim Tate is continuing to do an effec- tive and ...",
9,GPO,GPO-CRECB-1966-pt25,,"Volume 112, Part 25 (February 1, 1966 to October 22, 1966)","112 Cong. Rec. (Bound) - Volume 112, Part 25 (February 1, 1966 to October 22, 1966)","Congressional Record (Bound Edition). Saturday, October 22, 1966.",https://www.govinfo.gov/app/details/GPO-CRECB-1966-pt25,https://www.govinfo.gov/content/pkg/GPO-CRECB-1966-pt25/pdf/GPO-CRECB-1966-pt25.pdf,,,,,"YARBOROUGH OF TEXAS IN THE SENATE OF THE UNITED STATES Tuesday, February 1, 1966 Mr. YARBOROUGH. Mr. President, an article written by Frank Getlein, and published in the January 23 Washington, D.C., Sunday Star gives an engrossing account of the extraordinary gentleman who is the Chairman of the National Council on the Arts, Mr. Roger Stevens. An ...",
10,GPO,GPO-CRECB-1966-pt31,,"Volume 112, Part 31 (August 1, 1966 to October 22, 1966)","112 Cong. Rec. (Bound) - Volume 112, Part 31 (August 1, 1966 to October 22, 1966)","Congressional Record (Bound Edition). Saturday, October 22, 1966.",https://www.govinfo.gov/app/details/GPO-CRECB-1966-pt31,https://www.govinfo.gov/content/pkg/GPO-CRECB-1966-pt31/pdf/GPO-CRECB-1966-pt31.pdf,,,,,"OF THE UNITED STATES l't!onday, August 1, 1966 Mr. BYRD of West Virginia.. Mr. President, the Monday afternoon. July 18, 1966, edition of the Elkins Inter- Mountain, Elkins, W. Va., newspaper carried a graphic story of the dramatic rescue of a. plane and pilot at the Elkins, \V. Va., airport, through the cool think- ing and cleverness of Mr. ...",
11,GPO,GPO-CRECB-1966-pt26,,"Volume 112, Part 26 (March 1, 1966 to October 22, 1966)","112 Cong. Rec. (Bound) - Volume 112, Part 26 (March 1, 1966 to October 22, 1966)","Congressional Record (Bound Edition). Saturday, October 22, 1966.",https://www.govinfo.gov/app/details/GPO-CRECB-1966-pt26,https://www.govinfo.gov/content/pkg/GPO-CRECB-1966-pt26/pdf/GPO-CRECB-1966-pt26.pdf,,,,,"OF ARKANSAS IN THE SENATE OF THE UNITED STATES Tuesday, March 1, 1966 Mr. FULBRIGHT. Mr. President, too seldom, because of my schedule, do I get an opportunity to hear the nightly news broadcasts of one of this country's most able and perceptive commentators, Mr. Edward P. Morgan. I know that many of my colleagues in the Congress share my opinion ...",
12,GPO,GPO-CRECB-1966-pt33,,"Volume 112, Part 33 (September 30, 1966 to October 22, 1966)","112 Cong. Rec. (Bound) - Volume 112, Part 33 (September 30, 1966 to October 22, 1966)","Congressional Record (Bound Edition). Saturday, October 22, 1966.",https://www.govinfo.gov/app/details/GPO-CRECB-1966-pt33,https://www.govinfo.gov/content/pkg/GPO-CRECB-1966-pt33/pdf/GPO-CRECB-1966-pt33.pdf,,,,,"30, 1966 ' The House In Committee o! the Whole House on the State of the Union had under consideration the bill (H.R. 17607) to suspend the investment credit and the allowance of accelerated depreciation in the case of cer- tain real property. Mr. VANIK. Mr. Chairman, I am in support of this legislation to control in- flation and I want to ...",
13,GPO,GPO-CRECB-1966-pt32,,"Volume 112, Part 32 (September 1, 1966 to October 22, 1966)","112 Cong. Rec. (Bound) - Volume 112, Part 32 (September 1, 1966 to October 22, 1966)","Congressional Record (Bound Edition). Saturday, October 22, 1966.",https://www.govinfo.gov/app/details/GPO-CRECB-1966-pt32,https://www.govinfo.gov/content/pkg/GPO-CRECB-1966-pt32/pdf/GPO-CRECB-1966-pt32.pdf,,,,,"China,"" West Virginia's Greenbrier, Site of Significant Sessions EXTENSION OF REMARKS OF HON. JENNINGS RANDOLPH OF WEST VIRGINIA IN THE SENATE OF THE UNITED STATES Thursday, September 1, 1966 Mr. RANDOLPH. Mr. President, it was my pleasure and my honor to be Present last Sunday, at the beautiful Greenbrier, in White Sulphur Springs, W.Va., for the ...",
14,GPO,GPO-CRECB-1966-pt20,,"Volume 112, Part 20 (October 13, 1966 to October 19, 1966)","112 Cong. Rec. (Bound) - Volume 112, Part 20 (October 13, 1966 to October 19, 1966)","Congressional Record (Bound Edition). Wednesday, October 19, 1966.",https://www.govinfo.gov/app/details/GPO-CRECB-1966-pt20,https://www.govinfo.gov/content/pkg/GPO-CRECB-1966-pt20/pdf/GPO-CRECB-1966-pt20.pdf,,,,,"19, 1966 (PAGES 26445 TO 27878) UNITED STATES GOVERNMENT PRINTING OFFICE, WASHINGTON, 1966 ~ .H v ~ ~r 11 United States of America Q:ongf£ssional· REcord PROCEEDINGS AND DEBATES OF THE 89th CONGRESS, SECOND SESSION SENATE THURSDAY, OCTOBER 13, 1966 The Senate met at 10 o'clock a.m., and was called to order by Hon. DANIEL K. INouYE, a Senator ...",
15,GPO,GPO-CRECB-1966-pt19,,"Volume 112, Part 19 (October 5, 1966 to October 12, 1966)","112 Cong. Rec. (Bound) - Volume 112, Part 19 (October 5, 1966 to October 12, 1966)","Congressional Record (Bound Edition). Wednesday, October 12, 1966.",https://www.govinfo.gov/app/details/GPO-CRECB-1966-pt19,https://www.govinfo.gov/content/pkg/GPO-CRECB-1966-pt19/pdf/GPO-CRECB-1966-pt19.pdf,,,,,"OCTOBER 12, 196() (PAGES 25175 TO 26444) UNITED STATES GOVERNMENT PRINTING OFFICE, WASHINGTON, 1966 Chi _.. • : '.f D~ United States of America Q:ongrtss-iOltal 1Rrrort1 PROCEEDINGS AND DEBATES OF THE 89th CONGRESS, SECOND. SESSION SENATE WEDNESDAY, OCTOBER 5, 1966 The Senate met at 12 o'clock meridian, and was called to order by Hon. STEPHEN M. ...",
16,GPO,GPO-CRECB-1966-pt18,,"Volume 112, Part 18 (September 26, 1966 to October 4, 1966)","112 Cong. Rec. (Bound) - Volume 112, Part 18 (September 26, 1966 to October 4, 1966)","Congressional Record (Bound Edition). Tuesday, October 4, 1966.",https://www.govinfo.gov/app/details/GPO-CRECB-1966-pt18,https://www.govinfo.gov/content/pkg/GPO-CRECB-1966-pt18/pdf/GPO-CRECB-1966-pt18.pdf,,,,,"Tq OCfOBER 4, 1966 (PAGES 23753 TO 25174) UNITED STATES GOVERNMENT PRINTING OFFICE. WASHINGTON, 1966 United States of America <Eo:·ngcrsstonal .RtEOrd: PROCEED~NGS AND DEBATES OF THE 89th CONGRESS, SECOND SESSION HOUSE OF REPRESENTATIVES MONDAY, SEPTEMBER 26, 1966 The House met at 12 o'clock noon. The Chaplain, Rev. Edward G. Latch, D.D., offered ...",
17,GPO,GPO-CRECB-1966-pt17,,"Volume 112, Part 17 (September 13, 1966 to September 22, 1966)","112 Cong. Rec. (Bound) - Volume 112, Part 17 (September 13, 1966 to September 22, 1966)","Congressional Record (Bound Edition). Thursday, September 22, 1966.",https://www.govinfo.gov/app/details/GPO-CRECB-1966-pt17,https://www.govinfo.gov/content/pkg/GPO-CRECB-1966-pt17/pdf/GPO-CRECB-1966-pt17.pdf,,,,,"SEPTEMBER 22, 1966 (PAGES 22327 TO 23752) UNI,TED STATES ~OVERNMENT PRINTING OFFICE, WASHINGTON, 1966 United States of America SENATE TuESDAY, SEPTEMBER 13, 1966 (Legislative day of Wednesday, September 7, 1966) The Senate met at 11 o'clock a.m., on the expiration of the recess, and was called to order by the Vice President. The Chaplain, Rev. ...",
18,GPO,GPO-CRECB-1966-pt16,,"Volume 112, Part 16 (August 29, 1966 to September 12, 1966)","112 Cong. Rec. (Bound) - Volume 112, Part 16 (August 29, 1966 to September 12, 1966)","Congressional Record (Bound Edition). Monday, September 12, 1966.",https://www.govinfo.gov/app/details/GPO-CRECB-1966-pt16,https://www.govinfo.gov/content/pkg/GPO-CRECB-1966-pt16/pdf/GPO-CRECB-1966-pt16.pdf,,,,,"112-PART 16 AUGUST 29, 1966, TO SEPTEMBER 12, 1966 (PAGES 20931 TO 22326) UNITEi:> STATES GOVERNMENT PRINTING OFFICE, WASHINGTON, 1966 United States of America O:ongrcssional Record PROCEEDINGS AND DEBATES OF THE 89th CONGRESS, SECOND SESSION HOUSE OF REPRESENTATIVES MoNDAY, AuGusT 29,. 1966 The House met at 12 o'clock noon. The Chaplain, Rev...",
19,GPO,GPO-CRECB-1966-pt15,,"Volume 112, Part 15 (August 16, 1966 to August 26, 1966)","112 Cong. Rec. (Bound) - Volume 112, Part 15 (August 16, 1966 to August 26, 1966)","Congressional Record (Bound Edition). Friday, August 26, 1966.",https://www.govinfo.gov/app/details/GPO-CRECB-1966-pt15,https://www.govinfo.gov/content/pkg/GPO-CRECB-1966-pt15/pdf/GPO-CRECB-1966-pt15.pdf,,,,,"26, 1966 (PAGES 19441 TO 20930) UNITED STATES GOVERNMENT PRINTING OFFICE, WASHINGTON, 1966 United States of America <iongrcssional Record PROCEEDINGS AND DEBATES OF THE 89th CONGRESS, SECOND SESSION SENATE TUESDAY, AUGUST 16, 1966 <LegislatiVe day of Monday, August 15, · 1966) The Senate met at 10 o'clock a.m., on the expiration of the recess, ...",
20,GPO,GPO-CRECB-1966-pt14,,"Volume 112, Part 14 (August 3, 1966 to August 15, 1966)","112 Cong. Rec. (Bound) - Volume 112, Part 14 (August 3, 1966 to August 15, 1966)","Congressional Record (Bound Edition). Monday, August 15, 1966.",https://www.govinfo.gov/app/details/GPO-CRECB-1966-pt14,https://www.govinfo.gov/content/pkg/GPO-CRECB-1966-pt14/pdf/GPO-CRECB-1966-pt14.pdf,,,,,"AUGUST 15, 1966 (PAGES 17999 TO 19440) UNITED STATES GOVERNMENT PRINTING OFFICE, WASHINGTON, 1966 United States of America ctongrrssional 1Rrcord PROCEEDINGS AND DEBATES OP THE 89 th CONGRESS,, SECOND SESSION SENATE WEDNESDAY~ AUGUST 3, 1966 The Senate met at 11 o'clock a.m., and was called to order by the Acting Presi- dent pro tempore <Mr. ...",
21,GPO,GPO-CRECB-1966-pt13,,"Volume 112, Part 13 (July 21, 1966 to August 2, 1966)","112 Cong. Rec. (Bound) - Volume 112, Part 13 (July 21, 1966 to August 2, 1966)","Congressional Record (Bound Edition). Tuesday, August 2, 1966.",https://www.govinfo.gov/app/details/GPO-CRECB-1966-pt13,https://www.govinfo.gov/content/pkg/GPO-CRECB-1966-pt13/pdf/GPO-CRECB-1966-pt13.pdf,,,,,"2, 1966 (PAGES 16539 TO 17998) UNITED STATES GOVERNMENT PRINTING OFFI_CE, WASHINGTON, 1966 United States of America <rongrrssional· Rr.cord PRO~EEDINGS AND DE~ATES OF THE 89th CONGRESS 2 SECOND SESSION SENATE THURSDAY, JuLY 21, 1966 The Senate met at 11 o'clock a.m., and was called to order by the Vice President. Hon. WALLACE F. BENNETT, a U.S...",
22,GPO,GPO-CRECB-1966-pt12,,"Volume 112, Part 12 (July 12, 1966 to July 20, 1966)","112 Cong. Rec. (Bound) - Volume 112, Part 12 (July 12, 1966 to July 20, 1966)","Congressional Record (Bound Edition). Wednesday, July 20, 1966.",https://www.govinfo.gov/app/details/GPO-CRECB-1966-pt12,https://www.govinfo.gov/content/pkg/GPO-CRECB-1966-pt12/pdf/GPO-CRECB-1966-pt12.pdf,,,,,"20, 1966 (PAGES 15189 TO 16538) . UNITED STATES GOVERNMENT PRINTING OFFICE, WASHINGTON, 1966 ,_- United States of America <rongrcssionat Record PROCEEDINGS AND DEBATES OF THE 89th CONGRESS, SECOND SESSION SENATE TUESDAY, JULY 12, 1966 The Senate met at 12 o'clock meridian, and was called to order by the Acting President pro tempore <Mr. METCALF). ...",
23,GPO,GPO-CRECB-1966-pt11,,"Volume 112, Part 11 (June 22, 1966 to July 11, 1966)","112 Cong. Rec. (Bound) - Volume 112, Part 11 (June 22, 1966 to July 11, 1966)","Congressional Record (Bound Edition). Monday, July 11, 1966.",https://www.govinfo.gov/app/details/GPO-CRECB-1966-pt11,https://www.govinfo.gov/content/pkg/GPO-CRECB-1966-pt11/pdf/GPO-CRECB-1966-pt11.pdf,,,,,"11, 1966 (PAGES 13843 TO 15188) UNITED STATES GOVERNMENT PRINTING OFFICE, WASHINGTON, 1966 I{ ~,I' ,, ] .• r tj' . .... 'ft:..lL 1- United States of America Q:ongrrssionai1Rrcord PROCEEDINGS AND DEBATES OF THE 89th CONGRESS, SECOND SESSION SENATE WEDNESDAY, JUNE 22, 1966 The Senate met at 12 o'clock meridian, and was called to order by the Acting ...",
24,GPO,GPO-CRECB-1966-pt10,,"Volume 112, Part 10 (June 7, 1966 to June 21, 1966)","112 Cong. Rec. (Bound) - Volume 112, Part 10 (June 7, 1966 to June 21, 1966)","Congressional Record (Bound Edition). Tuesday, June 21, 1966.",https://www.govinfo.gov/app/details/GPO-CRECB-1966-pt10,https://www.govinfo.gov/content/pkg/GPO-CRECB-1966-pt10/pdf/GPO-CRECB-1966-pt10.pdf,,,,,"21, 1966 (PAGES 12445 TO 13842) UNITED STATES GOVERNMENT PRINTING . OFFICE, WASHINGTON, 1966 '· United States of America <tongrrssional 1Rrcord PROCEEDINGS AND DEBATES OF THE 89 th CONGRESS, SECOND SESSION SENATE TUESDAY, JUNE 7, 1966 The Senate met at 11 o'clock a.m., and was called to order by Hon. QUENTIN N. BURDICK, a Senator from the State...",
25,GPO,GPO-CRECB-1966-pt9,,"Volume 112, Part 9 (May 19, 1966 to June 6, 1966)","112 Cong. Rec. (Bound) - Volume 112, Part 9 (May 19, 1966 to June 6, 1966)","Congressional Record (Bound Edition). Monday, June 6, 1966.",https://www.govinfo.gov/app/details/GPO-CRECB-1966-pt9,https://www.govinfo.gov/content/pkg/GPO-CRECB-1966-pt9/pdf/GPO-CRECB-1966-pt9.pdf,,,,,"6, 1966 (PAGES 1098i TO 12444) UNITED STATES GOVERNMENT PRINTING OFFICE, WASHINGTON, 1966 "" ' - ( , ! (,., 'i.. ' i ·,. United States of America SENATE THURSDAY, MAY 19, 1966 The Senate met at 12 o'clock meridian, and was called to order by Hon. HARRY F. BYRD, JR., a Senator from the State of Virginia. Rev. Edward B. Lewis, pastor, Capitol Hill ...",
26,GPO,GPO-CRECB-1966-pt8,,"Volume 112, Part 8 (May 3, 1966 to May 18, 1966)","112 Cong. Rec. (Bound) - Volume 112, Part 8 (May 3, 1966 to May 18, 1966)","Congressional Record (Bound Edition). Wednesday, May 18, 1966.",https://www.govinfo.gov/app/details/GPO-CRECB-1966-pt8,https://www.govinfo.gov/content/pkg/GPO-CRECB-1966-pt8/pdf/GPO-CRECB-1966-pt8.pdf,,,,,"1966 (PAGES 9511 TO 10980) UNITED STATES GOVERNMENT PRINTING OFFICE, WASHINGTON, 1966 ~· ' ··.,.f. 'f . \1 United States of America <rongrcssional Record PROCEEDINGS AND DEBATES OF THE 89th CONGRESS, SECOND SESSION SENATE TUESDAY, MAY 3, 1966 The Senate met at 12 o'clock meridian, and was called to order by the Acting President pro tempore <Mr. ...",
27,GPO,GPO-CRECB-1966-pt7,,"Volume 112, Part 7 (April 19, 1966 to May 2, 1966)","112 Cong. Rec. (Bound) - Volume 112, Part 7 (April 19, 1966 to May 2, 1966)","Congressional Record (Bound Edition). Monday, May 2, 1966.",https://www.govinfo.gov/app/details/GPO-CRECB-1966-pt7,https://www.govinfo.gov/content/pkg/GPO-CRECB-1966-pt7/pdf/GPO-CRECB-1966-pt7.pdf,,,,,"MAY 2, 1966 (PAGES 8285 TO 9510) UNITED STATES GOVERNMENT PRINTING OFFICE, WASHINGTON, 1966 I \,.._· .... l. ,. ) \ ·\ ' f t - -,y .r'I;. \'' \.. - ... 'Y {'. . ~ ,,_, ~ .• A· ,l.\.l<'l(i,1,-• t. . !/•J <rongrrssional Record PROCEEDINGS AND DEBATES OF THE 89 th CONGRESS, SECOND SESSION SENATE TUESDAY, APRIL 19, 1966 The Senate met at 12 o'clock ...",
28,GPO,GPO-CRECB-1966-pt6,,"Volume 112, Part 6 (March 29, 1966 to April 18, 1966)","112 Cong. Rec. (Bound) - Volume 112, Part 6 (March 29, 1966 to April 18, 1966)","Congressional Record (Bound Edition). Monday, April 18, 1966.",https://www.govinfo.gov/app/details/GPO-CRECB-1966-pt6,https://www.govinfo.gov/content/pkg/GPO-CRECB-1966-pt6/pdf/GPO-CRECB-1966-pt6.pdf,,,,,"18, 1966 (PAGES 6873 TO -8284) UNITED STATES GOVERNMENT PRINTING OFFICE, WASHINGTON, 1966 United States of America <rongrrssionat Record PROCEEDINGS AND DEBATES OF THE 89th CONGRES.S, SECOND SESSION SENATE TuESDAY, MARCH 29, 1966 <Legislative day of Friday~ March 25, 1966) The Senate met at 12 o'clock meridian, on the expiration of the recess, and...",
29,GPO,GPO-CRECB-1966-pt5,,"Volume 112, Part 5 (March 10, 1966 to March 28, 1966)","112 Cong. Rec. (Bound) - Volume 112, Part 5 (March 10, 1966 to March 28, 1966)","Congressional Record (Bound Edition). Monday, March 28, 1966.",https://www.govinfo.gov/app/details/GPO-CRECB-1966-pt5,https://www.govinfo.gov/content/pkg/GPO-CRECB-1966-pt5/pdf/GPO-CRECB-1966-pt5.pdf,,,,,"28, 1966 (PAGES 5495 TO 6872) UNITED STATES GOVERNMENT PRINTING OFFICE, WASHINGTON, 1966 '· I \ j United States of America ~ongrrssionalRrcord PROCEEDINGS AND DEBATES OF THE 89th CONGRESSt SECOND SESSION SENATE THURSDAY, MARCH 10, 1966 The Senate met at 10 o'clock a.m., and was called to order by the Acting Presi- dent pro tempore <Mr. METCALF). ...",
30,GPO,GPO-CRECB-1966-pt4,,"Volume 112, Part 4 (February 28, 1966 to March 9, 1966)","112 Cong. Rec. (Bound) - Volume 112, Part 4 (February 28, 1966 to March 9, 1966)","Congressional Record (Bound Edition). Wednesday, March 9, 1966.",https://www.govinfo.gov/app/details/GPO-CRECB-1966-pt4,https://www.govinfo.gov/content/pkg/GPO-CRECB-1966-pt4/pdf/GPO-CRECB-1966-pt4.pdf,,,,,"TO MARCH 9, 1966 (PAGES 4181 TO 5494) UNITED STATES GOVERNMENT PRINTING OFFICE, WASHINGTON, 1966 ""· ,, United States of America C!ongrcssional Record PROCEEDINGS AND DEBATES OF THE 89 th CONGRESS, SECOND SESSION HOUSE OF REPRESENTATIVES MONDAY, FEBRUARY 28, 1966 The House met at 12 o'clock noon. The Reverend W. G. Henson Jacobs. rector, st. ...",
31,GPO,GPO-CRECB-1966-pt3,,"Volume 112, Part 3 (February 10, 1966 to February 26, 1966)","112 Cong. Rec. (Bound) - Volume 112, Part 3 (February 10, 1966 to February 26, 1966)","Congressional Record (Bound Edition). Saturday, February 26, 1966.",https://www.govinfo.gov/app/details/GPO-CRECB-1966-pt3,https://www.govinfo.gov/content/pkg/GPO-CRECB-1966-pt3/pdf/GPO-CRECB-1966-pt3.pdf,,,,,"FEBRUARY 26, 1966 (PAGES 2817 TO 4180) UNITED STATES GOVERNMENT PRINTING OFFICE, WASHINGTON, 1966 '·1 United States of America <tongrcssional Record PROCEEDINGS AND DEBATES OF THE 89th CONGRESS, SECOND SESSION HOUSE OF REPRESENTATIVES THURSDAY, FEBRUARY 10, 1966 The House met at 12 o'clock noon. The Chaplain, Rev. Bernard Braskamp, D.D., offered ...",
32,GPO,GPO-CRECB-1966-pt2,,"Volume 112, Part 2 (January 28, 1966 to February 9, 1966)","112 Cong. Rec. (Bound) - Volume 112, Part 2 (January 28, 1966 to February 9, 1966)","Congressional Record (Bound Edition). Wednesday, February 9, 1966.",https://www.govinfo.gov/app/details/GPO-CRECB-1966-pt2,https://www.govinfo.gov/content/pkg/GPO-CRECB-1966-pt2/pdf/GPO-CRECB-1966-pt2.pdf,,,,,"FEBRUARY 9, 1966 (PAGES 1415 TO 2816) UNITED STATES GOVERNMENT PRINTING OFFICE, WASHINGTON, 1966 1}_ ' I ""' ( United States of America <tongr(ssional JR(cord PROCEEDINGS AND DEBATES OF THE 89th CONGRESS, SECOND SESSION SENATE FRIDAY, JANUARY 28, 1966 (Legislative day of Wednesday, Janu- ary 26, 1966) The Senate met at 10 o'clock a.m., on the ...",
33,GPO,GPO-CRECB-1966-pt1,,"Volume 112, Part 1 (January 10, 1966 to January 27, 1966)","112 Cong. Rec. (Bound) - Volume 112, Part 1 (January 10, 1966 to January 27, 1966)","Congressional Record (Bound Edition). Thursday, January 27, 1966.",https://www.govinfo.gov/app/details/GPO-CRECB-1966-pt1,https://www.govinfo.gov/content/pkg/GPO-CRECB-1966-pt1/pdf/GPO-CRECB-1966-pt1.pdf,,,,,", 1966, TO JANUARY 27, 1966 (PAGES 1 TO 1414) UNITED STATES GOVERNMENT PRINTING OFFICE, WASHINGTON, 1966 r .J ) .A: T -~ .. L, .1 United States of America <rongrcssional Record PROCEEDINGS AND DEBATES OF THE 89th CONGRESS, SECOND SESSION SENATE MoNDAY, JANUARY 10, 1966 The lOth day of January being the day prescribed by Public Law 89-340, 89th ...",
34,GPO,GPO-CRECB-1965-pt33,,"Volume 111, Part 33 (November 2, 1965 to November 2, 1965)","111 Cong. Rec. (Bound) - Volume 111, Part 33 (November 2, 1965 to November 2, 1965)","Congressional Record (Bound Edition). Tuesday, November 2, 1965.",https://www.govinfo.gov/app/details/GPO-CRECB-1965-pt33,https://www.govinfo.gov/content/pkg/GPO-CRECB-1965-pt33/pdf/GPO-CRECB-1965-pt33.pdf,,,,,"2, 1965 No. 200 Appendix NOTICE The last issue of the daily Congressional Record for the first session of the Eighty-ninth Congress will he published not later than Monday, November 15, 1965. It is requested that copy and proofs of speeches withheld for revision, or extensions of remarks ai authorized by either House, be_- submitted to the ...",
35,GPO,GPO-CRECB-1965-pt32,,"Volume 111, Part 32 (October 4, 1965 to November 2, 1965)","111 Cong. Rec. (Bound) - Volume 111, Part 32 (October 4, 1965 to November 2, 1965)","Congressional Record (Bound Edition). Tuesday, November 2, 1965.",https://www.govinfo.gov/app/details/GPO-CRECB-1965-pt32,https://www.govinfo.gov/content/pkg/GPO-CRECB-1965-pt32/pdf/GPO-CRECB-1965-pt32.pdf,,,,,"HARTKE. Mr. President, I · re- cently received a letter from Vice Ad.ml- ral Rickover, noting the completion of sea trials for the U .B.S. Simon Bolivar, our 31st nuclear submarine. With his usual acumen, the distinguished ""father of the nuclear submarine"" provided 1n this letter an excellent sketch of the life of the man for whom the ship is named...",
36,GPO,GPO-CRECB-1965-pt23,,"Volume 111, Part 23 (January 4, 1965 to October 22, 1965)","111 Cong. Rec. (Bound) - Volume 111, Part 23 (January 4, 1965 to October 22, 1965)","Congressional Record (Bound Edition). Friday, October 22, 1965.",https://www.govinfo.gov/app/details/GPO-CRECB-1965-pt23,https://www.govinfo.gov/content/pkg/GPO-CRECB-1965-pt23/pdf/GPO-CRECB-1965-pt23.pdf,,,,,"OFFICE, WASHINGTON, 1965 . ~· ·. .l. ...... '. '· Daily Digest Monday, January 4, 1965 Senate Chamber Action Resolutions Submitted: Six resolutions were sub- mitted, as follows: S. Res. 1-5; and S. Con. Res. I. Pages 8, 9 14 Swearing In of Newly Elected Senators: The follow- ing 33 Senators, elected in November r¢4 for the term expiring in ...",
37,GPO,GPO-CRECB-1965-pt30,,"Volume 111, Part 30 (August 2, 1965 to October 22, 1965)","111 Cong. Rec. (Bound) - Volume 111, Part 30 (August 2, 1965 to October 22, 1965)","Congressional Record (Bound Edition). Friday, October 22, 1965.",https://www.govinfo.gov/app/details/GPO-CRECB-1965-pt30,https://www.govinfo.gov/content/pkg/GPO-CRECB-1965-pt30/pdf/GPO-CRECB-1965-pt30.pdf,,,,,"America EXTENSION OF REMARKS OP HON. CLAUDE PEPPER OP FLOKIDA IN THE HOUSE OF REPRESENTATIVES Monday, August 2, 1965 Mr. PEPPER. :1\lr. Speaker, on the evening of the 29th of July, Mrs. Pepper and I had the great privilege of attend- ing the flnal banquet of the National Convention of the National Federation of Business a.nd Professional Women's ...",
38,GPO,GPO-CRECB-1965-pt29,,"Volume 111, Part 29 (July 1, 1965 to October 22, 1965)","111 Cong. Rec. (Bound) - Volume 111, Part 29 (July 1, 1965 to October 22, 1965)","Congressional Record (Bound Edition). Friday, October 22, 1965.",https://www.govinfo.gov/app/details/GPO-CRECB-1965-pt29,https://www.govinfo.gov/content/pkg/GPO-CRECB-1965-pt29/pdf/GPO-CRECB-1965-pt29.pdf,,,,,"RANDOLPH OJ' WEST VllWllfiA IN THE SENATE OF THE UNITED STATES Thursday, July 1,1965 Mr. RA..r-.'TIOLPH. :Mr. President, con- structive amendments to the Social Se- curity Act over the years have brought under its coverage provisions a growing number of beneficiaries. Enactment of a program of medical aid to the elderly through the social ...",
39,GPO,GPO-CRECB-1965-pt31,,"Volume 111, Part 31 (September 1, 1965 to October 22, 1965)","111 Cong. Rec. (Bound) - Volume 111, Part 31 (September 1, 1965 to October 22, 1965)","Congressional Record (Bound Edition). Friday, October 22, 1965.",https://www.govinfo.gov/app/details/GPO-CRECB-1965-pt31,https://www.govinfo.gov/content/pkg/GPO-CRECB-1965-pt31/pdf/GPO-CRECB-1965-pt31.pdf,,,,,", September 1, 1965 Mr. FINO. Mr. Speaker, today I would like to bring to the attention _of the Members of this House the lotteries of Africa and the Middle East. Most. of these are thriving institutions which bring in considerable revenues to serve varied purposes, often school and h~s- pital construction. Africa's lottenes brought in gross ...",
40,GPO,GPO-CRECB-1965-pt24,,"Volume 111, Part 24 (January 4, 1965 to October 22, 1965)","111 Cong. Rec. (Bound) - Volume 111, Part 24 (January 4, 1965 to October 22, 1965)","Congressional Record (Bound Edition). Friday, October 22, 1965.",https://www.govinfo.gov/app/details/GPO-CRECB-1965-pt24,https://www.govinfo.gov/content/pkg/GPO-CRECB-1965-pt24/pdf/GPO-CRECB-1965-pt24.pdf,,,,,,
41,GPO,GPO-CRECB-1965-pt25,,"Volume 111, Part 25 (March 1, 1965 to October 22, 1965)","111 Cong. Rec. (Bound) - Volume 111, Part 25 (March 1, 1965 to October 22, 1965)","Congressional Record (Bound Edition). Friday, October 22, 1965.",https://www.govinfo.gov/app/details/GPO-CRECB-1965-pt25,https://www.govinfo.gov/content/pkg/GPO-CRECB-1965-pt25/pdf/GPO-CRECB-1965-pt25.pdf,,,,," of Virginia. Mr. President, I ask unanimous consent to have printed in the Appendix of the RECORD an article entitled ""Three Arches There Are at VMI."" The article, which was written by Hubert F. Lee, was published in Dixie Business, of which Mr. Lee' is the editor. There being no objection, the article was ordered to be printed in the RECORD, ...",
42,GPO,GPO-CRECB-1965-pt21,,"Volume 111, Part 21 (October 21, 1965 to October 22, 1965)","111 Cong. Rec. (Bound) - Volume 111, Part 21 (October 21, 1965 to October 22, 1965)","Congressional Record (Bound Edition). Friday, October 22, 1965.",https://www.govinfo.gov/app/details/GPO-CRECB-1965-pt21,https://www.govinfo.gov/content/pkg/GPO-CRECB-1965-pt21/pdf/GPO-CRECB-1965-pt21.pdf,,,,,"22, 1965 (PAGES 27801 TO 28982) UNITED STATES GOVERNMENT PRINTING OFFICij, WASHINGTON, 196S United States of America <iongrrssional Rrcord PROCEEDINGS AND DEBATES OF THE 89th CONGRESS, FIRST SESSION HOUSE OF REPRESENTATIVES THURSDAY, OCTOBER 21, 1965 The House met at 12 o'clock noon. The Chaplain, Rev. Ber nard Braskamp, D.D., offered the ...",
43,GPO,GPO-CRECB-1965-pt26,,"Volume 111, Part 26 (April 1, 1965 to October 22, 1965)","111 Cong. Rec. (Bound) - Volume 111, Part 26 (April 1, 1965 to October 22, 1965)","Congressional Record (Bound Edition). Friday, October 22, 1965.",https://www.govinfo.gov/app/details/GPO-CRECB-1965-pt26,https://www.govinfo.gov/content/pkg/GPO-CRECB-1965-pt26/pdf/GPO-CRECB-1965-pt26.pdf,,,,,"1, 1965 Mr. Hil..L. Mr. President, a reporter of great ability, keen insight, and out:- standing objectivity 1s Michael J. O'Ne111, the Washington bureau chief of the Medical World News. Mr. O'Neill has recently paid tribute to the director of the Washington office of the American Hospital Association, Kenneth William- son, whom Congress knows ...",
44,GPO,GPO-CRECB-1965-pt22,,"Volume 111, Part 22 (January 4, 1965 to October 22, 1965)","111 Cong. Rec. (Bound) - Volume 111, Part 22 (January 4, 1965 to October 22, 1965)","Congressional Record (Bound Edition). Friday, October 22, 1965.",https://www.govinfo.gov/app/details/GPO-CRECB-1965-pt22,https://www.govinfo.gov/content/pkg/GPO-CRECB-1965-pt22/pdf/GPO-CRECB-1965-pt22.pdf,,,,,", TO OCTOBER 23, 1965 l 0 M~'< 1967 UNITED STATES GOVERNMENT PRINTING OFFICE, WASHINGTON, 1965 ;: .-, r ( .; ·NAMES AND POST-OFFICE ADDRESSES OF MEMBERS OF THE UNITED STATES SENAT-E IN THE FIRST SESSION OF THE EIGHTY-NINTH CONGRESS HUBERT H. HUMPHREY, Vice President, Waverly, Minn.; CARL HAYDEN, President pro tempore, Phoenix, Ariz. Name Home post ...",
45,GPO,GPO-CRECB-1965-pt27,,"Volume 111, Part 27 (May 3, 1965 to October 22, 1965)","111 Cong. Rec. (Bound) - Volume 111, Part 27 (May 3, 1965 to October 22, 1965)","Congressional Record (Bound Edition). Friday, October 22, 1965.",https://www.govinfo.gov/app/details/GPO-CRECB-1965-pt27,https://www.govinfo.gov/content/pkg/GPO-CRECB-1965-pt27/pdf/GPO-CRECB-1965-pt27.pdf,,,,,", May 3, 1965 Mr. GRIDER. Mr. Speaker, many critics of the Nation's war on poverty have delighted in pointing up problems in the organization of this massive new Federal program. It is refreshing to read of the successes of the war, such as a recent article about the new Operation Head. Start 1n the Commercial Appeal of Memphis. Under unanimous ...",
46,GPO,GPO-CRECB-1965-pt28,,"Volume 111, Part 28 (June 1, 1965 to October 22, 1965)","111 Cong. Rec. (Bound) - Volume 111, Part 28 (June 1, 1965 to October 22, 1965)","Congressional Record (Bound Edition). Friday, October 22, 1965.",https://www.govinfo.gov/app/details/GPO-CRECB-1965-pt28,https://www.govinfo.gov/content/pkg/GPO-CRECB-1965-pt28/pdf/GPO-CRECB-1965-pt28.pdf,,,,,", April 28, 1966 Mr. KASTENMEIER. Mr. Speaker, our colleague the Honorable HERBERT TE:r.""ZER, from the Fifth District of New York, recently appeared as a featured speaker in a symposium on the law of the artist held at Fordham University Law School 1n New York on Aprtl 26, 1966. His address, entitled ""A Congressman Looks at Copyright Law ...",
47,GPO,GPO-CRECB-1965-pt20,,"Volume 111, Part 20 (October 8, 1965 to October 20, 1965)","111 Cong. Rec. (Bound) - Volume 111, Part 20 (October 8, 1965 to October 20, 1965)","Congressional Record (Bound Edition). Wednesday, October 20, 1965.",https://www.govinfo.gov/app/details/GPO-CRECB-1965-pt20,https://www.govinfo.gov/content/pkg/GPO-CRECB-1965-pt20/pdf/GPO-CRECB-1965-pt20.pdf,,,,,"20, 1965 (PAGES 26379 TO 27800) UNITED STATES GOVERNMENT PRINTING OFFICE, WASHINGTON, 1965 , ·•. -t b (, -~ \,! - • · 1 . t t' .. ,'· r· 1, -,.·r I,. { ... ·~ ,/.;. United States of America C!ong'rcSsional Record PROCEEDINGS AND DEBATES OF THE 8 9th CONGRESS, FIRST SESSION HOUSE OF REPRESENTATIVES FRIDAY, OCTOBER 8, 1965 The House met at 12 ...",
48,GPO,GPO-CRECB-1965-pt19,,"Volume 111, Part 19 (September 24, 1965 to October 7, 1965)","111 Cong. Rec. (Bound) - Volume 111, Part 19 (September 24, 1965 to October 7, 1965)","Congressional Record (Bound Edition). Thursday, October 7, 1965.",https://www.govinfo.gov/app/details/GPO-CRECB-1965-pt19,https://www.govinfo.gov/content/pkg/GPO-CRECB-1965-pt19/pdf/GPO-CRECB-1965-pt19.pdf,,,,,"7, 1965 (PAGES 25023 TO 26378) UNITED STATES GOVERNMENT PRINTING OFFICE, WASHINGTON, 1965 \ ,.. L . ~- f. (''1. ·~ r' \ .L ('I ,·J'I • ~ Z: r If United States of America <rongrcssional1Rccord PROCEEDINGS AND DEBATES OF THE 89th CONGRESS, FIRST SESSION HOUSE OF REPRESENTATIVES FRIDAY, SEPTEMBER 24, 196~ The House met at 11 o'clock a.m. The ...",
49,GPO,GPO-CRECB-1965-pt18,,"Volume 111, Part 18 (September 14, 1965 to September 23, 1965)","111 Cong. Rec. (Bound) - Volume 111, Part 18 (September 14, 1965 to September 23, 1965)","Congressional Record (Bound Edition). Thursday, September 23, 1965.",https://www.govinfo.gov/app/details/GPO-CRECB-1965-pt18,https://www.govinfo.gov/content/pkg/GPO-CRECB-1965-pt18/pdf/GPO-CRECB-1965-pt18.pdf,,,,,"TO SEPTEMBER 23, 1965 (PAGES 23627 TO 25022) UNITED STATES GOVERNMENT PRINTING OFFICE, WASHINGTON, 1965 .. , ' ( United States of America <tongrrssional1Rrrord PROCEEDINGS AND DEBATES OF THE 89th . CONG~ESS, FIRST SESSION HOUSE OF REPRESENTATIVES TUESDAY, SEPTEMBER 14, 1965 The House met at 12 o'clock noon. The Chaplain, Rev. Bernard Braskamp, D.D....",
50,GPO,GPO-CRECB-1965-pt17,,"Volume 111, Part 17 (August 31, 1965 to September 13, 1965)","111 Cong. Rec. (Bound) - Volume 111, Part 17 (August 31, 1965 to September 13, 1965)","Congressional Record (Bound Edition). Monday, September 13, 1965.",https://www.govinfo.gov/app/details/GPO-CRECB-1965-pt17,https://www.govinfo.gov/content/pkg/GPO-CRECB-1965-pt17/pdf/GPO-CRECB-1965-pt17.pdf,,,,,"13, 1965 (PAGES 22279 TO 23626) UNITED STATES GOVERNMENT PRINTING ·oFFICE, WASHINGTON, 1965 """"· . J I ' ' {; - . United States of America <tongressional1R.ecord PROCEEDINGS AND DEBATES OF THE 89th CONGRESS, FIRST SESSION: SENATE TuESDAY, AUGUST 31, 1965 (Legislative day of Monday, August 30, 1965) The Senate met at 12 o'clock meridian, on the ...",
51,GPO,GPO-CRECB-1965-pt16,,"Volume 111, Part 16 (August 19, 1965 to August 30, 1965)","111 Cong. Rec. (Bound) - Volume 111, Part 16 (August 19, 1965 to August 30, 1965)","Congressional Record (Bound Edition). Monday, August 30, 1965.",https://www.govinfo.gov/app/details/GPO-CRECB-1965-pt16,https://www.govinfo.gov/content/pkg/GPO-CRECB-1965-pt16/pdf/GPO-CRECB-1965-pt16.pdf,,,,,"30, 1965 (PAGES 20995 TO 22278) UNITED STATES GOVERNMENT PRINTING OFFICE, WASHINGTON, 1965 -- United States of America <rongrrssional Record PROCEEDINGS AND DEBATES OF ,THE 89th CONGRESS, FIRST SESSION HOUSE OF REPRESENTATIVES THURSDAY, AUGUST 19, 1965 The House met at 12 o'clock noon. Rabbi Louis Eliezer Wolfish, Northeast Jewish Center, ...",
52,GPO,GPO-CRECB-1965-pt15,,"Volume 111, Part 15 (August 10, 1965 to August 18, 1965)","111 Cong. Rec. (Bound) - Volume 111, Part 15 (August 10, 1965 to August 18, 1965)","Congressional Record (Bound Edition). Wednesday, August 18, 1965.",https://www.govinfo.gov/app/details/GPO-CRECB-1965-pt15,https://www.govinfo.gov/content/pkg/GPO-CRECB-1965-pt15/pdf/GPO-CRECB-1965-pt15.pdf,,,,,"18, 1965 (PAGES 19743 TO 20994) UNITED STATES GOVERNMENT PRINTING OFFICE, WASHINGTON, 1965 .. ·\ ~.I ' • '. .l' .. t United States of America <iongrrssional llrcord PROCEE.DINGS AND DEBATES OF THE 89th CONGRESS, FIRST SESSION SENATE TUESDAY, AUGUST 10, 1965 The Senate met at 12 o'clock meridian, and was called to order by the Acting President...",
53,GPO,GPO-CRECB-1965-pt14,,"Volume 111, Part 14 (July 28, 1965 to August 9, 1965)","111 Cong. Rec. (Bound) - Volume 111, Part 14 (July 28, 1965 to August 9, 1965)","Congressional Record (Bound Edition). Monday, August 9, 1965.",https://www.govinfo.gov/app/details/GPO-CRECB-1965-pt14,https://www.govinfo.gov/content/pkg/GPO-CRECB-1965-pt14/pdf/GPO-CRECB-1965-pt14.pdf,,,,,"9, 1965 (PAGES 18497 TO 19742) UNITED STATES GOVERNMENT PRINTING OFFICE, WASHINGTON, 1965 1 c- { "" . i. - - ·. United States of America ' PROCEEDINGS AND DEBATJ::S -OF WEDNESDAY, JULY 28, 1965 <Legislative day of TUesday, July 27, 1965) The Senate met at 12 o'clock merid- ian, on the expiration of the recess, and was called to order by the Vice ...",
54,GPO,GPO-CRECB-1965-pt13,,"Volume 111, Part 13 (July 19, 1965 to July 27, 1965)","111 Cong. Rec. (Bound) - Volume 111, Part 13 (July 19, 1965 to July 27, 1965)","Congressional Record (Bound Edition). Tuesday, July 27, 1965.",https://www.govinfo.gov/app/details/GPO-CRECB-1965-pt13,https://www.govinfo.gov/content/pkg/GPO-CRECB-1965-pt13/pdf/GPO-CRECB-1965-pt13.pdf,,,,,"27, 1965 (PAGES 17175 TO 18496) UNITED STATES GOVERNMENT PRINTING OFFICE, WASHINGTON, 1965 .· '. "" . ( ; . (~.J""' ,.~.(J~-.l:· United States of America ctongrcssional1Rccord 8 th PROCEEDINGS AND DEBATES OF THE 9 CONGRESS, FIRST SESSION HOUSE OF REPRESENTATIVES MoNDAY, JuLY 19, 1965 The House met at 12 o'clock noon. The Chaplain, Rev. Bernard ...",
55,GPO,GPO-CRECB-1965-pt12,,"Volume 111, Part 12 (July 7, 1965 to July 16, 1965)","111 Cong. Rec. (Bound) - Volume 111, Part 12 (July 7, 1965 to July 16, 1965)","Congressional Record (Bound Edition). Friday, July 16, 1965.",https://www.govinfo.gov/app/details/GPO-CRECB-1965-pt12,https://www.govinfo.gov/content/pkg/GPO-CRECB-1965-pt12/pdf/GPO-CRECB-1965-pt12.pdf,,,,,"16, 1965 (PAGES 15705 TO 17174) UNITED STATES GOVERNMENT PRINTING OFFICE, WASHINGTON, 1965 United States of America <rongrcssional Rrrord PROCEEDINGS AND DEBATES OF THE 89th CONGRESS, FIRST SESSION HOUSE OF REPRESENTATIVES WEDNESDAY, JULY 7, 196~ The House met at 12 o'clock noon. The Chaplain, Rev. Bernard Braskamp, D.D., preceded his prayer with...",
56,GPO,GPO-CRECB-1965-pt11,,"Volume 111, Part 11 (June 22, 1965 to July 6, 1965)","111 Cong. Rec. (Bound) - Volume 111, Part 11 (June 22, 1965 to July 6, 1965)","Congressional Record (Bound Edition). Tuesday, July 6, 1965.",https://www.govinfo.gov/app/details/GPO-CRECB-1965-pt11,https://www.govinfo.gov/content/pkg/GPO-CRECB-1965-pt11/pdf/GPO-CRECB-1965-pt11.pdf,,,,,", 1965 (PAGES 14307 TO 15704) UNITED STATES GOVERNMENT PRINTING OFFICE, WASHINGTON, 1965 I ... ..~ r ) ''• "" ·- United States of America Q:ongrrssional Record PROCEEDINGS AND DEBATES OF THE 89th CONGRESS, FIRST SESSION SENATE TuESDAY, JuNE 22, 1965 The Senate met at 12 o'clock meridian, and was called to order by the Vice President. The Chaplain, ...",
57,GPO,GPO-CRECB-1965-pt10,,"Volume 111, Part 10 (June 9, 1965 to June 21, 1965)","111 Cong. Rec. (Bound) - Volume 111, Part 10 (June 9, 1965 to June 21, 1965)","Congressional Record (Bound Edition). Monday, June 21, 1965.",https://www.govinfo.gov/app/details/GPO-CRECB-1965-pt10,https://www.govinfo.gov/content/pkg/GPO-CRECB-1965-pt10/pdf/GPO-CRECB-1965-pt10.pdf,,,,,"JUNE 21, 1965 (PAGES 12895 TO 14306) UNITED STATES GOVERNMENT PRINTING OFFICE, WASHINGTON, 1965 United States of America <iongrrssional Record PROCEEDINGS AND DEBATES OF THE 89th CONGRESS, FIRST SESSION HOUSE OF REPRESENTATIVES WEDNESDAY, JUNE 9, 1965 The House met at 11 o'clock a.m. The Chaplain, Rev. Bernard Braskamp, D.D., used this verse of the...",
58,GPO,GPO-CRECB-1965-pt9,,"Volume 111, Part 9 (May 25, 1965 to June 8, 1965)","111 Cong. Rec. (Bound) - Volume 111, Part 9 (May 25, 1965 to June 8, 1965)","Congressional Record (Bound Edition). Tuesday, June 8, 1965.",https://www.govinfo.gov/app/details/GPO-CRECB-1965-pt9,https://www.govinfo.gov/content/pkg/GPO-CRECB-1965-pt9/pdf/GPO-CRECB-1965-pt9.pdf,,,,,,
59,GPO,GPO-CRECB-1965-pt8,,"Volume 111, Part 8 (May 11, 1965 to May 24, 1965)","111 Cong. Rec. (Bound) - Volume 111, Part 8 (May 11, 1965 to May 24, 1965)","Congressional Record (Bound Edition). Monday, May 24, 1965.",https://www.govinfo.gov/app/details/GPO-CRECB-1965-pt8,https://www.govinfo.gov/content/pkg/GPO-CRECB-1965-pt8/pdf/GPO-CRECB-1965-pt8.pdf,,,,,", 1965 (PAGES 10073 TO 11452) UNITED STATES GOVER~MENT PRINTING OFFICE, WASHINGTON, 1965 \. l \""JI""...,,, f .. ~ t. , 'l '._; "" )' ''J • ·~ f'"" I >!""° r • . '!.. { . ' (', l, f ... t\ \ , . {I • \ I I I 1 1 United States of America Q:ongrcssional Record PROCEEDINGS AND DEBATES OF THE 89th CONGRESS, FIRST SESSION SENATE TUESDAY, MAY 11, 1965 (...",
60,GPO,GPO-CRECB-1965-pt7,,"Volume 111, Part 7 (April 28, 1965 to May 10, 1965)","111 Cong. Rec. (Bound) - Volume 111, Part 7 (April 28, 1965 to May 10, 1965)","Congressional Record (Bound Edition). Monday, May 10, 1965.",https://www.govinfo.gov/app/details/GPO-CRECB-1965-pt7,https://www.govinfo.gov/content/pkg/GPO-CRECB-1965-pt7/pdf/GPO-CRECB-1965-pt7.pdf,,,,,"10, 1965 (PAGES 8647 TO 10072) UNITED STATES GOVERNMENT PRINTING OFFICE, WASHINGTON, 1965 United States of America <!ongrcssional Record PROCEEDINGS AND DEBATES OF THE 89th CONGRESS, FIRST SESSION HOUSE OF REPRESENTATIVES WEDNESDAY, APRIL 28, 1965 The House met at 12 o'clock noon. The Chaplain, Rev. Bernard Braskamp, D.D., used these words of the ...",
61,GPO,GPO-CRECB-1965-pt6,,"Volume 111, Part 6 (April 7, 1965 to April 27, 1965)","111 Cong. Rec. (Bound) - Volume 111, Part 6 (April 7, 1965 to April 27, 1965)","Congressional Record (Bound Edition). Tuesday, April 27, 1965.",https://www.govinfo.gov/app/details/GPO-CRECB-1965-pt6,https://www.govinfo.gov/content/pkg/GPO-CRECB-1965-pt6/pdf/GPO-CRECB-1965-pt6.pdf,,,,,"27, 1965 (PAGES 7201 TO 8646) UNITED STATES GOVERNMENT PRINTING OFFICE, WASHINGTON, 1965 'r . , ., r/1' 0, :-':1 . .. • •.) ..- t 'I' ~ , - - 'Ii:,.."" I.A.;'!_ . . .. -~ .... i United States · of America · HOUSE OF REPRESENTATIVES 1 WEDNESDAY, APRIL 7, .1965 The House met at 12 o'clock noon. The Chaplain, Rev. Bernard Braskamp, D.D., used this ...",
62,GPO,GPO-CRECB-1965-pt5,,"Volume 111, Part 5 (March 24, 1965 to April 6, 1965)","111 Cong. Rec. (Bound) - Volume 111, Part 5 (March 24, 1965 to April 6, 1965)","Congressional Record (Bound Edition). Tuesday, April 6, 1965.",https://www.govinfo.gov/app/details/GPO-CRECB-1965-pt5,https://www.govinfo.gov/content/pkg/GPO-CRECB-1965-pt5/pdf/GPO-CRECB-1965-pt5.pdf,,,,,"6, 1965 (PAGES 5727 TO 7200) UNITED STATES GOVERNMENT PRINTING OFFICE, WASHINGTON, 1965 . ,, ,, ··.s •• t.. 'I United States of America PROCEEDINGS AND DEBATES OF THE HOUSE OF REPRESENTATIVES ""\VEDNESDAY,l\1ARCH24, 1965 The House met at 12 o'clock noon. The Chaplain, Rev. Bernard Braskamp, D.D., used this word of prophetic vision from ...",
63,GPO,GPO-CRECB-1965-pt4,,"Volume 111, Part 4 (March 5, 1965 to March 23, 1965)","111 Cong. Rec. (Bound) - Volume 111, Part 4 (March 5, 1965 to March 23, 1965)","Congressional Record (Bound Edition). Tuesday, March 23, 1965.",https://www.govinfo.gov/app/details/GPO-CRECB-1965-pt4,https://www.govinfo.gov/content/pkg/GPO-CRECB-1965-pt4/pdf/GPO-CRECB-1965-pt4.pdf,,,,,"23, 1965 (PAGES 4247 TO 5726) UNITED STATES GOVERNMENT PRINTING OFFICE, WASHINGTON, 1965 . United States of America HOUSE OF REPRESENTATIVES . FRIDAY, MARCH 5, 1965 The Chaplain, Rev. Bernard Braskamp, D.D., used these penitential words of the psalmist: Create in me a clean heart, O God, and renew a righi spirit within me. · Let us pray. Almighty ...",
64,GPO,GPO-CRECB-1965-pt3,,"Volume 111, Part 3 (February 17, 1965 to March 4, 1965)","111 Cong. Rec. (Bound) - Volume 111, Part 3 (February 17, 1965 to March 4, 1965)","Congressional Record (Bound Edition). Thursday, March 4, 1965.",https://www.govinfo.gov/app/details/GPO-CRECB-1965-pt3,https://www.govinfo.gov/content/pkg/GPO-CRECB-1965-pt3/pdf/GPO-CRECB-1965-pt3.pdf,,,,,"4, 1965 (PAGES 2771 TO 4246) UNITED STATES GOVERNMENT PRINTING OFFICE, WASHINGTON, 1965 / United States of America Q:ongtcssion!l Rccori1- PROCEEDINGS AND DEBATES OF THE 89 CONGRESS, FIRST SESSION SENATE WEDNESDAY, FEBRUARY 17, 1965 The Senate met at 12 o'clock meridian, and was called to order by Hon. DANIEL K. INOUYE, a Senator from the State...",
65,GPO,GPO-CRECB-1965-pt2,,"Volume 111, Part 2 (January 28, 1965 to February 16, 1965)","111 Cong. Rec. (Bound) - Volume 111, Part 2 (January 28, 1965 to February 16, 1965)","Congressional Record (Bound Edition). Tuesday, February 16, 1965.",https://www.govinfo.gov/app/details/GPO-CRECB-1965-pt2,https://www.govinfo.gov/content/pkg/GPO-CRECB-1965-pt2/pdf/GPO-CRECB-1965-pt2.pdf,,,,,"16, 1965 (PAGES 1427 TO 2770) UNITED STATES GOVERNMENT PRINTING OFFICE, WASHIN<;TTON, 1965 .' United States · of America (iongrrsstonal Record PROCEEDINGS AND DEBATES OF THE 89th CONGRESS, FIRST SESSION HOUSE OF REPRESENTATIVES THURSDAY, JAN UARY 28, 1965 The House met at 12 o'clock noon. The Chaplain, Rev. Bernard Braskamp, D.D., quoted the ...",
66,GPO,GPO-CRECB-1965-pt1,,"Volume 111, Part 1 (January 4, 1965 to January 27, 1965)","111 Cong. Rec. (Bound) - Volume 111, Part 1 (January 4, 1965 to January 27, 1965)","Congressional Record (Bound Edition). Wednesday, January 27, 1965.",https://www.govinfo.gov/app/details/GPO-CRECB-1965-pt1,https://www.govinfo.gov/content/pkg/GPO-CRECB-1965-pt1/pdf/GPO-CRECB-1965-pt1.pdf,,,,,"JANUARY 27, 1965 (PAGES 1 TO 1426) UNITED STATES GOVERNMENT ~RINTING OFFICE, WASHINGTON, 196S . . United States of America <iongrcssional Record · PROCEEDINGS AND DEBATES OF THE 89th CO.NGRESS, FIRST SESSION SENATE MONDAY, JANUARY 4, 1965 The 4th of January being the day pre- out which our . boasted democracy is a bruised and broken reed. We ask it...",