index,collectionCode,packageId,granuleId,title,line1,line2,detailsLink,pdfLink,htmlLink,xmlLink,otherLink1,otherLink2,teaser,historical
1,GPO,GPO-CRECB-1976-pt29,,"Volume 122, Part 29 (January 19, 1976 to October 1, 1976)","122 Cong. Rec. (Bound) - Volume 122, Part 29 (January 19, 1976 to October 1, 1976)","Congressional Record (Bound Edition). Friday, October 1, 1976.",https://www.govinfo.gov/app/details/GPO-CRECB-1976-pt29,https://www.govinfo.gov/content/pkg/GPO-CRECB-1976-pt29/pdf/GPO-CRECB-1976-pt29.pdf,,,,,"0FFICE, WASHINGTON,. 1976 I Daily Digest !tf.onday, January 19, 1976 Senate Chamber Action Routine Proceedings, pages 1-114 Bills Introduced: Eight bills and four resolutions were introduced, as follows: S. 2841-2848; S. Res. 344-346; and S. Con. Res. 85. Pages 2, 52, 139-140 Bill Reported: H.J. Res. 4o6, authorizing presentation by the United ...",
2,GPO,GPO-CRECB-1976-pt27,,"Volume 122, Part 27 (October 1, 1976 to October 1, 1976)","122 Cong. Rec. (Bound) - Volume 122, Part 27 (October 1, 1976 to October 1, 1976)","Congressional Record (Bound Edition). Friday, October 1, 1976.",https://www.govinfo.gov/app/details/GPO-CRECB-1976-pt27,https://www.govinfo.gov/content/pkg/GPO-CRECB-1976-pt27/pdf/GPO-CRECB-1976-pt27.pdf,,,,,"1, 1976 (PAGES 34373 TO 35832) UNITED STATES GOVERNMENT PRINTING OFFICE, WASHINGTON, 1976 .. ,~., - ! United States of America Q: ngrrss ~ onal Rrc rd PROCEEDINGS AND DEBATES OF THE 94th CONGRESS, SECOND SESSION SENATE-Friday, October 1, 1976 <Legislative day of Thursday, September 30, 1976) The Senate met at 9 a.m., on the Mr. HUGH SCOTT ...",
3,GPO,GPO-CRECB-1976-pt28,,"Volume 122, Part 28 (January 19, 1976 to October 1, 1976)","122 Cong. Rec. (Bound) - Volume 122, Part 28 (January 19, 1976 to October 1, 1976)","Congressional Record (Bound Edition). Friday, October 1, 1976.",https://www.govinfo.gov/app/details/GPO-CRECB-1976-pt28,https://www.govinfo.gov/content/pkg/GPO-CRECB-1976-pt28/pdf/GPO-CRECB-1976-pt28.pdf,,,,,"TO OCTOBER 1, 1976 UNITED STATES GOVERNMENT PRINTING OFFICE, WASHINGTON, 1976 COi\IPILED UNDER THE DIRECTION OF THE JOINT COMMITTEE ON PRINTING FRANK THOMPSON, JR., Representative from New Jersey, Chairman HOWARD W. CANNON, Senator from Nevada, Vice Chairman JOHN BRADEMAS, Representative from Indiana WILLIAM L. DICKINSON, Representative from ...",
4,GPO,GPO-CRECB-1976-pt26,,"Volume 122, Part 26 (September 29, 1976 to September 30, 1976)","122 Cong. Rec. (Bound) - Volume 122, Part 26 (September 29, 1976 to September 30, 1976)","Congressional Record (Bound Edition). Thursday, September 30, 1976.",https://www.govinfo.gov/app/details/GPO-CRECB-1976-pt26,https://www.govinfo.gov/content/pkg/GPO-CRECB-1976-pt26/pdf/GPO-CRECB-1976-pt26.pdf,,,,,"SEPTEMBER 30, 1976 (PAGES 33229 TO 34372) AUGI - UNITED STATES GOVERNMENT PRINTING .OFFICE, WASHINGTON, 1976 United States of America ~ ngrcss~ nat Record PROCEEDINGS AND DEBATES OF THE 94th CONGRESS, SECOND SESSION SENATE-Wednesday, September 29, 1976 (Legislative day of Friday, September 24,1976) The Senate met at 8: 15 a.m., on the expiration of...",
5,GPO,GPO-CRECB-1976-pt25,,"Volume 122, Part 25 (September 22, 1976 to September 28, 1976)","122 Cong. Rec. (Bound) - Volume 122, Part 25 (September 22, 1976 to September 28, 1976)","Congressional Record (Bound Edition). Tuesday, September 28, 1976.",https://www.govinfo.gov/app/details/GPO-CRECB-1976-pt25,https://www.govinfo.gov/content/pkg/GPO-CRECB-1976-pt25/pdf/GPO-CRECB-1976-pt25.pdf,,,,,"SEPTEMBER 28, 1976 (PAGES 31751 TO 33228) ._·. UNITED STATES GOVERNMENT PRINTING OFFICE, WASHINGTON, 1976 .A:liHffl~A qo ·, United States of America <iongrcssional1Rccord . 94~ PROCEEDINGS AND DEBATES OF THE CONGRESS, SECOND SESSION SENATE-Wednesday, September 22, 1976 The Senate met at 9:30 a.m. and was called to order by Hon. SAM NuNN, a Sen- ...",
6,GPO,GPO-CRECB-1976-pt24,,"Volume 122, Part 24 (September 15, 1976 to September 21, 1976)","122 Cong. Rec. (Bound) - Volume 122, Part 24 (September 15, 1976 to September 21, 1976)","Congressional Record (Bound Edition). Tuesday, September 21, 1976.",https://www.govinfo.gov/app/details/GPO-CRECB-1976-pt24,https://www.govinfo.gov/content/pkg/GPO-CRECB-1976-pt24/pdf/GPO-CRECB-1976-pt24.pdf,,,,,"TO SEPTEMBER 21, 1976 (PAGES 30361 TO 31750) UNITED STATES GOVERNMENT PRINTING OFFICE, WASHINGTON, 1976 United States of America <iongrcssio1lal Record PROCEEDINGS AND DEBATES OF THE 94th CONGRESS, SECOND SESSION SENATE-Wednesday,September 15, 1976 The Senate met at 9: 30 a.m. and was ' called to order by the President pro tem- pore (Mr. EASTLAND)...",
7,GPO,GPO-CRECB-1976-pt23,,"Volume 122, Part 23 (September 2, 1976 to September 14, 1976)","122 Cong. Rec. (Bound) - Volume 122, Part 23 (September 2, 1976 to September 14, 1976)","Congressional Record (Bound Edition). Tuesday, September 14, 1976.",https://www.govinfo.gov/app/details/GPO-CRECB-1976-pt23,https://www.govinfo.gov/content/pkg/GPO-CRECB-1976-pt23/pdf/GPO-CRECB-1976-pt23.pdf,,,,,"2, 1976 TO SEPTEMBER 14, 1976 (PAGES 28935 TO 30360) UNITED STATES GOVERNMENT PRINTING OFFICE, WASHINGTON, 1976 United States of America Q:ongrcssional. Record . 94th . PROCEEDINGS AND DEBATES OF THE CONGRESS,. SECOND SESSION HOUSE OF REPRESENTATIVES-Thursday, September 2, 1976 The House met at 12 o'clock noon. Rev. Charles A. Mallon, St. ...",
8,GPO,GPO-CRECB-1976-pt22,,"Volume 122, Part 22 (August 25, 1976 to September 1, 1976)","122 Cong. Rec. (Bound) - Volume 122, Part 22 (August 25, 1976 to September 1, 1976)","Congressional Record (Bound Edition). Wednesday, September 1, 1976.",https://www.govinfo.gov/app/details/GPO-CRECB-1976-pt22,https://www.govinfo.gov/content/pkg/GPO-CRECB-1976-pt22/pdf/GPO-CRECB-1976-pt22.pdf,,,,,"27581 TO 28934) UNITED STATES GOVERNMENT PRINTING OFFICE, WASHINGTON, 1976 United States of America <tong css ~ nat Record PROCEEDINGS AND DEBATES OF THE 94th CONGRESS, SECOND SESSION SENATE-Wednesday August 25, 1976 The Senate met at 11 a.m. and was called to order by Hon. DALE BUlllPERS, a Senator f.rom the State of Arkansas. PRAYER The ...",
9,GPO,GPO-CRECB-1976-pt21,,"Volume 122, Part 21 (August 6, 1976 to August 24, 1976)","122 Cong. Rec. (Bound) - Volume 122, Part 21 (August 6, 1976 to August 24, 1976)","Congressional Record (Bound Edition). Tuesday, August 24, 1976.",https://www.govinfo.gov/app/details/GPO-CRECB-1976-pt21,https://www.govinfo.gov/content/pkg/GPO-CRECB-1976-pt21/pdf/GPO-CRECB-1976-pt21.pdf,,,,,"TO AUGUST 24, 1976 ......_ <==> (PAGES 26091 TO 27580) UNITED STATES GOVERNMENT PRINTING OFFICE, WASHINGTON1 197(i United States of America <tongrcssional Record PROCEEDINGS AND DEBATES OF THE 94th CONGRESS, SECOND SESSION SENATE~Friday, August 6, 1976 The Senate met at 9 a.m. and was called to order by Hon. JOHN GLENN, a Senator from the State ...",
10,GPO,GPO-CRECB-1976-pt20,,"Volume 122, Part 20 (July 30, 1976 to August 5, 1976)","122 Cong. Rec. (Bound) - Volume 122, Part 20 (July 30, 1976 to August 5, 1976)","Congressional Record (Bound Edition). Thursday, August 5, 1976.",https://www.govinfo.gov/app/details/GPO-CRECB-1976-pt20,https://www.govinfo.gov/content/pkg/GPO-CRECB-1976-pt20/pdf/GPO-CRECB-1976-pt20.pdf,,,,,"5, 1976 (PAGES 24621 TO 26090) UNITED STATES GOVERNMENT PRINTING OFFICE, WASHINGTON, 1976 - United States of America <iongrcssional Record PROCEEDINGS AND DEBATES OF THE 94th CONGRESS, SECOND SESSION SENATE-Friday, July 30, 1976 The Senate met at 9 a.m. and was the Journal of the proceedings of Thurs- called to order by Hon. JOHN GLENN, a day,...",
11,GPO,GPO-CRECB-1976-pt19,,"Volume 122, Part 19 (July 22, 1976 to July 29, 1976)","122 Cong. Rec. (Bound) - Volume 122, Part 19 (July 22, 1976 to July 29, 1976)","Congressional Record (Bound Edition). Thursday, July 29, 1976.",https://www.govinfo.gov/app/details/GPO-CRECB-1976-pt19,https://www.govinfo.gov/content/pkg/GPO-CRECB-1976-pt19/pdf/GPO-CRECB-1976-pt19.pdf,,,,,"29, 1976 (PAGES 23277 TO 24620) UNITED STATES GOVERNMENT PRINTING OFFICE, WASHINGTON, 1976 . /"" United States of America <rongr(ssion~l R(cord PROCEEDINGS AND DEBATES OF THE 94 CONGRESS, SECOND SESSION SENATE-Thursday, July 22, 1976 The Senate met at 9:30 a.m. and was called to order by Hon. PATRICK J. LEAHY, a Senator from the State of Vermont...",
12,GPO,GPO-CRECB-1976-pt18,,"Volume 122, Part 18 (July 1, 1976 to July 21, 1976)","122 Cong. Rec. (Bound) - Volume 122, Part 18 (July 1, 1976 to July 21, 1976)","Congressional Record (Bound Edition). Wednesday, July 21, 1976.",https://www.govinfo.gov/app/details/GPO-CRECB-1976-pt18,https://www.govinfo.gov/content/pkg/GPO-CRECB-1976-pt18/pdf/GPO-CRECB-1976-pt18.pdf,,,,,", 1976 (PAGES 21785 TO 23276) UNITED STATES GOVERNMENT PRINTING OFFICE, WASHINGTON, 1976 L ) United States of America Q:ongrcssional Record 4th PROCEEDINGS AND DEBATES OF THE 9 CONGRESS, SECOND SESSION HOUSE OF REPRESE.NTATIVE,S-Thursday, July 1, 1976 The House met at 10 o'clock a.m. Rev. Charles A. Trentham, First Bap- tist Church, Washington, ...",
13,GPO,GPO-CRECB-1976-pt17,,"Volume 122, Part 17 (June 25, 1976 to June 30, 1976)","122 Cong. Rec. (Bound) - Volume 122, Part 17 (June 25, 1976 to June 30, 1976)","Congressional Record (Bound Edition). Wednesday, June 30, 1976.",https://www.govinfo.gov/app/details/GPO-CRECB-1976-pt17,https://www.govinfo.gov/content/pkg/GPO-CRECB-1976-pt17/pdf/GPO-CRECB-1976-pt17.pdf,,,,,"30, 1976 (PAGES 20507 TO 21784) UNITED STATES GOVERNMENT PRINTING OFFICE, WASHINGTON, 1976 United States of America (tongrcssional Record PROCEEDINGS AND DEBATES OF THE 94th CONGRESS, SECOND SESSION HOUSE OF REPRESENTATIVES-Friday, June 25, 1976 The House met at 10 o'clock a.m. Rev. Daniel P. Reilly, D.D., bishop, Roman Catholic Diocese, Norwich,...",
14,GPO,GPO-CRECB-1976-pt16,,"Volume 122, Part 16 (June 18, 1976 to June 24, 1976)","122 Cong. Rec. (Bound) - Volume 122, Part 16 (June 18, 1976 to June 24, 1976)","Congressional Record (Bound Edition). Thursday, June 24, 1976.",https://www.govinfo.gov/app/details/GPO-CRECB-1976-pt16,https://www.govinfo.gov/content/pkg/GPO-CRECB-1976-pt16/pdf/GPO-CRECB-1976-pt16.pdf,,,,,"VOLUME 122-PART 16 JUNE 18, 1976 TO JUNE 24, 1976 (PAGES 19067 TO 20506) UNITED STATES GOVERNMENT PRINTING OFFICE, WASHINGTON, 1976 United States of America Q:.ongrrssional Rrrord PROCEEDINGS AND DEBATES OF THE 94th CONGRESS, SECOND SESSION SENATE-Friday, June 18, 1976 The Senate met at 9 a.m. and was the Journal of the proceedings of Thurs- ...",
15,GPO,GPO-CRECB-1976-pt15,,"Volume 122, Part 15 (June 14, 1976 to June 17, 1976)","122 Cong. Rec. (Bound) - Volume 122, Part 15 (June 14, 1976 to June 17, 1976)","Congressional Record (Bound Edition). Thursday, June 17, 1976.",https://www.govinfo.gov/app/details/GPO-CRECB-1976-pt15,https://www.govinfo.gov/content/pkg/GPO-CRECB-1976-pt15/pdf/GPO-CRECB-1976-pt15.pdf,,,,,"17, 1976 · (PAGES 17841 TO 19066) UNITED STATES GOVERNMENT PRINTING OFFICE, WASHINGTON, 1976 United States of America <rong css~ nat ccord PROCEEDINGS AND DEBATES OF TIE 94th CONGRESS, SECOND SESSION HOUSE OF REPRESENTATIVES-Monday, June 14, 1976 The House met at 10:00 o'clock a.m. The Chaplain, Reverend Edward G. Latch, D.D., offered the ...",
16,GPO,GPO-CRECB-1976-pt14,,"Volume 122, Part 14 (June 4, 1976 to June 11, 1976)","122 Cong. Rec. (Bound) - Volume 122, Part 14 (June 4, 1976 to June 11, 1976)","Congressional Record (Bound Edition). Friday, June 11, 1976.",https://www.govinfo.gov/app/details/GPO-CRECB-1976-pt14,https://www.govinfo.gov/content/pkg/GPO-CRECB-1976-pt14/pdf/GPO-CRECB-1976-pt14.pdf,,,,,"11, 1976 (PAGES 16633 TO 17840) UNITED STATES GOVERNMENT PRINTING OFFICE, WASHINGTON, 197, United States of America <rongrcssional Record 4th PROCEEDINGS AND DEBATES OF THE 9 CONGRESS, SECOND SESSION HOUSE OF REPRESENTATIVES-Friday, June 4, 1976 The House met at 12 o'clock noon. The Chaplain, Rev. Edward G. Latch, D.D., offered the following ...",
17,GPO,GPO-CRECB-1976-pt13,,"Volume 122, Part 13 (May 25, 1976 to June 3, 1976)","122 Cong. Rec. (Bound) - Volume 122, Part 13 (May 25, 1976 to June 3, 1976)","Congressional Record (Bound Edition). Thursday, June 3, 1976.",https://www.govinfo.gov/app/details/GPO-CRECB-1976-pt13,https://www.govinfo.gov/content/pkg/GPO-CRECB-1976-pt13/pdf/GPO-CRECB-1976-pt13.pdf,,,,,"15251 TO 16632) UNITED STATES GOVERNMENT PRINTING OFFICE, WASHINGTON, 1976 United States of America <Long rss~o a 1Rrrord PROCEEDINGS AND DEBATES OF THE 94th CONGRESS, SECOND SESSION SENATE-Tuesday, May 25, 1976 The Senate met at 10 a.m. and was called to order by Bon. PATRICK J. LEAHY, a Senator from the State of Vermont. PRAYER The Chaplain, ...",
18,GPO,GPO-CRECB-1976-pt12,,"Volume 122, Part 12 (May 17, 1976 to May 24, 1976)","122 Cong. Rec. (Bound) - Volume 122, Part 12 (May 17, 1976 to May 24, 1976)","Congressional Record (Bound Edition). Monday, May 24, 1976.",https://www.govinfo.gov/app/details/GPO-CRECB-1976-pt12,https://www.govinfo.gov/content/pkg/GPO-CRECB-1976-pt12/pdf/GPO-CRECB-1976-pt12.pdf,,,,,"24, 1976 (PAGES 14041 TO 15250) UNITED STATES GOVERNMENT PRINTING OFFIO~ WASHINGTON, 1976 United States of America <tongr(ssional R(cord PROCEEDINGS AND DEBATES OF THE 94th CONGRESS, SECOND SESSION HOUSE OF REPRE·SENTATIVES-Monday, May 17, 1976 The House met at 12 o'clock noon. The Chaplain, Rev. Edward G. Latch, D.D., offered the following prayer:...",
19,GPO,GPO-CRECB-1976-pt11,,"Volume 122, Part 11 (May 6, 1976 to May 13, 1976)","122 Cong. Rec. (Bound) - Volume 122, Part 11 (May 6, 1976 to May 13, 1976)","Congressional Record (Bound Edition). Thursday, May 13, 1976.",https://www.govinfo.gov/app/details/GPO-CRECB-1976-pt11,https://www.govinfo.gov/content/pkg/GPO-CRECB-1976-pt11/pdf/GPO-CRECB-1976-pt11.pdf,,,,,"6, 1976 TO MAY 13, 1976 (PAGES 12741 TO 14040) UNITED STATES GOVERNMENT PRINTING OFFICE, WASHINGTON, 1976 "". I United States of America <!ongrtssional Rtcord PROCEEDINGS AND DEBATES OF THE 94th CONGRESS, SECOND SESSION SE'NATE-Thursday, May 6, 1976 The senate met at 12 noon and was called to order by the President pro tem- pore (Mr. EASTLAND). ...",
20,GPO,GPO-CRECB-1976-pt10,,"Volume 122, Part 10 (April 28, 1976 to May 5, 1976)","122 Cong. Rec. (Bound) - Volume 122, Part 10 (April 28, 1976 to May 5, 1976)","Congressional Record (Bound Edition). Wednesday, May 5, 1976.",https://www.govinfo.gov/app/details/GPO-CRECB-1976-pt10,https://www.govinfo.gov/content/pkg/GPO-CRECB-1976-pt10/pdf/GPO-CRECB-1976-pt10.pdf,,,,,"(PAGES 11495 TO 12740) UNITED STATES GOVERNMENT PRINTING OFFICE, WASHINGTON, 1976 United States of America Q:ongrcssional Record PROCEEDINGS AND DEBATES OF THE 94th CONGRESS, SECOND SESSION SENATE-Wednesday, April 28, 1976 The Senate met at 12 o'clock noon and \vas call~d to order by Hon. JoHN C. CUL- VER , a Senator from the State of Iowa. PRAYER ...",
21,GPO,GPO-CRECB-1976-pt9,,"Volume 122, Part 9 (April 9, 1976 to April 27, 1976)","122 Cong. Rec. (Bound) - Volume 122, Part 9 (April 9, 1976 to April 27, 1976)","Congressional Record (Bound Edition). Tuesday, April 27, 1976.",https://www.govinfo.gov/app/details/GPO-CRECB-1976-pt9,https://www.govinfo.gov/content/pkg/GPO-CRECB-1976-pt9/pdf/GPO-CRECB-1976-pt9.pdf,,,,,"27, 1976 (PAGES 10207 TO 11494) UNITED STATES GOVERNMENT PRINTING OFFIC:Ei WASHINGTON1 1976 United States of America €ongr:cssional 1R(cord PROCEEDINGS AND DEBATES OF THE 94th CONGRESS, SECOND SESSION HOUSE OF REPRESENTATIVES-Friday, April 9, 1976 The House met at 10 o'clock a.m. The Chaplain, Rev. Edward G. Latch, D.D., offered the following ...",
22,GPO,GPO-CRECB-1976-pt8,,"Volume 122, Part 8 (April 1, 1976 to April 8, 1976)","122 Cong. Rec. (Bound) - Volume 122, Part 8 (April 1, 1976 to April 8, 1976)","Congressional Record (Bound Edition). Thursday, April 8, 1976.",https://www.govinfo.gov/app/details/GPO-CRECB-1976-pt8,https://www.govinfo.gov/content/pkg/GPO-CRECB-1976-pt8/pdf/GPO-CRECB-1976-pt8.pdf,,,,,"122-PART 8 APRIL 1, 1976 TO APRIL 8, 1976 (PAGES 8957 TO 10206) UNITED STATES GOVERNMENT PRINTING OFFICE, WASHINGTON, 1976 United States of America (tongrrssional Rr cord 4th PROCEEDINGS AND DEBATES OF THE 9 CONGRESS, SECOND SESSION SENATE-Thursday, April 1, 1976 The Senate met at 12 o'clock meridian and was called to order by Hon. GARY HART, a...",
23,GPO,GPO-CRECB-1976-pt7,,"Volume 122, Part 7 (March 24, 1976 to March 31, 1976)","122 Cong. Rec. (Bound) - Volume 122, Part 7 (March 24, 1976 to March 31, 1976)","Congressional Record (Bound Edition). Wednesday, March 31, 1976.",https://www.govinfo.gov/app/details/GPO-CRECB-1976-pt7,https://www.govinfo.gov/content/pkg/GPO-CRECB-1976-pt7/pdf/GPO-CRECB-1976-pt7.pdf,,,,,"24, 1976 TO MARCH 31, 1976 (PAGES 7767 TO 8956) UNITED STATES GOVERNMENT PRINTING OFFIGE1 WASHINGTON1 1976 I United States of America <iongrrssional Rrcord PROCEEDINGS AND DEBATES OF THE 94th CONGRESS, SECOND SESSION H·OUSE OF REPRESENTATIVES-Wednesday, March 24, 1976 The House met at 12 o'clock noon. The Chaplain, Rev. Edward G. Latch, D.D., ...",
24,GPO,GPO-CRECB-1976-pt6,,"Volume 122, Part 6 (March 15, 1976 to March 23, 1976)","122 Cong. Rec. (Bound) - Volume 122, Part 6 (March 15, 1976 to March 23, 1976)","Congressional Record (Bound Edition). Tuesday, March 23, 1976.",https://www.govinfo.gov/app/details/GPO-CRECB-1976-pt6,https://www.govinfo.gov/content/pkg/GPO-CRECB-1976-pt6/pdf/GPO-CRECB-1976-pt6.pdf,,,,,"6397 TO 7766 J U1~ITED STATES GOVER ME T PRINTING OFfiCE, WASHINGT01, 1976 . ·~ . ·• ... .: ·.·. United States of America Q:ongrcssional Record PROCEEDINGS AND DEBATES OF THE 94th CONGRESS, SECOND SESSIOr .,. HOUSE OF REPRESENTATIVES- Monday, March 15, 1976 The House met at 12 o'clock noon. Rev. James L. Duley, Aldersgate United Methodist Church, ...",
25,GPO,GPO-CRECB-1976-pt5,,"Volume 122, Part 5 (March 3, 1976 to March 11, 1976)","122 Cong. Rec. (Bound) - Volume 122, Part 5 (March 3, 1976 to March 11, 1976)","Congressional Record (Bound Edition). Thursday, March 11, 1976.",https://www.govinfo.gov/app/details/GPO-CRECB-1976-pt5,https://www.govinfo.gov/content/pkg/GPO-CRECB-1976-pt5/pdf/GPO-CRECB-1976-pt5.pdf,,,,,"\1ARCH 3: 1976 TO ~!ARCH 11: 1976 ' P_-\GES 5083 TO 6396 UNITED STATES GOVERNMENT PRINTING OFFICE, WASHINGTON, 1976 \ United States of America (iongrcssional Record PROCEEDINGS AND DEBATES OF THE 94th CONGRESS, SECOND SESSION SENATE-Wednesday, March 3, 1976 The Senate met at 12 meridian and was called to order by the Vice President. PRAYER The ...",
26,GPO,GPO-CRECB-1976-pt4,,"Volume 122, Part 4 (February 19, 1976 to March 2, 1976)","122 Cong. Rec. (Bound) - Volume 122, Part 4 (February 19, 1976 to March 2, 1976)","Congressional Record (Bound Edition). Tuesday, March 2, 1976.",https://www.govinfo.gov/app/details/GPO-CRECB-1976-pt4,https://www.govinfo.gov/content/pkg/GPO-CRECB-1976-pt4/pdf/GPO-CRECB-1976-pt4.pdf,,,,,"2, 1976 (PAGES 3715 TO 5082) UNITED STATES GOVERNMENT PRINTING OFFICE, WASHINGTON'- 1976 .·. United States of America <tongrcssional Record PROCEEDINGS AND DEBATES OF THE 94th CONGRESS, SECOND SESSION SENATE-Thursday, February 19, 1976 The Senate met at 10 a.m. and was called to order by Hon. JESSE HELMS, a Senator from the State of North Caro...",
27,GPO,GPO-CRECB-1976-pt3,,"Volume 122, Part 3 (February 5, 1976 to February 18, 1976)","122 Cong. Rec. (Bound) - Volume 122, Part 3 (February 5, 1976 to February 18, 1976)","Congressional Record (Bound Edition). Wednesday, February 18, 1976.",https://www.govinfo.gov/app/details/GPO-CRECB-1976-pt3,https://www.govinfo.gov/content/pkg/GPO-CRECB-1976-pt3/pdf/GPO-CRECB-1976-pt3.pdf,,,,,"TO FEBRUARY 18, 1976 (PAGES 2463 TO 3714) UNITED STATES GOVERNMENT PRINTING OFFICE,, WASHINGTON1 1976 United States of America Q:ongrcssion~l -Rccord PROCEEDINGS AND DEBATES OF THE 94t CONGRESS, SECOND SESSION SENATE-Thursday, February 5, 1976 The Senate met at 9 a.m. and was called to order by the Acting President pro tempore <Mr. METCALF). ...",
28,GPO,GPO-CRECB-1976-pt2,,"Volume 122, Part 2 (January 28, 1976 to February 4, 1976)","122 Cong. Rec. (Bound) - Volume 122, Part 2 (January 28, 1976 to February 4, 1976)","Congressional Record (Bound Edition). Wednesday, February 4, 1976.",https://www.govinfo.gov/app/details/GPO-CRECB-1976-pt2,https://www.govinfo.gov/content/pkg/GPO-CRECB-1976-pt2/pdf/GPO-CRECB-1976-pt2.pdf,,,,,"JANUARY 28, 1976 TO FEBRUARY 4, 1976 (PAGES 1235 TO 2462) UNITED STATES GOVERNMENT PRINTING OFFICE, WASHINGTON, 1976 United States of America <tongrcssional Record PROCEEDINGS AND DEBATES OF THE 94th CONGRESS, SECOND SESSION SENATE-Wednesday, January 28, 1976 The Senate met at 9:30a.m. and was called to order by Hon. DEWEY F. BART- LETT, a Senator ...",
29,GPO,GPO-CRECB-1976-pt1,,"Volume 122, Part 1 (January 19, 1976 to January 27, 1976)","122 Cong. Rec. (Bound) - Volume 122, Part 1 (January 19, 1976 to January 27, 1976)","Congressional Record (Bound Edition). Tuesday, January 27, 1976.",https://www.govinfo.gov/app/details/GPO-CRECB-1976-pt1,https://www.govinfo.gov/content/pkg/GPO-CRECB-1976-pt1/pdf/GPO-CRECB-1976-pt1.pdf,,,,,"19, 1976 TO JANUARY 27, 1976 (PAGES 1 TO 1234) UNITED STATES GOVERNMENT PRINTING OFFICE, WASHINGTON, 1976 United States of America Q:ongrcssiona Record PROCEEDINGS AND DEBATES OF THE 94th CONGRESS, SECOND SESSION SENATE-Monday, January 19, 1976 The 19th day of January being the day prescribed by House Joint Resolu- tion 749, as amended, for the...",
30,GPO,GPO-CRECB-1975-pt34,,"Volume 121, Part 34 (January 14, 1975 to December 19, 1975)","121 Cong. Rec. (Bound) - Volume 121, Part 34 (January 14, 1975 to December 19, 1975)","Congressional Record (Bound Edition). Friday, December 19, 1975.",https://www.govinfo.gov/app/details/GPO-CRECB-1975-pt34,https://www.govinfo.gov/content/pkg/GPO-CRECB-1975-pt34/pdf/GPO-CRECB-1975-pt34.pdf,,,,,"PRINTING OFFICE, WASHINGTON, 1975 Daily Digest Tuesday, January 14, 1975 Senate Chamber Action Routine Proceedings, pages 3-15 Bills Introduced: Four resolutions were submitted today, S. Res. I-4· Pages 11-12 Measures Passed: . ]oint session: Senate took from desk and agreed to H. Con. Res. I, providing for a joint session of the Congress at I ...",
31,GPO,GPO-CRECB-1975-pt33,,"Volume 121, Part 33 (January 14, 1975 to December 19, 1975)","121 Cong. Rec. (Bound) - Volume 121, Part 33 (January 14, 1975 to December 19, 1975)","Congressional Record (Bound Edition). Friday, December 19, 1975.",https://www.govinfo.gov/app/details/GPO-CRECB-1975-pt33,https://www.govinfo.gov/content/pkg/GPO-CRECB-1975-pt33/pdf/GPO-CRECB-1975-pt33.pdf,,,,,"1975 TO DECEMBER 19, 1975 UNITED STATES GOVERNMENT PRINTING OFFICE, WASHINGTON, 1975 COMPILED UNDER THE DIRECTION OF THE JOINT COMMITTEE ON PRINTING How ARD W. CANNON, Senator from Nevada, Chairman WAYNE L. HAYS, Representative from Ohio, Vice Chairman JAMES B. ALLEN, Senator from Alabama MARK o. HATFIELD, Senator from Oregon JOHN BRADEMAS, ...",
32,GPO,GPO-CRECB-1975-pt32,,"Volume 121, Part 32 (December 17, 1975 to December 19, 1975)","121 Cong. Rec. (Bound) - Volume 121, Part 32 (December 17, 1975 to December 19, 1975)","Congressional Record (Bound Edition). Friday, December 19, 1975.",https://www.govinfo.gov/app/details/GPO-CRECB-1975-pt32,https://www.govinfo.gov/content/pkg/GPO-CRECB-1975-pt32/pdf/GPO-CRECB-1975-pt32.pdf,,,,,"121-PART 32 DECEMBER 17, 1975 TO DECEMBER 19, 1975 (PAGES 41103 TO 42450) UNITED STATES GOVERNMENT PRINTING OFFICE, WASHINGTON, 1975 . ~ . United States of America Q:ongrrssional1Rrcord PRO€EEDINGS AND DEBATES OF THE 94th CONGRESS, FIRST SESSION SENATE-Wednesday, December 17, 1975 (Legislative day of Monday, December 15,1975> The Senate met ...",
33,GPO,GPO-CRECB-1975-pt31,,"Volume 121, Part 31 (December 11, 1975 to December 16, 1975)","121 Cong. Rec. (Bound) - Volume 121, Part 31 (December 11, 1975 to December 16, 1975)","Congressional Record (Bound Edition). Tuesday, December 16, 1975.",https://www.govinfo.gov/app/details/GPO-CRECB-1975-pt31,https://www.govinfo.gov/content/pkg/GPO-CRECB-1975-pt31/pdf/GPO-CRECB-1975-pt31.pdf,,,,,"16, 1975 (PAGES 39861 TO 41102) UNITED STATES GOVERNMENT PRINTING OFFICE, WASHINGTON, 1975 United States of America ttongrcssional Record PROCEEDINGS Ar D DEBATES OF THE 94th CONGRESS, FIRST SESSION SENATE-Thursday, December 11, 1975 The Senate met at 10 a.m. and was Wednesday, December 10, 1975, be dis- called to order by Hon. RICHARD ...",
34,GPO,GPO-CRECB-1975-pt30,,"Volume 121, Part 30 (December 4, 1975 to December 10, 1975)","121 Cong. Rec. (Bound) - Volume 121, Part 30 (December 4, 1975 to December 10, 1975)","Congressional Record (Bound Edition). Wednesday, December 10, 1975.",https://www.govinfo.gov/app/details/GPO-CRECB-1975-pt30,https://www.govinfo.gov/content/pkg/GPO-CRECB-1975-pt30/pdf/GPO-CRECB-1975-pt30.pdf,,,,,"16, 1975 (PAGES 38439 TO 39860) UNITED STATES GOVERNMENT PRINTING OFFICE, WASHINGTON, 1975 United States of America <Longrrssional 1lrcor.d PROCEEDINGS AND DEBATES OF THE 94th CONGRESS, FIRST SESSION SENATE-Thursday, December 4, 1975 <Legislative day of Tuesday, December 2, 1975) The Senate met at 9 a.m., on the ex- piration of the recess, ...",
35,GPO,GPO-CRECB-1975-pt29,,"Volume 121, Part 29 (November 18, 1975 to December 3, 1975)","121 Cong. Rec. (Bound) - Volume 121, Part 29 (November 18, 1975 to December 3, 1975)","Congressional Record (Bound Edition). Wednesday, December 3, 1975.",https://www.govinfo.gov/app/details/GPO-CRECB-1975-pt29,https://www.govinfo.gov/content/pkg/GPO-CRECB-1975-pt29/pdf/GPO-CRECB-1975-pt29.pdf,,,,,"3, 1975 (PAGES 37009 TO 38438) UNITED STATES GOVERNMENT PRINTING OFFICE~ WASHINGTON, 197S United States of America <rongrcssional Record PROCEEDINGS AND DEBATES OF THE 94th 60NGRESS, FIRST SESSION HOUSE OF REPRESENTATIVES-Tuesday, November 18, 1975 The House met at 12 o'clock noon. Father Philip P. Shannon, St. Philip Neri Church, Bronx, ...",
36,GPO,GPO-CRECB-1975-pt28,,"Volume 121, Part 28 (November 11, 1975 to November 17, 1975)","121 Cong. Rec. (Bound) - Volume 121, Part 28 (November 11, 1975 to November 17, 1975)","Congressional Record (Bound Edition). Monday, November 17, 1975.",https://www.govinfo.gov/app/details/GPO-CRECB-1975-pt28,https://www.govinfo.gov/content/pkg/GPO-CRECB-1975-pt28/pdf/GPO-CRECB-1975-pt28.pdf,,,,,"NOVEMBER 17, 1975 (PAGES 35773 TO 37008) UNITED STATES GOVERNMENT PRINTING OFFICE, WASHINGTON, 1975 . . United States of America <tongrcssional1Rccord PROCEEDINGS AND DEBATES OF THE 94th CONGRESS, FIRST SESSION SENATE-Tuesday, November 11, 1975 The Senate met at 12 meridian and was called to order by Hon. WENDELL H. FoRD, a Senator from the State ...",
37,GPO,GPO-CRECB-1975-pt27,,"Volume 121, Part 27 (October 30, 1975 to November 10, 1975)","121 Cong. Rec. (Bound) - Volume 121, Part 27 (October 30, 1975 to November 10, 1975)","Congressional Record (Bound Edition). Monday, November 10, 1975.",https://www.govinfo.gov/app/details/GPO-CRECB-1975-pt27,https://www.govinfo.gov/content/pkg/GPO-CRECB-1975-pt27/pdf/GPO-CRECB-1975-pt27.pdf,,,,,":MBER 10, 1975 (PAGES 34345 TO 35772) UNITED STATES GOVERNMENT PRINTING OFFICE, WASHINGTON, 1975 / United States of America <iongrcssional Record PROCEEDINGS AND DEBATES OF THE 94th GONGRESS, FIRST SESSION SENATE-Thursday, October 30, 1975 The Senate met at 9 a.m. and was called to order by Hon. PATRICK J. LEAHY' a Senator from the State of ...",
38,GPO,GPO-CRECB-1975-pt26,,"Volume 121, Part 26 (October 20, 1975 to October 29, 1975)","121 Cong. Rec. (Bound) - Volume 121, Part 26 (October 20, 1975 to October 29, 1975)","Congressional Record (Bound Edition). Wednesday, October 29, 1975.",https://www.govinfo.gov/app/details/GPO-CRECB-1975-pt26,https://www.govinfo.gov/content/pkg/GPO-CRECB-1975-pt26/pdf/GPO-CRECB-1975-pt26.pdf,,,,,"TO 34344) UNITED STATES GOVERNMENT PRINTING OFFICE, WASHINGTON, 197S United States of America <tongrcssional1Rcrord PROCEpDINGS AND. DEBATE·S OF THE 94th CONGRESS, FIRST SESSION HOUSE OF REPRESENTATIVES-Monday, October 20, 1975 The House met at 12 o'clock noon. The Chaplain, Rev. Edward G. Latch, D.D., offered the following prayer: Pray without...",
39,GPO,GPO-CRECB-1975-pt25,,"Volume 121, Part 25 (October 6, 1975 to October 9, 1975)","121 Cong. Rec. (Bound) - Volume 121, Part 25 (October 6, 1975 to October 9, 1975)","Congressional Record (Bound Edition). Thursday, October 9, 1975.",https://www.govinfo.gov/app/details/GPO-CRECB-1975-pt25,https://www.govinfo.gov/content/pkg/GPO-CRECB-1975-pt25/pdf/GPO-CRECB-1975-pt25.pdf,,,,,"6, 1975 TO OCTOBER 9, 1975 (PAGES 31761 TO 32984) UNITED STATES GOVERNMENT PRINTING OFFICE, WASHINGTON, 1975 United States of America <tongrrssional Rrrord PROC::E'EDINGS AND DEBATES OF THE 94th €0NGRESS, FIRST SESSION SENATE-Monday, October 6, 1975 <Legislative day of Thursday, September 11, 1975) The Senate met at 12 noon, on the expiration of ...",
40,GPO,GPO-CRECB-1975-pt24,,"Volume 121, Part 24 (September 26, 1975 to October 3, 1975)","121 Cong. Rec. (Bound) - Volume 121, Part 24 (September 26, 1975 to October 3, 1975)","Congressional Record (Bound Edition). Friday, October 3, 1975.",https://www.govinfo.gov/app/details/GPO-CRECB-1975-pt24,https://www.govinfo.gov/content/pkg/GPO-CRECB-1975-pt24/pdf/GPO-CRECB-1975-pt24.pdf,,,,,"TO OCTOBER 3, 1975 (PAGES 30397 TO 31760) UNITED STATES GOVERNMENT PRINTING OFFICE, WASHINGTON, 1975 United States of America <Longrcssional Record PROCEEDINGS AND DEBATES OF THE 94th GONGRESS"" FIRST SESSION HOUSE OF REPRESENTATIVES-Friday, September 26, 1975 The House met at 10 o'clock a.m. The Chaplain, Rev. Edward G. Latch, D.D., offered the ...",
41,GPO,GPO-CRECB-1975-pt23,,"Volume 121, Part 23 (September 18, 1975 to September 25, 1975)","121 Cong. Rec. (Bound) - Volume 121, Part 23 (September 18, 1975 to September 25, 1975)","Congressional Record (Bound Edition). Thursday, September 25, 1975.",https://www.govinfo.gov/app/details/GPO-CRECB-1975-pt23,https://www.govinfo.gov/content/pkg/GPO-CRECB-1975-pt23/pdf/GPO-CRECB-1975-pt23.pdf,,,,,"25, 1975 (PAGES 29197 TO 30396) UNITED STATES GOVERNMENT PRINTING OFFICE, WASHINGTON, 1975 United States of America <iongrrssionai1Rrcord PROeEEDINGS AND DEBATES OF THE 94th @ONGRESS, FIRST SESSION SENATE-Thursday, September 18, 1975 <Legislative day ot Thursday, September 11,1975> The Senate met at 9:30 a.m., on the expim'tion of the ...",
42,GPO,GPO-CRECB-1975-pt22,,"Volume 121, Part 22 (September 9, 1975 to September 17, 1975)","121 Cong. Rec. (Bound) - Volume 121, Part 22 (September 9, 1975 to September 17, 1975)","Congressional Record (Bound Edition). Wednesday, September 17, 1975.",https://www.govinfo.gov/app/details/GPO-CRECB-1975-pt22,https://www.govinfo.gov/content/pkg/GPO-CRECB-1975-pt22/pdf/GPO-CRECB-1975-pt22.pdf,,,,,"9, 1975 TO SEPTEMBER 17. 1975 (PAGES 27995 TO 29196) UNITED STATES GOVERNMENT PRINTING OFFICE, WASHINGTON, 197S United States of America Q:ongrcssional Record PROCEEDINGS AND DEBATES OF THE 94th CONGRESSi1 FIRST SESSION HOUSE OF REPRESENTATIVES-Tuesday, September 9, 1975 The House met at 12 o'clock noon. Father William J. O'Brien, S·t. Jude the ...",
43,GPO,GPO-CRECB-1975-pt21,,"Volume 121, Part 21 (August 1, 1975 to September 8, 1975)","121 Cong. Rec. (Bound) - Volume 121, Part 21 (August 1, 1975 to September 8, 1975)","Congressional Record (Bound Edition). Monday, September 8, 1975.",https://www.govinfo.gov/app/details/GPO-CRECB-1975-pt21,https://www.govinfo.gov/content/pkg/GPO-CRECB-1975-pt21/pdf/GPO-CRECB-1975-pt21.pdf,,,,,"TO SEPTEMBER 8, 1975 (PAGES 26645 TO 27994) UNITED ST ATES GOVERNMENT PRINTING OFFICE, WASHINGTON, 197 S .. . , :r· United StRtes of America <iongrrssional llrcord PROCEEDINGS AND DEBATES OF THE 94th CONGRESS, FIRST SESSION SENATE-Friday, August 1, 1975 The Senu.te met at 9 a.m., on the ex- piration of the recess, and was called to order by Hon. ...",
44,GPO,GPO-CRECB-1975-pt20,,"Volume 121, Part 20 (July 28, 1975 to July 31, 1975)","121 Cong. Rec. (Bound) - Volume 121, Part 20 (July 28, 1975 to July 31, 1975)","Congressional Record (Bound Edition). Thursday, July 31, 1975.",https://www.govinfo.gov/app/details/GPO-CRECB-1975-pt20,https://www.govinfo.gov/content/pkg/GPO-CRECB-1975-pt20/pdf/GPO-CRECB-1975-pt20.pdf,,,,,"31, 1975 (PAGES 25195 TO 26644) ...0 . ) _. ·7 United States of America (tongressional Record PROCEEDINGS . . AND DEBATES OF THE 94th CONGRESS, FIRST SESSION HOUSE OF REPRESENTATIVES.-Monday, July 28, 1975 The House met at 10 o'clock a.m. The Chaplain, Rev. Edward G. Latch, D.O., offered the following prayer: Thou. shalt do that which is right and ...",
45,GPO,GPO-CRECB-1975-pt19,,"Volume 121, Part 19 (July 22, 1975 to July 26, 1975)","121 Cong. Rec. (Bound) - Volume 121, Part 19 (July 22, 1975 to July 26, 1975)","Congressional Record (Bound Edition). Saturday, July 26, 1975.",https://www.govinfo.gov/app/details/GPO-CRECB-1975-pt19,https://www.govinfo.gov/content/pkg/GPO-CRECB-1975-pt19/pdf/GPO-CRECB-1975-pt19.pdf,,,,,"26, 1975 (PAGES 23935 TO 25194) UNITED STATES GOVERNMENT PRINTING OFFICE, WASHINGTON'- 197S United States of America <iongrcssional· Record· PRO€EEDINGS AND DEBATES OF THE 94th €0NGRESS, FIRST SESSION HOUSE OF REPRESENTATIVES-Tuesday, July 22, 1975 The House met at 10 o'clock a.m. Father Robert Piatkowski, St. Aloysius Church, Newark, N.J., ...",
46,GPO,GPO-CRECB-1975-pt18,,"Volume 121, Part 18 (July 15, 1975 to July 21, 1975)","121 Cong. Rec. (Bound) - Volume 121, Part 18 (July 15, 1975 to July 21, 1975)","Congressional Record (Bound Edition). Monday, July 21, 1975.",https://www.govinfo.gov/app/details/GPO-CRECB-1975-pt18,https://www.govinfo.gov/content/pkg/GPO-CRECB-1975-pt18/pdf/GPO-CRECB-1975-pt18.pdf,,,,,"21, 1975 (PAGES 22731 TO 23934) UNITED STATES GOVERNMENT PRINTING OFFICE, WASHINGTON, 197S j 1 United States of America <tongrcssional Record PROCEEDINGS AND. DEBATES OF THE 94th CONGRESS, FIRST SESSION HOUSE OF REPRESENTATIVES-Tuesday, July 15, 1975 The House met at 12 o'clock noon. Rev. Tom Thompson, minister, Park- way Cumberland Presbyterian ...",
47,GPO,GPO-CRECB-1975-pt17,,"Volume 121, Part 17 (July 8, 1975 to July 14, 1975)","121 Cong. Rec. (Bound) - Volume 121, Part 17 (July 8, 1975 to July 14, 1975)","Congressional Record (Bound Edition). Monday, July 14, 1975.",https://www.govinfo.gov/app/details/GPO-CRECB-1975-pt17,https://www.govinfo.gov/content/pkg/GPO-CRECB-1975-pt17/pdf/GPO-CRECB-1975-pt17.pdf,,,,,"JULY 14, 1975 (PAGES 21411 TO 22730) UNITED STATES GOVERNMENT PRINTING OFFICE, WASHINGTON, 1975 ·united States of America <tongrcssional Record PROCEEDINGS AND DEBATES OF THE 94th GONGRESS, FIRST SESSION SENATE-Tuesday, July 8, 1975 The Senate met at 11 a.m., on the ex- piration of the recess, and was called to order by Hon. ROBERT MORGAN, a ...",
48,GPO,GPO-CRECB-1975-pt16,,"Volume 121, Part 16 (June 21, 1975 to July 7, 1975)","121 Cong. Rec. (Bound) - Volume 121, Part 16 (June 21, 1975 to July 7, 1975)","Congressional Record (Bound Edition). Monday, July 7, 1975.",https://www.govinfo.gov/app/details/GPO-CRECB-1975-pt16,https://www.govinfo.gov/content/pkg/GPO-CRECB-1975-pt16/pdf/GPO-CRECB-1975-pt16.pdf,,,,,"met at 9 a.m., on the ex- piration of the recess, and was called to order by Hon. RICHARD STONE, a Senator from the State of Florida. PRAYER The Chaplain, the Reverend Edward L. R. Elson, D.D., offered the following prayer: Almighty God, holy and just, by whom the meek are guided in judgment, rule over this body for the welfare of the United States...",
49,GPO,GPO-CRECB-1975-pt15,,"Volume 121, Part 15 (June 16, 1975 to June 20, 1975)","121 Cong. Rec. (Bound) - Volume 121, Part 15 (June 16, 1975 to June 20, 1975)","Congressional Record (Bound Edition). Friday, June 20, 1975.",https://www.govinfo.gov/app/details/GPO-CRECB-1975-pt15,https://www.govinfo.gov/content/pkg/GPO-CRECB-1975-pt15/pdf/GPO-CRECB-1975-pt15.pdf,,,,,"20, 1975 (PAGES 18945 TO 20188) UNITED STATES GOVERNMENT PRINTING OFFICE, WASHINGTON, 1975 United States of America ~ong rssi na Rrcord PROCEEDINGS AND DEBATES OF THE 94th CONGRESS'- FIRST SESSION SENATE-Monday, June 16, 1975 The Senate met at 12 noon, on the ex- piration of the recess, and was called to order by Hon. J. BENNETT JOHNSTON, a Senator...",
50,GPO,GPO-CRECB-1975-pt14,,"Volume 121, Part 14 (June 6, 1975 to June 13, 1975)","121 Cong. Rec. (Bound) - Volume 121, Part 14 (June 6, 1975 to June 13, 1975)","Congressional Record (Bound Edition). Friday, June 13, 1975.",https://www.govinfo.gov/app/details/GPO-CRECB-1975-pt14,https://www.govinfo.gov/content/pkg/GPO-CRECB-1975-pt14/pdf/GPO-CRECB-1975-pt14.pdf,,,,,"13, 1975 (PAGES 17481 TO 18944) UNITED STATES GOVERNMENT PRINTING OFFICE, WASHINGTON, 1975 United States of America <iongrcssional Record PRO€EEDINGS AND D~BATES OF THE 94th eoNGRESS, FIRST SESSION HOUSE OF REPRESENTATIVES-Friday, June 6, 1975 The House met at 12 o'clock noon. The Chaplain, Rev. Edward 0. Latch, D.D., offered the following ...",
51,GPO,GPO-CRECB-1975-pt13,,"Volume 121, Part 13 (June 2, 1975 to June 5, 1975)","121 Cong. Rec. (Bound) - Volume 121, Part 13 (June 2, 1975 to June 5, 1975)","Congressional Record (Bound Edition). Thursday, June 5, 1975.",https://www.govinfo.gov/app/details/GPO-CRECB-1975-pt13,https://www.govinfo.gov/content/pkg/GPO-CRECB-1975-pt13/pdf/GPO-CRECB-1975-pt13.pdf,,,,,"5, 1975 (PAGES 16237 TO 17480) UNITED STATES GOVERNMENT PRINTING OFFICE, WASHINGTON, 1975 United States of America Q:ongrcssional Record PROCEEDINGS AND DEBATES OF THE 94th CONGRESS, FIRST SESSION HOUSE OF REPRESENTATIVES-Monday, June 2, 1975 The House met at 12 o'clock noon. The Chaplain, Rev. Edward G. Latch, D.D., offered the following prayer:...",
52,GPO,GPO-CRECB-1975-pt12,,"Volume 121, Part 12 (May 16, 1975 to May 22, 1975)","121 Cong. Rec. (Bound) - Volume 121, Part 12 (May 16, 1975 to May 22, 1975)","Congressional Record (Bound Edition). Thursday, May 22, 1975.",https://www.govinfo.gov/app/details/GPO-CRECB-1975-pt12,https://www.govinfo.gov/content/pkg/GPO-CRECB-1975-pt12/pdf/GPO-CRECB-1975-pt12.pdf,,,,,"14763 TO 16236) UNITED STATES GOVERNMENT PRINTING OFFICE, WASHINGTON, 1975 United St~tes of America <tongrcssional Record PROCEEDINGS AND DEBATES OF THE 94th CONGRESS, FIRST SESSION SENATE-Friday, May 16, 1975 The Senate met at 9: 45 a.m., on the expiration of the recess, and was called to order by Hon. RICHARD STONE, a Sen- ator from the State of...",
53,GPO,GPO-CRECB-1975-pt11,,"Volume 121, Part 11 (May 7, 1975 to May 15, 1975)","121 Cong. Rec. (Bound) - Volume 121, Part 11 (May 7, 1975 to May 15, 1975)","Congressional Record (Bound Edition). Thursday, May 15, 1975.",https://www.govinfo.gov/app/details/GPO-CRECB-1975-pt11,https://www.govinfo.gov/content/pkg/GPO-CRECB-1975-pt11/pdf/GPO-CRECB-1975-pt11.pdf,,,,,"1975 (PAGES 13281 TO 14762) UNITED STATES GOVERNMENT PRINTING OFFICE, WASHINGTON, 197 5 ' United States of America (tong essional Record PROCEEDINGS AND DEBATES OF THE 94th CONGRESS, FIRST SESSION SENATE-Wednesday, May 7, 1975 The Senate met at 11 a.m., on the expiration of the recess, and was called to order by Hon. DALE BUM:PERS, a Sen- ator from...",
54,GPO,GPO-CRECB-1975-pt10,,"Volume 121, Part 10 (April 25, 1975 to May 6, 1975)","121 Cong. Rec. (Bound) - Volume 121, Part 10 (April 25, 1975 to May 6, 1975)","Congressional Record (Bound Edition). Tuesday, May 6, 1975.",https://www.govinfo.gov/app/details/GPO-CRECB-1975-pt10,https://www.govinfo.gov/content/pkg/GPO-CRECB-1975-pt10/pdf/GPO-CRECB-1975-pt10.pdf,,,,,"!Y 6, 1975 (PAGES 11883 TO 13280) UNITED STATES GOVERNMENT PRINTING OFFICE, WASHINGTON, 197 5 United States of America <tongrcssional Record PROCEEDINGS . . AND DEBATES OF THE 94th CONGRESS, FIRST SESSION SENATEr-Friday, April 25, 1975 The Senate met at 12 noon, on the may be authorized to meet during the expiration of the recess, and was called . ...",
55,GPO,GPO-CRECB-1975-pt9,,"Volume 121, Part 9 (April 17, 1975 to April 24, 1975)","121 Cong. Rec. (Bound) - Volume 121, Part 9 (April 17, 1975 to April 24, 1975)","Congressional Record (Bound Edition). Thursday, April 24, 1975.",https://www.govinfo.gov/app/details/GPO-CRECB-1975-pt9,https://www.govinfo.gov/content/pkg/GPO-CRECB-1975-pt9/pdf/GPO-CRECB-1975-pt9.pdf,,,,,"24, 1975 (PAGES 10457 TO 11882) UNITED STATES GOVERNMENT PRINTING OFFICE, WASHINGTON, 197S , ', -~ I \ United States of America <tongrrssional llrcord PROCEEDINGS AND. DEBATES OF THE 94th CONGRESS, FIRST SESSION HOUSE OF REPRESENTATIVES-Thursday, April 17, 1975 The House met at 12 o'clock noon. The Chaplain, Rev. Edward G. Latch, D.D., offered ...",
56,GPO,GPO-CRECB-1975-pt8,,"Volume 121, Part 8 (April 8, 1975 to April 16, 1975)","121 Cong. Rec. (Bound) - Volume 121, Part 8 (April 8, 1975 to April 16, 1975)","Congressional Record (Bound Edition). Wednesday, April 16, 1975.",https://www.govinfo.gov/app/details/GPO-CRECB-1975-pt8,https://www.govinfo.gov/content/pkg/GPO-CRECB-1975-pt8/pdf/GPO-CRECB-1975-pt8.pdf,,,,,", 1975 (PAGES 9201 TO 10456) UNITED STATES GOVERNMENT PRINTING OFFICE, WASHINGTON, 1975 ,v <tongrcssionat Record U;i~e~~~s PROCEEDINGS AND DEBATES OF THE 94th CONGRESS, FIRST SESSION HOUSE OF REPRESENTATIVES-Tuesday, April 8, 1975 The House met at 12 o'clock noon. Rabbi Morris M. Shapiro, Jewish Center, Huntington Station, Long Island, N.Y., ...",
57,GPO,GPO-CRECB-1975-pt7,,"Volume 121, Part 7 (March 21, 1975 to April 7, 1975)","121 Cong. Rec. (Bound) - Volume 121, Part 7 (March 21, 1975 to April 7, 1975)","Congressional Record (Bound Edition). Monday, April 7, 1975.",https://www.govinfo.gov/app/details/GPO-CRECB-1975-pt7,https://www.govinfo.gov/content/pkg/GPO-CRECB-1975-pt7/pdf/GPO-CRECB-1975-pt7.pdf,,,,,"TO 9200) UNITED STATES GOVERNMENT PRINTING OFFICE, WASHINGTON, 1975 United-States of America ngrcss~ al1Rcco d PROCEEDINGS AND DEBATES OF THE 94th CONGRESS, FIRST SESSION HOUSE OF REPRESENTATIVES-Friday, 11larch 21, 1975 The House met at 12 o'clock noon. The Chaplain, Rev. Edward G. Latch, D.D., offered the following prayer: In God. we live and ...",
58,GPO,GPO-CRECB-1975-pt6,,"Volume 121, Part 6 (March 14, 1975 to March 20, 1975)","121 Cong. Rec. (Bound) - Volume 121, Part 6 (March 14, 1975 to March 20, 1975)","Congressional Record (Bound Edition). Thursday, March 20, 1975.",https://www.govinfo.gov/app/details/GPO-CRECB-1975-pt6,https://www.govinfo.gov/content/pkg/GPO-CRECB-1975-pt6/pdf/GPO-CRECB-1975-pt6.pdf,,,,,"20, 1975 (PAGES 6675 TO 7920) UNITED STATES GOVERNMENT PRINTING OFFICE, WASHINGTON, 197 5 United States of America <!ongrcssionai1Rccord PROCEEDINGS AND DEBATES OF THE 94th CONGRESS, FIRST SESSION HOUSE OF REPRESENTATIVES-Friday, March 14, 1975 The House met at 12 o'clock noon. The Chaplain, Rev. Edward G. Latch, D.D., offered the following prayer:...",
59,GPO,GPO-CRECB-1975-pt5,,"Volume 121, Part 5 (March 5, 1975 to March 13, 1975)","121 Cong. Rec. (Bound) - Volume 121, Part 5 (March 5, 1975 to March 13, 1975)","Congressional Record (Bound Edition). Thursday, March 13, 1975.",https://www.govinfo.gov/app/details/GPO-CRECB-1975-pt5,https://www.govinfo.gov/content/pkg/GPO-CRECB-1975-pt5/pdf/GPO-CRECB-1975-pt5.pdf,,,,,"13, 1975 (PAGES 5213 TO 6674) UNITED STATES GOVERNMENT PRINTING OFFICE, WASHINGTON, 1975 United States of America «rongrcssional Record PROCEEDINGS AND DEBATES OF THE 94th CONGRESS, FIRST SESSION HOUSE OF REPRESENTATIVES-Wednesday, March 5, 1975 The House met at 12 o'clock noon. The Chaplain, Rev. Edward G. Latch, D.D., offered the following prayer...",
60,GPO,GPO-CRECB-1975-pt4,,"Volume 121, Part 4 (February 22, 1975 to March 4, 1975)","121 Cong. Rec. (Bound) - Volume 121, Part 4 (February 22, 1975 to March 4, 1975)","Congressional Record (Bound Edition). Tuesday, March 4, 1975.",https://www.govinfo.gov/app/details/GPO-CRECB-1975-pt4,https://www.govinfo.gov/content/pkg/GPO-CRECB-1975-pt4/pdf/GPO-CRECB-1975-pt4.pdf,,,,,"TO 5212) UNITED STATES GOVERNMENT PRINTING OFFICE, WASHINGTON, 1975 United States of America <tongrrssional 1Rrrord PROCEEDINGS AND DEBATES OF THE 94th CONGRESS, FIRST SESSION - SENATE-Saturday, February 22, 1975 <Legislative day of Friday, February 21, 1975 ) The Senate met at 10 a.m., on the expiration of the recess, and was called to order by ...",
61,GPO,GPO-CRECB-1975-pt3,,"Volume 121, Part 3 (February 6, 1975 to February 21, 1975)","121 Cong. Rec. (Bound) - Volume 121, Part 3 (February 6, 1975 to February 21, 1975)","Congressional Record (Bound Edition). Friday, February 21, 1975.",https://www.govinfo.gov/app/details/GPO-CRECB-1975-pt3,https://www.govinfo.gov/content/pkg/GPO-CRECB-1975-pt3/pdf/GPO-CRECB-1975-pt3.pdf,,,,,"FEBRUARY 21, 1975 (PAGES 2629 TO 3972) UNITED STATES GOVERNMENT PRINTING OFFICE, WASHINGTON, 1975 • -; United States of America (tongr£ssional REcord PROCEEDINGS AND DEBATES OF THE 94th CONGRESS, FIRST SESSION HOUSE OF REPRESENTATIVES-Thursday, February 6, 1975 The House met at 12 o'clock noon. The Chaplain, Rev. Edward D. Latch, D.D., offered ...",
62,GPO,GPO-CRECB-1975-pt2,,"Volume 121, Part 2 (January 27, 1975 to February 5, 1975)","121 Cong. Rec. (Bound) - Volume 121, Part 2 (January 27, 1975 to February 5, 1975)","Congressional Record (Bound Edition). Wednesday, February 5, 1975.",https://www.govinfo.gov/app/details/GPO-CRECB-1975-pt2,https://www.govinfo.gov/content/pkg/GPO-CRECB-1975-pt2/pdf/GPO-CRECB-1975-pt2.pdf,,,,,"5, 1975 (PAGES 1285 TO 2628) UNITED STATES GOVERNMENT PRINTING OFFICE, WASHINGTON, 1975 United States of America <tong css ~ ai1R r PROCE;EDINGS AND. DEBATE·S OF THE 94th CONGRESS, FIRST SESSION ·HOUSE OF REPRESENTATIVES-Monday, January 27, 1975 The House met at 12 o'clock noon. The Chaplain, Rev. Edward G. Latch, offered the following prayer...",
63,GPO,GPO-CRECB-1975-pt1,,"Volume 121, Part 1 (January 14, 1975 to January 23, 1975)","121 Cong. Rec. (Bound) - Volume 121, Part 1 (January 14, 1975 to January 23, 1975)","Congressional Record (Bound Edition). Thursday, January 23, 1975.",https://www.govinfo.gov/app/details/GPO-CRECB-1975-pt1,https://www.govinfo.gov/content/pkg/GPO-CRECB-1975-pt1/pdf/GPO-CRECB-1975-pt1.pdf,,,,,"23, 1975 (PAGES 3 TO 1284) UNITED STATES GOVERNMENT PRINTING OFFICE, WASHINGTON, 1975 United States of America <iongrrssional Rrcord PROCEEDINGS .. AND DEBATES OF THE 94th CONGRESS, FIRST SESSION SENATE--Tuesday, January 14, 1975 The 14th day of January being the day prescribed by Public Law 93-553, 93d Congress, 2d session, for the meet- ...",